IDPersona,Telefono
1,5502359245
2,5592167926
3,5571891408
4,5565668100
5,5523700651
6,5554293282
7,5572491759
8,5593876501
9,5561469928
10,5527432308
11,5505488516
12,5528305043
13,5546239404
14,5522387695
15,5548507192
16,5565818247
17,5587840978
18,5588241353
19,5532091361
20,5546972730
21,5505750653
22,5590816072
23,5507656781
24,5560610175
25,5502647946
26,5502650808
27,5513337299
28,5523104739
29,5579719610
30,5510202873
31,5572128439
32,5592259895
33,5570529088
34,5581948781
35,5555440951
36,5506899086
37,5566061508
38,5558428198
39,5524073177
40,5584566987
41,5579729841
42,5504059766
43,5544620725
44,5514632242
45,5508114610
46,5521051473
47,5546178486
48,5532797256
49,5519716331
50,5520527468
51,5586867955
52,5500417197
53,5561870569
54,5545105083
55,5562904072
56,5571095362
57,5597568961
58,5503623101
59,5502251887
60,5554539250
61,5527872802
62,5509713099
63,5597391714
64,5504983026
65,5583330375
66,5535761462
67,5502054983
68,5568258588
69,5587851938
70,5565097738
71,5507304117
72,5594690567
73,5565351404
74,5529011607
75,5542974920
76,5555790326
77,5554544060
78,5563593378
79,5525612070
80,5525187085
81,5523278876
82,5541831348
83,5566926505
84,5580562572
85,5556350132
86,5597567557
87,5543006365
88,5505352611
89,5525510247
90,5506813329
91,5514997143
92,5513857394
93,5574517641
94,5532739996
95,5568834548
96,5530042775
97,5582913123
98,5582570822
99,5597927910
100,5539262191
