INSERT INTO Proveedor(IDPersona,Nombre,ApellidoPaterno,ApellidoMaterno,Nacimiento,RFC,Genero,InicioContrato,FinContrato,NumInt,NumExt,Calle,Colonia,CodigoPostal,Estado,Costo,Producto,Frecuencia) VALUES (1,'LUKA','SEVILLANO','ASCENCIO','1998-04-30','SEAL980430','F','2000-07-18','2019-03-12',129,85,'Av. de los Insurgentes Sur','Ctm X Culhuacan (U Hab)',11509,'Juarez',6033.12,'Medicina',3);
INSERT INTO Proveedor(IDPersona,Nombre,ApellidoPaterno,ApellidoMaterno,Nacimiento,RFC,Genero,InicioContrato,FinContrato,NumInt,NumExt,Calle,Colonia,CodigoPostal,Estado,Costo,Producto,Frecuencia) VALUES (2,'HORTENCIA','BELTRAN','CADENGO','1973-04-25','BECH730425','F','2002-05-02','2011-06-19',115,11,'James Sullivan','Jaime S Emiliano G',4951,'Batan Viejo (El Maestro)',8642.1,'Alimento',2);
INSERT INTO Proveedor(IDPersona,Nombre,ApellidoPaterno,ApellidoMaterno,Nacimiento,RFC,Genero,InicioContrato,FinContrato,NumInt,NumExt,Calle,Colonia,CodigoPostal,Estado,Costo,Producto,Frecuencia) VALUES (3,'JADE','DE LA PALMA','CHIMALPOPOCA','1971-07-11','DECJ710711','M','2008-04-28','2010-12-03',103,5,'Eje 2 Poniente Rio Tiber','Cuchilla De Padierna',5959,'Independencia San Ramon (U Hab)',5805.37,'Medicina',1);
INSERT INTO Proveedor(IDPersona,Nombre,ApellidoPaterno,ApellidoMaterno,Nacimiento,RFC,Genero,InicioContrato,FinContrato,NumInt,NumExt,Calle,Colonia,CodigoPostal,Estado,Costo,Producto,Frecuencia) VALUES (4,'NAOMI','NEMER','FIALLO','1986-07-11','NEFN860711','F','2009-10-05','2015-12-04',39,70,'Av. Zacatepetl','San Lucas (Barr)',4556,'Romero De Terreros (Cond)',5615.71,'Alimento',3);
INSERT INTO Proveedor(IDPersona,Nombre,ApellidoPaterno,ApellidoMaterno,Nacimiento,RFC,Genero,InicioContrato,FinContrato,NumInt,NumExt,Calle,Colonia,CodigoPostal,Estado,Costo,Producto,Frecuencia) VALUES (5,'ESLI','MENCHACA','VALLEJON','1987-06-24','MEVE870624','M','2007-09-20','2022-08-20',108,155,'Eje 10A Sur Av. Universidad','Agricola Oriental Viii',7376,'Santa Maria Aztahuacan (Ej)',5084.81,'Medicina',3);
INSERT INTO Proveedor(IDPersona,Nombre,ApellidoPaterno,ApellidoMaterno,Nacimiento,RFC,Genero,InicioContrato,FinContrato,NumInt,NumExt,Calle,Colonia,CodigoPostal,Estado,Costo,Producto,Frecuencia) VALUES (6,'NATHALIA','CAJUN','VERTTI','1999-03-25','CAVN990325','M','2005-09-19','2021-03-16',121,97,'Eje 4 Sur Prolongacion Plutarco Elias Calles','Tenorios (Ampl)',14918,'Nonoalco-Tlatelolco (U Hab)',6372.14,'Alimento',3);
INSERT INTO Proveedor(IDPersona,Nombre,ApellidoPaterno,ApellidoMaterno,Nacimiento,RFC,Genero,InicioContrato,FinContrato,NumInt,NumExt,Calle,Colonia,CodigoPostal,Estado,Costo,Producto,Frecuencia) VALUES (7,'COSME','RACHED','MULATO','1999-12-16','RAMC991216','F','2010-05-14','2022-08-24',145,129,'Eje 3 Poniente Amores','Huasipungo (U Hab)',9330,'Morales Seccion Palmas (Polanco)',10392.95,'Alimento',2);
INSERT INTO Proveedor(IDPersona,Nombre,ApellidoPaterno,ApellidoMaterno,Nacimiento,RFC,Genero,InicioContrato,FinContrato,NumInt,NumExt,Calle,Colonia,CodigoPostal,Estado,Costo,Producto,Frecuencia) VALUES (8,'ARALY','TAMEZ','ASENCION','1988-12-12','TAAA881212','F','2009-12-05','2017-01-18',50,15,'Av. Ejercito Nacional Mexicano','Juristas',11405,'Los  Encinos',12774.75,'Alimento',3);
INSERT INTO Proveedor(IDPersona,Nombre,ApellidoPaterno,ApellidoMaterno,Nacimiento,RFC,Genero,InicioContrato,FinContrato,NumInt,NumExt,Calle,Colonia,CodigoPostal,Estado,Costo,Producto,Frecuencia) VALUES (9,'DOLLY','RIEGO','MURCIA','1967-01-17','RIMD670117','M','2002-03-02','2018-12-28',131,136,'Eje 3 Norte Av. Cuitlahuac','La Joya',9211,'San Antonio Culhuacan (Barr)',5409.07,'Alimento',2);
INSERT INTO Proveedor(IDPersona,Nombre,ApellidoPaterno,ApellidoMaterno,Nacimiento,RFC,Genero,InicioContrato,FinContrato,NumInt,NumExt,Calle,Colonia,CodigoPostal,Estado,Costo,Producto,Frecuencia) VALUES (10,'KENIA','RICARIO','AGUSTIMIANO','1987-01-26','RIAK870126','M','2000-05-16','2022-05-21',75,172,'Av. Ejercito Nacional Mexicano','Atocpa',10677,'Granjas Esmeralda',14596.18,'Medicina',3);
INSERT INTO Proveedor(IDPersona,Nombre,ApellidoPaterno,ApellidoMaterno,Nacimiento,RFC,Genero,InicioContrato,FinContrato,NumInt,NumExt,Calle,Colonia,CodigoPostal,Estado,Costo,Producto,Frecuencia) VALUES (11,'TAILI','NERY','MIXTEGA','1985-08-17','NEMT850817','M','2001-11-01','2019-08-03',20,75,'Molino del Rey','Nueva España',11435,'La Santisima (Barr)',9883.99,'Alimento',1);
INSERT INTO Proveedor(IDPersona,Nombre,ApellidoPaterno,ApellidoMaterno,Nacimiento,RFC,Genero,InicioContrato,FinContrato,NumInt,NumExt,Calle,Colonia,CodigoPostal,Estado,Costo,Producto,Frecuencia) VALUES (12,'TANNYA','BEULO','MIRNA','1965-01-21','BEMT650121','F','2006-04-23','2013-05-16',74,158,'Av. Juan de Dios Batiz','Na Hal Ti (U Hab)',8702,'Camino A San Juan De Aragon (Pblo)',7904.07,'Alimento',2);
INSERT INTO Proveedor(IDPersona,Nombre,ApellidoPaterno,ApellidoMaterno,Nacimiento,RFC,Genero,InicioContrato,FinContrato,NumInt,NumExt,Calle,Colonia,CodigoPostal,Estado,Costo,Producto,Frecuencia) VALUES (13,'ELEAZAR','ABAZAN','TOME','1989-06-23','ABTE890623','F','2004-06-27','2015-04-18',94,135,'Av. 3-A','Ramos Millan Bramadero',15797,'San Bartolo Cahualtongo (Pblo)',7042.22,'Medicina',1);
INSERT INTO Proveedor(IDPersona,Nombre,ApellidoPaterno,ApellidoMaterno,Nacimiento,RFC,Genero,InicioContrato,FinContrato,NumInt,NumExt,Calle,Colonia,CodigoPostal,Estado,Costo,Producto,Frecuencia) VALUES (14,'HORUS','Y YAM','FERRERA','1966-04-16','Y FH660416','F','2001-06-30','2015-05-26',19,138,'Eje 2A Sur Francisco Javier Clavijero','Villas Azcapotzalco (U Hab)',9614,'Parajes Buenavista (Tetecon)',12778.79,'Medicina',1);
INSERT INTO Proveedor(IDPersona,Nombre,ApellidoPaterno,ApellidoMaterno,Nacimiento,RFC,Genero,InicioContrato,FinContrato,NumInt,NumExt,Calle,Colonia,CodigoPostal,Estado,Costo,Producto,Frecuencia) VALUES (15,'JOSEHP','PELAYO','ORDOÑEZ','1996-06-27','PEOJ960627','M','2007-01-14','2021-12-30',78,105,'Eje 3 Oriente Francisco del Paso y Troncoso','Ojo De Agua',7434,'Mirador',9284.47,'Alimento',2);
INSERT INTO Proveedor(IDPersona,Nombre,ApellidoPaterno,ApellidoMaterno,Nacimiento,RFC,Genero,InicioContrato,FinContrato,NumInt,NumExt,Calle,Colonia,CodigoPostal,Estado,Costo,Producto,Frecuencia) VALUES (16,'SKARLETH','SUNZA','SAUZA','1990-06-12','SUSS900612','M','2001-03-22','2015-05-25',126,117,'Eje 3 Sur Dr. Ignacio Morones Prieto','Jose Lopez Portillo',9843,'San Lorenzo Atemoaya (Pblo)',9582.17,'Alimento',1);
INSERT INTO Proveedor(IDPersona,Nombre,ApellidoPaterno,ApellidoMaterno,Nacimiento,RFC,Genero,InicioContrato,FinContrato,NumInt,NumExt,Calle,Colonia,CodigoPostal,Estado,Costo,Producto,Frecuencia) VALUES (17,'HARUMI','CANELA','NONATO','1971-05-22','CANH710522','F','2003-09-11','2013-10-18',45,114,'Eje 9 Sur Miguel Angel de Quevedo','San Jose Obrero',10076,'San Pedro Zacatenco (Pblo)',11201.4,'Medicina',1);
INSERT INTO Proveedor(IDPersona,Nombre,ApellidoPaterno,ApellidoMaterno,Nacimiento,RFC,Genero,InicioContrato,FinContrato,NumInt,NumExt,Calle,Colonia,CodigoPostal,Estado,Costo,Producto,Frecuencia) VALUES (18,'NEREIDA','BORUNDA','TUT','1990-01-03','BOTN900103','F','2007-06-16','2011-05-25',33,84,'Eje 1 Oriente Vidal Alcocer','Aviacion Civil (Ampl)',3104,'San Mateo (Barr)',11117.99,'Alimento',2);
INSERT INTO Proveedor(IDPersona,Nombre,ApellidoPaterno,ApellidoMaterno,Nacimiento,RFC,Genero,InicioContrato,FinContrato,NumInt,NumExt,Calle,Colonia,CodigoPostal,Estado,Costo,Producto,Frecuencia) VALUES (19,'HANNA','SERRALTA','CALIXTRO','1986-01-21','SECH860121','F','2007-11-20','2014-08-27',26,123,'Anillo Periferico Boulevard Manuel Avila Camacho','Cocoyotes (Ampl)',7848,'Zotoltitla',6522.71,'Alimento',1);
INSERT INTO Proveedor(IDPersona,Nombre,ApellidoPaterno,ApellidoMaterno,Nacimiento,RFC,Genero,InicioContrato,FinContrato,NumInt,NumExt,Calle,Colonia,CodigoPostal,Estado,Costo,Producto,Frecuencia) VALUES (20,'MARLO','DE COSS','URQUIN','1985-03-25','DEUM850325','M','2008-03-29','2015-01-11',75,90,'Prolongacion Bosques de la Reforma','Los Angeles Apanoaya',1965,'Santa Anita',10410.74,'Medicina',2);
INSERT INTO Proveedor(IDPersona,Nombre,ApellidoPaterno,ApellidoMaterno,Nacimiento,RFC,Genero,InicioContrato,FinContrato,NumInt,NumExt,Calle,Colonia,CodigoPostal,Estado,Costo,Producto,Frecuencia) VALUES (21,'NIKOOL','CALIHUA','GRANIEL','1988-07-10','CAGN880710','M','2000-03-14','2014-04-11',84,131,'Eje 5 Norte Cantera','Corpus Christy',14155,'Na Hal Ti (U Hab)',9311.21,'Alimento',2);
INSERT INTO Proveedor(IDPersona,Nombre,ApellidoPaterno,ApellidoMaterno,Nacimiento,RFC,Genero,InicioContrato,FinContrato,NumInt,NumExt,Calle,Colonia,CodigoPostal,Estado,Costo,Producto,Frecuencia) VALUES (22,'KARIN','MULATO','Y ORTEGA','1993-02-09','MUYK930209','M','2008-12-04','2015-05-19',48,44,'Av. Marina Nacional','San Francisco Tlalnepantla (Pblo)',12654,'Olimpica',8691.45,'Medicina',3);
INSERT INTO Proveedor(IDPersona,Nombre,ApellidoPaterno,ApellidoMaterno,Nacimiento,RFC,Genero,InicioContrato,FinContrato,NumInt,NumExt,Calle,Colonia,CodigoPostal,Estado,Costo,Producto,Frecuencia) VALUES (23,'MARLON','ROMANO','AC','1985-07-23','ROAM850723','F','2001-11-22','2021-05-02',16,19,'Av. Industria Militar','Indeco (U Hab)',13097,'Manuel Rivera Anaya Croc  (U Hab)',11861.72,'Medicina',3);
INSERT INTO Proveedor(IDPersona,Nombre,ApellidoPaterno,ApellidoMaterno,Nacimiento,RFC,Genero,InicioContrato,FinContrato,NumInt,NumExt,Calle,Colonia,CodigoPostal,Estado,Costo,Producto,Frecuencia) VALUES (24,'EVERARDO','MONTAÑEZ','ALMONACI','1984-08-11','MOAE840811','F','2010-05-25','2017-05-21',121,64,'Eje 6 Sur Angel Urraza','San Juan Tlihuaca (Pblo)',7902,'Popo (Ampl)',13791.63,'Medicina',1);
INSERT INTO Proveedor(IDPersona,Nombre,ApellidoPaterno,ApellidoMaterno,Nacimiento,RFC,Genero,InicioContrato,FinContrato,NumInt,NumExt,Calle,Colonia,CodigoPostal,Estado,Costo,Producto,Frecuencia) VALUES (25,'SALOMON','MEGCHUN','LINARTE','1981-02-17','MELS810217','M','2007-04-01','2012-06-23',140,144,'Av. Zacatepetl','Emancipacion Del Pueblo (U Hab)',1096,'Guadalupe Insurgentes',5200.92,'Alimento',1);
INSERT INTO Proveedor(IDPersona,Nombre,ApellidoPaterno,ApellidoMaterno,Nacimiento,RFC,Genero,InicioContrato,FinContrato,NumInt,NumExt,Calle,Colonia,CodigoPostal,Estado,Costo,Producto,Frecuencia) VALUES (26,'ANETH','AVELLA','MARCELINA','1999-04-19','AVMA990419','F','2000-11-20','2017-12-28',102,90,'Eje 3 Oriente Calzada Gral. Ignacio Zaragoza','Pasteros',15564,'Cuatro Arboles',14214.1,'Alimento',3);
INSERT INTO Proveedor(IDPersona,Nombre,ApellidoPaterno,ApellidoMaterno,Nacimiento,RFC,Genero,InicioContrato,FinContrato,NumInt,NumExt,Calle,Colonia,CodigoPostal,Estado,Costo,Producto,Frecuencia) VALUES (27,'BRITANY','ORAN','BARNET','1991-07-12','ORBB910712','M','2002-06-18','2012-12-09',53,18,'Eje 3 Norte 16 de Septiembre','Narvarte',4775,'El Arbolillo 1 (U Hab)',14723.01,'Alimento',2);
INSERT INTO Proveedor(IDPersona,Nombre,ApellidoPaterno,ApellidoMaterno,Nacimiento,RFC,Genero,InicioContrato,FinContrato,NumInt,NumExt,Calle,Colonia,CodigoPostal,Estado,Costo,Producto,Frecuencia) VALUES (28,'PATRIK','CALERO','SARTIAGUIN','1992-03-18','CASP920318','M','2006-08-13','2015-09-01',62,172,'Calzada General Ignacio Zaragoza','Irrigacion',7616,'Transito',10850.78,'Medicina',1);
INSERT INTO Proveedor(IDPersona,Nombre,ApellidoPaterno,ApellidoMaterno,Nacimiento,RFC,Genero,InicioContrato,FinContrato,NumInt,NumExt,Calle,Colonia,CodigoPostal,Estado,Costo,Producto,Frecuencia) VALUES (29,'CHRISTELLE','ALVA','ARMIENTA','1996-04-06','ALAC960406','F','2003-01-25','2018-07-24',92,49,'Camino a Nativitas','Los Gamitos',9058,'Barrio Oxtopulco Universidad',7277.73,'Medicina',2);
INSERT INTO Proveedor(IDPersona,Nombre,ApellidoPaterno,ApellidoMaterno,Nacimiento,RFC,Genero,InicioContrato,FinContrato,NumInt,NumExt,Calle,Colonia,CodigoPostal,Estado,Costo,Producto,Frecuencia) VALUES (30,'LENYN','ESPAÑA','MELCHI','1998-03-26','ESML980326','F','2007-10-18','2019-09-05',87,154,'Av. Ceylan','Belvedere',5026,'Tres Estrellas',15256.1,'Alimento',3);
INSERT INTO Proveedor(IDPersona,Nombre,ApellidoPaterno,ApellidoMaterno,Nacimiento,RFC,Genero,InicioContrato,FinContrato,NumInt,NumExt,Calle,Colonia,CodigoPostal,Estado,Costo,Producto,Frecuencia) VALUES (31,'ANTOINE','BRIBIESCAS','HUARACHA','2001-04-20','BRHA010420','F','2008-01-15','2017-10-09',48,3,'Av. Oceania','San Salvador Cuauhtenco (Pblo)',6118,'Moctezuma 1a Seccion',11708.3,'Alimento',2);
INSERT INTO Proveedor(IDPersona,Nombre,ApellidoPaterno,ApellidoMaterno,Nacimiento,RFC,Genero,InicioContrato,FinContrato,NumInt,NumExt,Calle,Colonia,CodigoPostal,Estado,Costo,Producto,Frecuencia) VALUES (32,'ARIANE','DEFERIA','BENITO','1979-04-03','DEBA790403','F','2003-04-28','2019-03-31',11,41,'Eje 1A Sur Av. Chapultepec','Parque Residencial San Antonio (U Hab)',1159,'Ecologica Novedades Impacto (U Hab)',9441.73,'Alimento',1);
INSERT INTO Proveedor(IDPersona,Nombre,ApellidoPaterno,ApellidoMaterno,Nacimiento,RFC,Genero,InicioContrato,FinContrato,NumInt,NumExt,Calle,Colonia,CodigoPostal,Estado,Costo,Producto,Frecuencia) VALUES (33,'ANAELI','MAGADAN','LAVENANT','2004-03-31','MALA040331','F','2007-10-07','2015-04-13',111,181,'Eje 7 Sur Extremadura','Piloto (Adolfo Lopez Mateos)',12158,'Nueva Generacion 103',13668.09,'Alimento',1);
INSERT INTO Proveedor(IDPersona,Nombre,ApellidoPaterno,ApellidoMaterno,Nacimiento,RFC,Genero,InicioContrato,FinContrato,NumInt,NumExt,Calle,Colonia,CodigoPostal,Estado,Costo,Producto,Frecuencia) VALUES (34,'ISMERAI','RESCALVO','XULUC','1996-08-16','REXI960816','F','2009-06-05','2016-11-15',52,80,'Eje 2A Sur San Luis Potosi','Minerva',1472,'La Pera Xochinahuac (U Hab)',10853.86,'Medicina',2);
INSERT INTO Proveedor(IDPersona,Nombre,ApellidoPaterno,ApellidoMaterno,Nacimiento,RFC,Genero,InicioContrato,FinContrato,NumInt,NumExt,Calle,Colonia,CodigoPostal,Estado,Costo,Producto,Frecuencia) VALUES (35,'EILEN','LOMAN','LIGONIO','1998-02-18','LOLE980218','F','2007-05-04','2023-07-11',103,58,'Circuito Interior Boulevard Puerto Aereo','Tempiluli',1309,'Santa Fe Km 8.5',9777.38,'Alimento',2);
INSERT INTO Proveedor(IDPersona,Nombre,ApellidoPaterno,ApellidoMaterno,Nacimiento,RFC,Genero,InicioContrato,FinContrato,NumInt,NumExt,Calle,Colonia,CodigoPostal,Estado,Costo,Producto,Frecuencia) VALUES (36,'JESICA','L','LIVERA','1966-06-12','LLJ660612','M','2008-01-19','2020-12-21',96,158,'Eje 1A Sur Jose Maria Izazaga','Infonavit (U Hab)',1378,'Pedregal De Sto Domingo Iv',10942.2,'Alimento',2);
INSERT INTO Proveedor(IDPersona,Nombre,ApellidoPaterno,ApellidoMaterno,Nacimiento,RFC,Genero,InicioContrato,FinContrato,NumInt,NumExt,Calle,Colonia,CodigoPostal,Estado,Costo,Producto,Frecuencia) VALUES (37,'ATZURI','OCAÑO','OTAÑEZ','1968-11-06','OCOA681106','M','2003-12-16','2013-10-21',71,155,'Calzada Coyuya','San Miguel  Xicalco (Pblo)',13574,'Atlampa',7244.3,'Medicina',3);
INSERT INTO Proveedor(IDPersona,Nombre,ApellidoPaterno,ApellidoMaterno,Nacimiento,RFC,Genero,InicioContrato,FinContrato,NumInt,NumExt,Calle,Colonia,CodigoPostal,Estado,Costo,Producto,Frecuencia) VALUES (38,'FIORELLA','ESTEBANEZ','ELENES','2001-03-27','ESEF010327','M','2008-03-26','2017-12-19',143,27,'Av. Altavista','Presidente Madero (U Hab)',10264,'Lomas De Plateros (U Hab)',6575.27,'Alimento',2);
INSERT INTO Proveedor(IDPersona,Nombre,ApellidoPaterno,ApellidoMaterno,Nacimiento,RFC,Genero,InicioContrato,FinContrato,NumInt,NumExt,Calle,Colonia,CodigoPostal,Estado,Costo,Producto,Frecuencia) VALUES (39,'ABIGAIL','ATECPANECATL','MOO','1965-01-05','ATMA650105','F','2006-10-06','2016-09-23',77,35,'Eje 1 Oriente Mariano Arista','San Antonio (Fracc)',10162,'Cañada Del Olivar (U Hab)',14749.11,'Alimento',3);
INSERT INTO Proveedor(IDPersona,Nombre,ApellidoPaterno,ApellidoMaterno,Nacimiento,RFC,Genero,InicioContrato,FinContrato,NumInt,NumExt,Calle,Colonia,CodigoPostal,Estado,Costo,Producto,Frecuencia) VALUES (40,'RUT','TISNADO','MAAS','1969-08-01','TIMR690801','F','2003-05-29','2020-08-29',11,181,'Año de Juarez','Valle De Luces (U Hab)',6885,'Canal Once (U Hab)',13045.25,'Alimento',3);
INSERT INTO Proveedor(IDPersona,Nombre,ApellidoPaterno,ApellidoMaterno,Nacimiento,RFC,Genero,InicioContrato,FinContrato,NumInt,NumExt,Calle,Colonia,CodigoPostal,Estado,Costo,Producto,Frecuencia) VALUES (41,'KERIN','NORATO','PIÑUELAS','1992-08-13','NOPK920813','M','2005-01-23','2017-12-13',45,102,'Eje 4 Sur Av. Te','Culhuacan (Pblo)',8362,'Mexico Nuevo',5185.45,'Medicina',3);
INSERT INTO Proveedor(IDPersona,Nombre,ApellidoPaterno,ApellidoMaterno,Nacimiento,RFC,Genero,InicioContrato,FinContrato,NumInt,NumExt,Calle,Colonia,CodigoPostal,Estado,Costo,Producto,Frecuencia) VALUES (42,'NATASHA','CORREO','BLANDO','1995-06-03','COBN950603','F','2001-04-25','2015-04-25',67,175,'Eje 3 Norte Angel Albino Corzo','Guadalupe Tepeyac',9635,'Potrerillo (Ampl)',5446.55,'Alimento',3);
INSERT INTO Proveedor(IDPersona,Nombre,ApellidoPaterno,ApellidoMaterno,Nacimiento,RFC,Genero,InicioContrato,FinContrato,NumInt,NumExt,Calle,Colonia,CodigoPostal,Estado,Costo,Producto,Frecuencia) VALUES (43,'ROMANE','ESCALONA','ABITIA','1972-04-23','ESAR720423','F','2007-03-07','2015-07-09',7,126,'Eje 2 Norte Canal del Norte','Jardines Tecma',12049,'San Salvador Cuauhtenco (Pblo)',15826.97,'Alimento',2);
INSERT INTO Proveedor(IDPersona,Nombre,ApellidoPaterno,ApellidoMaterno,Nacimiento,RFC,Genero,InicioContrato,FinContrato,NumInt,NumExt,Calle,Colonia,CodigoPostal,Estado,Costo,Producto,Frecuencia) VALUES (44,'ASENET','TINAJERO','ESTEBANEZ','1979-11-04','TIEA791104','F','2005-09-03','2014-11-20',118,136,'Canal Nacional','Bella Vista',13433,'Prado Coapa 2a Seccion',14448.82,'Alimento',3);
INSERT INTO Proveedor(IDPersona,Nombre,ApellidoPaterno,ApellidoMaterno,Nacimiento,RFC,Genero,InicioContrato,FinContrato,NumInt,NumExt,Calle,Colonia,CodigoPostal,Estado,Costo,Producto,Frecuencia) VALUES (45,'AHMED','MOYSEN','MAPEL','1988-02-10','MOMA880210','F','2009-07-15','2017-10-13',136,94,'Eje Central Av. del Iman','Sinatel (Ampl)',11386,'Graciano Sanchez',6296.86,'Medicina',3);
INSERT INTO Proveedor(IDPersona,Nombre,ApellidoPaterno,ApellidoMaterno,Nacimiento,RFC,Genero,InicioContrato,FinContrato,NumInt,NumExt,Calle,Colonia,CodigoPostal,Estado,Costo,Producto,Frecuencia) VALUES (46,'CHELSEE','BRISEÑO','CAPORAL','1999-01-26','BRCC990126','M','2009-11-06','2015-01-24',46,136,'Cumbres de Maltrata','San Marcos (Barr)',2881,'Portal Del Sol',13997.57,'Medicina',3);
INSERT INTO Proveedor(IDPersona,Nombre,ApellidoPaterno,ApellidoMaterno,Nacimiento,RFC,Genero,InicioContrato,FinContrato,NumInt,NumExt,Calle,Colonia,CodigoPostal,Estado,Costo,Producto,Frecuencia) VALUES (47,'LEVI','MINDER','ECHAURI','1990-08-31','MIEL900831','F','2008-10-29','2017-05-19',83,68,'Av. Oceania','Merced Balbuena',9265,'Milpa Del Cedro',12769.41,'Alimento',2);
INSERT INTO Proveedor(IDPersona,Nombre,ApellidoPaterno,ApellidoMaterno,Nacimiento,RFC,Genero,InicioContrato,FinContrato,NumInt,NumExt,Calle,Colonia,CodigoPostal,Estado,Costo,Producto,Frecuencia) VALUES (48,'ROSENDA','ROSSETE','ALEJANDRI','1969-12-06','ROAR691206','F','2006-02-21','2015-07-08',67,25,'Paseo de la Reforma','San Lorenzo Acopilco (Pblo)',11451,'Residencial Maria Isabel',8806.36,'Alimento',3);
INSERT INTO Proveedor(IDPersona,Nombre,ApellidoPaterno,ApellidoMaterno,Nacimiento,RFC,Genero,InicioContrato,FinContrato,NumInt,NumExt,Calle,Colonia,CodigoPostal,Estado,Costo,Producto,Frecuencia) VALUES (49,'SORA','ESCORCIA','HERNANDEZ','1995-12-08','ESHS951208','M','2003-01-04','2011-08-02',94,181,'Via Expres TAPO','Moctezuma 1a Seccion',15397,'Real Del Monte',8996.26,'Alimento',2);
INSERT INTO Proveedor(IDPersona,Nombre,ApellidoPaterno,ApellidoMaterno,Nacimiento,RFC,Genero,InicioContrato,FinContrato,NumInt,NumExt,Calle,Colonia,CodigoPostal,Estado,Costo,Producto,Frecuencia) VALUES (50,'NERIK','COCOTLE','CAÑEDO','1974-12-26','COCN741226','F','2004-03-16','2022-06-02',50,80,'Eje 4 Norte Mimosas','La Asuncion (Barr)',5228,'Nueva Atzacoalco',12066.22,'Alimento',2);
INSERT INTO Proveedor(IDPersona,Nombre,ApellidoPaterno,ApellidoMaterno,Nacimiento,RFC,Genero,InicioContrato,FinContrato,NumInt,NumExt,Calle,Colonia,CodigoPostal,Estado,Costo,Producto,Frecuencia) VALUES (51,'ANALY','PORTUGAL','DEL PILAR','2001-10-25','PODA011025','M','2010-06-06','2020-01-14',70,183,'Av. Rio de Tacubaya','Cuitlahuac (U Hab)',10394,'Mexicaltzingo (Pblo)',9778.14,'Medicina',2);
INSERT INTO Proveedor(IDPersona,Nombre,ApellidoPaterno,ApellidoMaterno,Nacimiento,RFC,Genero,InicioContrato,FinContrato,NumInt,NumExt,Calle,Colonia,CodigoPostal,Estado,Costo,Producto,Frecuencia) VALUES (52,'JANE','TRUJANO','RIOFRIO','2001-10-21','TRRJ011021','F','2001-01-12','2013-05-29',39,31,'Av. Ferrocarril San Rafael Atlixco','Jardines Del Sur',2212,'Lomas De  Padierna',12507.5,'Alimento',1);
INSERT INTO Proveedor(IDPersona,Nombre,ApellidoPaterno,ApellidoMaterno,Nacimiento,RFC,Genero,InicioContrato,FinContrato,NumInt,NumExt,Calle,Colonia,CodigoPostal,Estado,Costo,Producto,Frecuencia) VALUES (53,'SERGI','QUI','GODINEZ','1968-02-27','QUGS680227','M','2005-07-14','2020-07-05',5,23,'Eje 4 Sur Benjamin Franklin','Rincon Del Bosque',13760,'Progreso Tlalpan',6590.35,'Medicina',3);
INSERT INTO Proveedor(IDPersona,Nombre,ApellidoPaterno,ApellidoMaterno,Nacimiento,RFC,Genero,InicioContrato,FinContrato,NumInt,NumExt,Calle,Colonia,CodigoPostal,Estado,Costo,Producto,Frecuencia) VALUES (54,'NOUR','SANTILLANEZ','GALERA','1965-10-21','SAGN651021','F','2002-12-11','2022-06-29',26,65,'Cumbres de Maltrata','La Forestal 1',2900,'El Rosario (Barr)',5068.4,'Medicina',2);
INSERT INTO Proveedor(IDPersona,Nombre,ApellidoPaterno,ApellidoMaterno,Nacimiento,RFC,Genero,InicioContrato,FinContrato,NumInt,NumExt,Calle,Colonia,CodigoPostal,Estado,Costo,Producto,Frecuencia) VALUES (55,'FROYLAN','MONTERREY','COLMENARES','1990-02-28','MOCF900228','M','2010-05-13','2022-06-09',73,38,'Eje 5 Sur Av. Circunvalacion','Infonavit (U Hab)',5840,'Santa Ines',12463.38,'Medicina',1);
INSERT INTO Proveedor(IDPersona,Nombre,ApellidoPaterno,ApellidoMaterno,Nacimiento,RFC,Genero,InicioContrato,FinContrato,NumInt,NumExt,Calle,Colonia,CodigoPostal,Estado,Costo,Producto,Frecuencia) VALUES (56,'ABY','PALANCARES','HEBREO','1972-09-07','PAHA720907','F','2006-02-03','2015-04-05',112,43,'Eje 3 Poniente Av. Colonia del Valle','Independencia',5891,'Narciso Mendoza-Villa',5618.27,'Alimento',1);
INSERT INTO Proveedor(IDPersona,Nombre,ApellidoPaterno,ApellidoMaterno,Nacimiento,RFC,Genero,InicioContrato,FinContrato,NumInt,NumExt,Calle,Colonia,CodigoPostal,Estado,Costo,Producto,Frecuencia) VALUES (57,'ARISHA','SILVEYRA','ARGUETA','1966-11-20','SIAA661120','M','2007-09-08','2017-10-23',120,29,'Boulevard Nuevo Leon','Alfalfar',1933,'Justo Sierra',7163.25,'Alimento',3);
INSERT INTO Proveedor(IDPersona,Nombre,ApellidoPaterno,ApellidoMaterno,Nacimiento,RFC,Genero,InicioContrato,FinContrato,NumInt,NumExt,Calle,Colonia,CodigoPostal,Estado,Costo,Producto,Frecuencia) VALUES (58,'JACOB','OAXACA','YAH','1985-01-08','OAYJ850108','M','2000-10-20','2021-12-15',90,75,'Av. Hidalgo','Agricola Oriental Iv',7986,'Lomas De Centenario (U Hab)',14508.67,'Alimento',2);
INSERT INTO Proveedor(IDPersona,Nombre,ApellidoPaterno,ApellidoMaterno,Nacimiento,RFC,Genero,InicioContrato,FinContrato,NumInt,NumExt,Calle,Colonia,CodigoPostal,Estado,Costo,Producto,Frecuencia) VALUES (59,'AZUSENA','GOLLAZ','CHOC','1984-11-16','GOCA841116','M','2002-07-11','2014-02-09',128,94,'Eje 2 Norte Av. Transvaal','Alcanfores (U Hab)',4837,'Aldana',6244.15,'Medicina',3);
INSERT INTO Proveedor(IDPersona,Nombre,ApellidoPaterno,ApellidoMaterno,Nacimiento,RFC,Genero,InicioContrato,FinContrato,NumInt,NumExt,Calle,Colonia,CodigoPostal,Estado,Costo,Producto,Frecuencia) VALUES (60,'EDU','ALBAREZ','SANTO','1971-05-19','ALSE710519','M','2000-12-17','2019-03-12',88,131,'Av. de los Insurgentes Norte','Esperanza',10006,'Petrolera',9733.71,'Alimento',3);
INSERT INTO Proveedor(IDPersona,Nombre,ApellidoPaterno,ApellidoMaterno,Nacimiento,RFC,Genero,InicioContrato,FinContrato,NumInt,NumExt,Calle,Colonia,CodigoPostal,Estado,Costo,Producto,Frecuencia) VALUES (61,'HASEL','PRUDENCIANO','MASTRANZO','1981-07-23','PRMH810723','F','2002-03-26','2018-10-16',73,111,'Eje 4 Sur Tehuantepec','Ignacio Allende',5578,'Granjas Estrella',13124.29,'Alimento',2);
INSERT INTO Proveedor(IDPersona,Nombre,ApellidoPaterno,ApellidoMaterno,Nacimiento,RFC,Genero,InicioContrato,FinContrato,NumInt,NumExt,Calle,Colonia,CodigoPostal,Estado,Costo,Producto,Frecuencia) VALUES (62,'LORETTA','UCO','ESCARREGA','1977-01-13','UCEL770113','M','2000-07-03','2015-11-09',11,117,'Av. Vasco de Quiroga','Azteca',4666,'Plazuela Del Pedregal',11285.8,'Medicina',1);
INSERT INTO Proveedor(IDPersona,Nombre,ApellidoPaterno,ApellidoMaterno,Nacimiento,RFC,Genero,InicioContrato,FinContrato,NumInt,NumExt,Calle,Colonia,CodigoPostal,Estado,Costo,Producto,Frecuencia) VALUES (63,'JOSHIMAR','GARRAFA','RUIZ','1982-12-12','GARJ821212','M','2001-12-26','2012-11-10',7,49,'Calzada Gral. Ignacio Zaragoza','La Concepcion (Barr)',1796,'El Prado',9566.6,'Medicina',3);
INSERT INTO Proveedor(IDPersona,Nombre,ApellidoPaterno,ApellidoMaterno,Nacimiento,RFC,Genero,InicioContrato,FinContrato,NumInt,NumExt,Calle,Colonia,CodigoPostal,Estado,Costo,Producto,Frecuencia) VALUES (64,'IKEER','MONTEJANO','COSTA','1966-12-25','MOCI661225','M','2009-04-09','2013-12-21',60,23,'Eje 10 Sur Av. Copilco','Petrolera Taxqueña',9713,'Pedregal De Sto Domingo Viii',8606.9,'Alimento',3);
INSERT INTO Proveedor(IDPersona,Nombre,ApellidoPaterno,ApellidoMaterno,Nacimiento,RFC,Genero,InicioContrato,FinContrato,NumInt,NumExt,Calle,Colonia,CodigoPostal,Estado,Costo,Producto,Frecuencia) VALUES (65,'BARUCK','MONTOR','NAHUACATL','2004-09-14','MONB040914','M','2001-04-08','2018-08-27',29,74,'Av. Aquiles Serdan','Country Club',4690,'Angel Zimbron',15120.95,'Alimento',3);
INSERT INTO Proveedor(IDPersona,Nombre,ApellidoPaterno,ApellidoMaterno,Nacimiento,RFC,Genero,InicioContrato,FinContrato,NumInt,NumExt,Calle,Colonia,CodigoPostal,Estado,Costo,Producto,Frecuencia) VALUES (66,'FRANCO','LARGO','CEFERINO','1991-01-03','LACF910103','F','2001-04-01','2013-07-10',51,50,'Eje 5 Sur Av. de las Torres','Popo (Ampl)',8603,'La Habana',14704.79,'Alimento',3);
INSERT INTO Proveedor(IDPersona,Nombre,ApellidoPaterno,ApellidoMaterno,Nacimiento,RFC,Genero,InicioContrato,FinContrato,NumInt,NumExt,Calle,Colonia,CodigoPostal,Estado,Costo,Producto,Frecuencia) VALUES (67,'LARA','PERDOMO','MARINES','1996-11-29','PEML961129','M','2000-12-26','2017-08-07',31,117,'Anillo Periferico Acueducto de Tenayuca','Barrio Oxtopulco Universidad',15991,'El Pocito',12297.78,'Alimento',1);
INSERT INTO Proveedor(IDPersona,Nombre,ApellidoPaterno,ApellidoMaterno,Nacimiento,RFC,Genero,InicioContrato,FinContrato,NumInt,NumExt,Calle,Colonia,CodigoPostal,Estado,Costo,Producto,Frecuencia) VALUES (68,'JEROME','LOPES','MUÑIZ','1996-08-27','LOMJ960827','M','2000-04-23','2013-11-16',45,185,'Calzada Chivatito','6 De Junio',12671,'Cerro Grande',7291.87,'Alimento',3);
INSERT INTO Proveedor(IDPersona,Nombre,ApellidoPaterno,ApellidoMaterno,Nacimiento,RFC,Genero,InicioContrato,FinContrato,NumInt,NumExt,Calle,Colonia,CodigoPostal,Estado,Costo,Producto,Frecuencia) VALUES (69,'LAWRENCE','PASAYE','QUISTIANO','1995-05-20','PAQL950520','F','2003-02-16','2020-09-21',26,84,'Eje 3 Norte 16 de Septiembre','San Lorenzo Tezonco  (U Hab)',5646,'Anahuac Dos Lagos',14409.21,'Medicina',1);
INSERT INTO Proveedor(IDPersona,Nombre,ApellidoPaterno,ApellidoMaterno,Nacimiento,RFC,Genero,InicioContrato,FinContrato,NumInt,NumExt,Calle,Colonia,CodigoPostal,Estado,Costo,Producto,Frecuencia) VALUES (70,'SIGRID','ANSELMO','LUGARDO','1994-10-22','ANLS941022','M','2004-07-05','2017-07-09',12,139,'Circuito Interior Paseo de las Jacarandas','Lomas De Puerta Grande',9497,'Presidentes 1ra (Ampl)',9240.28,'Alimento',3);
INSERT INTO Proveedor(IDPersona,Nombre,ApellidoPaterno,ApellidoMaterno,Nacimiento,RFC,Genero,InicioContrato,FinContrato,NumInt,NumExt,Calle,Colonia,CodigoPostal,Estado,Costo,Producto,Frecuencia) VALUES (71,'JUVENTINO','TARIN','BURGOIN','1993-11-27','TABJ931127','M','2007-08-10','2020-04-11',120,181,'Mazatlan','Union Popular Emiliano Zapata (U Hab)',6030,'Tlatilco (U Hab)',12482.28,'Alimento',2);
INSERT INTO Proveedor(IDPersona,Nombre,ApellidoPaterno,ApellidoMaterno,Nacimiento,RFC,Genero,InicioContrato,FinContrato,NumInt,NumExt,Calle,Colonia,CodigoPostal,Estado,Costo,Producto,Frecuencia) VALUES (72,'DULCINEA','RON','MONTORES','1967-10-17','ROMD671017','M','2001-03-27','2013-10-04',19,9,'Eje 3 Oriente Francisco del Paso y Troncoso','Jardines Del Pedregal',10802,'Villa De Aragon (Fracc)',11638.29,'Medicina',3);
INSERT INTO Proveedor(IDPersona,Nombre,ApellidoPaterno,ApellidoMaterno,Nacimiento,RFC,Genero,InicioContrato,FinContrato,NumInt,NumExt,Calle,Colonia,CodigoPostal,Estado,Costo,Producto,Frecuencia) VALUES (73,'NICOOLE','LINAREZ','NUÑEZ','1972-07-17','LINN720717','M','2009-11-30','2017-12-14',76,109,'Calzada Mexico Tacuba','Villa Milpa Alta (Pblo)',12610,'Carlos Hank Gonzalez',7330.11,'Alimento',2);
INSERT INTO Proveedor(IDPersona,Nombre,ApellidoPaterno,ApellidoMaterno,Nacimiento,RFC,Genero,InicioContrato,FinContrato,NumInt,NumExt,Calle,Colonia,CodigoPostal,Estado,Costo,Producto,Frecuencia) VALUES (74,'NURITH','SICAIROS','SIQUEIROS','1981-01-21','SISN810121','F','2002-03-03','2013-03-31',74,29,'Viaducto Rio de la Piedad','Pemex Prados Del Rosario (U Hab)',6972,'Miguel Aleman',8099.68,'Medicina',2);
INSERT INTO Proveedor(IDPersona,Nombre,ApellidoPaterno,ApellidoMaterno,Nacimiento,RFC,Genero,InicioContrato,FinContrato,NumInt,NumExt,Calle,Colonia,CodigoPostal,Estado,Costo,Producto,Frecuencia) VALUES (75,'ENNA','TECO','DE LA PARRA','1985-11-30','TEDE851130','F','2010-01-18','2010-12-21',82,18,'Eje 5 Norte Lic. Andres Henestrosa','Abraham Gonzalez',11307,'Ctm Ix Culhuacan Zona 29-30 (U Hab)',11528.6,'Alimento',3);
INSERT INTO Proveedor(IDPersona,Nombre,ApellidoPaterno,ApellidoMaterno,Nacimiento,RFC,Genero,InicioContrato,FinContrato,NumInt,NumExt,Calle,Colonia,CodigoPostal,Estado,Costo,Producto,Frecuencia) VALUES (76,'KATARA','BLAKE','GUERECA','1963-07-23','BLGK630723','F','2007-10-14','2017-07-13',62,132,'Av. Queretaro','Margarita M De Juarez',2539,'Chinampac De Juarez',6581.44,'Medicina',1);
INSERT INTO Proveedor(IDPersona,Nombre,ApellidoPaterno,ApellidoMaterno,Nacimiento,RFC,Genero,InicioContrato,FinContrato,NumInt,NumExt,Calle,Colonia,CodigoPostal,Estado,Costo,Producto,Frecuencia) VALUES (77,'SAORI','LUERA','LAU','1995-11-29','LULS951129','F','2001-09-28','2015-06-27',98,90,'Av. Acueducto de Guadalupe','Dos Rios',4918,'Emilio Portes Gil Pemex Picacho (U Hab)',14068.64,'Alimento',2);
INSERT INTO Proveedor(IDPersona,Nombre,ApellidoPaterno,ApellidoMaterno,Nacimiento,RFC,Genero,InicioContrato,FinContrato,NumInt,NumExt,Calle,Colonia,CodigoPostal,Estado,Costo,Producto,Frecuencia) VALUES (78,'ENYEL','BASTIDA','MENDIZABAL','1986-03-16','BAME860316','M','2008-09-12','2017-12-01',129,62,'5 de Mayo','Cerro Grande',2910,'Quetzalcoatl 3',8769.95,'Alimento',3);
INSERT INTO Proveedor(IDPersona,Nombre,ApellidoPaterno,ApellidoMaterno,Nacimiento,RFC,Genero,InicioContrato,FinContrato,NumInt,NumExt,Calle,Colonia,CodigoPostal,Estado,Costo,Producto,Frecuencia) VALUES (79,'CEDRIC','CANABAL','CARLOCK','1976-11-07','CACC761107','M','2006-10-06','2014-06-29',73,67,'Eje 3 Oriente Francisco del Paso y Troncoso','Sta Cruz Atoyac',3838,'Valentin Gomez Farias',5267.97,'Alimento',1);
INSERT INTO Proveedor(IDPersona,Nombre,ApellidoPaterno,ApellidoMaterno,Nacimiento,RFC,Genero,InicioContrato,FinContrato,NumInt,NumExt,Calle,Colonia,CodigoPostal,Estado,Costo,Producto,Frecuencia) VALUES (80,'YORLENI','DOÑU','ARCIQUE','1975-02-09','DOAY750209','F','2010-06-07','2018-04-25',83,186,'Eje 6 Norte 306','Zacahuitzco',6139,'Sn Juan  Tepeximilpa (Ampl)',12826.93,'Medicina',1);
INSERT INTO Proveedor(IDPersona,Nombre,ApellidoPaterno,ApellidoMaterno,Nacimiento,RFC,Genero,InicioContrato,FinContrato,NumInt,NumExt,Calle,Colonia,CodigoPostal,Estado,Costo,Producto,Frecuencia) VALUES (81,'YARETSI','FOSADO','BENITES','1967-03-28','FOBY670328','M','2010-07-30','2023-05-24',18,98,'Eje 2 Poniente Rio Tiber','Cuitlahuac 1 Y 2 (U Hab)',11544,'San Juan',9344.37,'Medicina',3);
INSERT INTO Proveedor(IDPersona,Nombre,ApellidoPaterno,ApellidoMaterno,Nacimiento,RFC,Genero,InicioContrato,FinContrato,NumInt,NumExt,Calle,Colonia,CodigoPostal,Estado,Costo,Producto,Frecuencia) VALUES (82,'JASER','MAGLAH','NIETO','1992-11-05','MANJ921105','M','2006-08-07','2015-03-29',49,150,'Eje 7 Sur Benvenuto Cellini','Industrial Puerto Aereo (Fracc)',15289,'Escuadron 201',13241.45,'Medicina',2);
INSERT INTO Proveedor(IDPersona,Nombre,ApellidoPaterno,ApellidoMaterno,Nacimiento,RFC,Genero,InicioContrato,FinContrato,NumInt,NumExt,Calle,Colonia,CodigoPostal,Estado,Costo,Producto,Frecuencia) VALUES (83,'JOSHUAN','PURATA','CHAVERO','1973-04-05','PUCJ730405','F','2005-11-11','2020-01-04',95,159,'Eje 5 Norte 5 de Febrero','San Francisco Apolocalco',5518,'Arturo Gamiz',8732.77,'Medicina',3);
INSERT INTO Proveedor(IDPersona,Nombre,ApellidoPaterno,ApellidoMaterno,Nacimiento,RFC,Genero,InicioContrato,FinContrato,NumInt,NumExt,Calle,Colonia,CodigoPostal,Estado,Costo,Producto,Frecuencia) VALUES (84,'IRVING','ARGAEZ','JARA','2000-02-26','ARJI000226','M','2004-07-21','2017-02-06',10,138,'Circuito Interior Av. Patriotismo','Ma Esther Zuno De Echeverria-Tlalpuente',9265,'Barrio Norte',5286.31,'Alimento',3);
INSERT INTO Proveedor(IDPersona,Nombre,ApellidoPaterno,ApellidoMaterno,Nacimiento,RFC,Genero,InicioContrato,FinContrato,NumInt,NumExt,Calle,Colonia,CodigoPostal,Estado,Costo,Producto,Frecuencia) VALUES (85,'ARIT','JACINTO','BALDOMERO','1987-05-25','JABA870525','F','2001-10-28','2023-06-05',112,101,'Paseo de la Reforma','Olivar De Los Padres',5349,'Atlamaya',5189.79,'Alimento',1);
INSERT INTO Proveedor(IDPersona,Nombre,ApellidoPaterno,ApellidoMaterno,Nacimiento,RFC,Genero,InicioContrato,FinContrato,NumInt,NumExt,Calle,Colonia,CodigoPostal,Estado,Costo,Producto,Frecuencia) VALUES (86,'JOEN','PITOL','WARD','1994-12-20','PIWJ941220','M','2000-11-16','2021-01-09',76,172,'Av. de las Civilizaciones','Emiliano Zapata',14462,'Villa Hermosa',15321.75,'Alimento',2);
INSERT INTO Proveedor(IDPersona,Nombre,ApellidoPaterno,ApellidoMaterno,Nacimiento,RFC,Genero,InicioContrato,FinContrato,NumInt,NumExt,Calle,Colonia,CodigoPostal,Estado,Costo,Producto,Frecuencia) VALUES (87,'ZELZIN','TABOADA','CHUNGA','2002-03-16','TACZ020316','M','2009-12-11','2016-04-17',72,6,'Eje 5 Norte Cantera','Romero Rubio',5145,'Zenon Delgado',6849.05,'Alimento',1);
INSERT INTO Proveedor(IDPersona,Nombre,ApellidoPaterno,ApellidoMaterno,Nacimiento,RFC,Genero,InicioContrato,FinContrato,NumInt,NumExt,Calle,Colonia,CodigoPostal,Estado,Costo,Producto,Frecuencia) VALUES (88,'ASGARD','CASTAÑEDA','BLASS','1980-07-16','CABA800716','M','2000-10-03','2023-01-17',97,111,'Av. Vito Alessio Robles','Lomas De  Padierna',7637,'Mosco Chinampa',13878.11,'Medicina',1);
INSERT INTO Proveedor(IDPersona,Nombre,ApellidoPaterno,ApellidoMaterno,Nacimiento,RFC,Genero,InicioContrato,FinContrato,NumInt,NumExt,Calle,Colonia,CodigoPostal,Estado,Costo,Producto,Frecuencia) VALUES (89,'JAANAI','TECPANECATL','CALLADO','2001-03-03','TECJ010303','F','2002-09-25','2016-12-09',107,135,'Canal de Miramontes','La Cañada',8856,'Los Cerrillos',5958.47,'Alimento',1);
INSERT INTO Proveedor(IDPersona,Nombre,ApellidoPaterno,ApellidoMaterno,Nacimiento,RFC,Genero,InicioContrato,FinContrato,NumInt,NumExt,Calle,Colonia,CodigoPostal,Estado,Costo,Producto,Frecuencia) VALUES (90,'XQUENDA','LABRADOR','CARRIZAL','1966-01-03','LACX660103','F','2006-11-15','2023-05-11',126,62,'Eje 4 Sur Gobernador Agustin Vicente Eguia','Ignacio Zaragoza',15268,'Potrero De San Bernardino',14650.98,'Alimento',2);
INSERT INTO Proveedor(IDPersona,Nombre,ApellidoPaterno,ApellidoMaterno,Nacimiento,RFC,Genero,InicioContrato,FinContrato,NumInt,NumExt,Calle,Colonia,CodigoPostal,Estado,Costo,Producto,Frecuencia) VALUES (91,'XIMENNA','BELMONT','MONTALVAN','1995-01-12','BEMX950112','F','2009-02-21','2014-06-26',13,44,'Eje 3 Oriente Francisco del Paso y Troncoso','Potrero De San Bernardino',15308,'Nueva Diaz Ordaz',10332.31,'Medicina',1);
INSERT INTO Proveedor(IDPersona,Nombre,ApellidoPaterno,ApellidoMaterno,Nacimiento,RFC,Genero,InicioContrato,FinContrato,NumInt,NumExt,Calle,Colonia,CodigoPostal,Estado,Costo,Producto,Frecuencia) VALUES (92,'KALIL','ONTAMUCHA','ECHEGARAY','1998-04-05','ONEK980405','F','2003-11-04','2020-10-04',81,159,'Eje 1 Sur Dr. Rio de la Loza','Palmas',11897,'San Pedro (Barr)',11926.93,'Alimento',1);
INSERT INTO Proveedor(IDPersona,Nombre,ApellidoPaterno,ApellidoMaterno,Nacimiento,RFC,Genero,InicioContrato,FinContrato,NumInt,NumExt,Calle,Colonia,CodigoPostal,Estado,Costo,Producto,Frecuencia) VALUES (93,'ARETZY','VILLASEÑOR','SANTOSCOY','1965-04-11','VISA650411','M','2010-03-11','2011-04-22',65,141,'Boulevard Miguel de Cervantes Saavedra','Zapote-Luis Donaldo Colosio (U Habs)',1332,'La Huerta',8852.77,'Alimento',3);
INSERT INTO Proveedor(IDPersona,Nombre,ApellidoPaterno,ApellidoMaterno,Nacimiento,RFC,Genero,InicioContrato,FinContrato,NumInt,NumExt,Calle,Colonia,CodigoPostal,Estado,Costo,Producto,Frecuencia) VALUES (94,'ROSELINE','REYNOSA','STENNER','2003-01-21','RESR030121','M','2001-08-19','2015-08-11',4,178,'Eje 3 Norte Alfredo Robles Dominguez','Guadalupe (Barr)',14052,'Residencial Los Pinos (U Hab)',15897.39,'Alimento',1);
INSERT INTO Proveedor(IDPersona,Nombre,ApellidoPaterno,ApellidoMaterno,Nacimiento,RFC,Genero,InicioContrato,FinContrato,NumInt,NumExt,Calle,Colonia,CodigoPostal,Estado,Costo,Producto,Frecuencia) VALUES (95,'JENNY','POPOCATL','SANTISTEBAN','2001-03-24','POSJ010324','F','2004-05-27','2021-12-04',76,100,'Eje 7 Sur Municipio Libre','Tepepan (Ampl)',6447,'El Molinito',15152.84,'Alimento',2);
INSERT INTO Proveedor(IDPersona,Nombre,ApellidoPaterno,ApellidoMaterno,Nacimiento,RFC,Genero,InicioContrato,FinContrato,NumInt,NumExt,Calle,Colonia,CodigoPostal,Estado,Costo,Producto,Frecuencia) VALUES (96,'JASON','BACAB','PUCH','2002-03-31','BAPJ020331','M','2007-02-11','2023-02-28',36,55,'Av. Rio San Joaquin','Minas De Cristo',1976,'Lomas De San Angel Inn',9336.15,'Medicina',2);
INSERT INTO Proveedor(IDPersona,Nombre,ApellidoPaterno,ApellidoMaterno,Nacimiento,RFC,Genero,InicioContrato,FinContrato,NumInt,NumExt,Calle,Colonia,CodigoPostal,Estado,Costo,Producto,Frecuencia) VALUES (97,'PAOLINA','JURADO','CUAMANI','2004-10-05','JUCP041005','M','2009-04-29','2022-11-25',98,5,'Plaza de la Constitucion','Los Cedros (Fracc)',7736,'Centro Urbano Tlalpan (U Hab)',5296.85,'Alimento',3);
INSERT INTO Proveedor(IDPersona,Nombre,ApellidoPaterno,ApellidoMaterno,Nacimiento,RFC,Genero,InicioContrato,FinContrato,NumInt,NumExt,Calle,Colonia,CodigoPostal,Estado,Costo,Producto,Frecuencia) VALUES (98,'ITAN','BARCENA','ALMEDA','1963-09-10','BAAI630910','M','2006-10-13','2020-07-13',32,63,'Av. Estanislao Ramirez Ruiz','El Toro',1677,'Pedregal De San Angel (Ampl)',11011.15,'Medicina',2);
INSERT INTO Proveedor(IDPersona,Nombre,ApellidoPaterno,ApellidoMaterno,Nacimiento,RFC,Genero,InicioContrato,FinContrato,NumInt,NumExt,Calle,Colonia,CodigoPostal,Estado,Costo,Producto,Frecuencia) VALUES (99,'CARIDAD','CARRO','COELLO','1989-07-19','CACC890719','F','2005-10-23','2011-08-27',125,195,'Eje 2 Sur Av. Alvaro Obregon','El Parque',15625,'Francisco Villa (Ejercito Constitucionalista)',8914.03,'Alimento',1);
INSERT INTO Proveedor(IDPersona,Nombre,ApellidoPaterno,ApellidoMaterno,Nacimiento,RFC,Genero,InicioContrato,FinContrato,NumInt,NumExt,Calle,Colonia,CodigoPostal,Estado,Costo,Producto,Frecuencia) VALUES (100,'XALLI','CENTENO','AYAR','1988-09-13','CEAX880913','M','2004-12-12','2017-05-26',124,45,'Av. Tezozomoc','El Rosario',9835,'La Malinche',15499.26,'Alimento',1);

INSERT INTO CorreoProveedor(IDPersona,Correo) VALUES (1,'tcorryer0@nbcnews.com');
INSERT INTO CorreoProveedor(IDPersona,Correo) VALUES (2,'mfrarey1@omniture.com');
INSERT INTO CorreoProveedor(IDPersona,Correo) VALUES (3,'mlonie2@so-net.ne.jp');
INSERT INTO CorreoProveedor(IDPersona,Correo) VALUES (4,'cpapaminas3@princeton.edu');
INSERT INTO CorreoProveedor(IDPersona,Correo) VALUES (5,'ljackling4@washington.edu');
INSERT INTO CorreoProveedor(IDPersona,Correo) VALUES (6,'odottrell5@flickr.com');
INSERT INTO CorreoProveedor(IDPersona,Correo) VALUES (7,'vmasedon6@oaic.gov.au');
INSERT INTO CorreoProveedor(IDPersona,Correo) VALUES (8,'mstirland7@ifeng.com');
INSERT INTO CorreoProveedor(IDPersona,Correo) VALUES (9,'kgribben8@comsenz.com');
INSERT INTO CorreoProveedor(IDPersona,Correo) VALUES (10,'shuntall9@admin.ch');
INSERT INTO CorreoProveedor(IDPersona,Correo) VALUES (11,'lmacphaila@ox.ac.uk');
INSERT INTO CorreoProveedor(IDPersona,Correo) VALUES (12,'wgainforthb@huffingtonpost.com');
INSERT INTO CorreoProveedor(IDPersona,Correo) VALUES (13,'tshimonc@nps.gov');
INSERT INTO CorreoProveedor(IDPersona,Correo) VALUES (14,'egreendaled@thetimes.co.uk');
INSERT INTO CorreoProveedor(IDPersona,Correo) VALUES (15,'padamsone@apache.org');
INSERT INTO CorreoProveedor(IDPersona,Correo) VALUES (16,'tplayhillf@google.com.hk');
INSERT INTO CorreoProveedor(IDPersona,Correo) VALUES (17,'fosiring@forbes.com');
INSERT INTO CorreoProveedor(IDPersona,Correo) VALUES (18,'kdunbletonh@wix.com');
INSERT INTO CorreoProveedor(IDPersona,Correo) VALUES (19,'soharei@eventbrite.com');
INSERT INTO CorreoProveedor(IDPersona,Correo) VALUES (20,'talyukinj@addthis.com');
INSERT INTO CorreoProveedor(IDPersona,Correo) VALUES (21,'cferneleyk@pbs.org');
INSERT INTO CorreoProveedor(IDPersona,Correo) VALUES (22,'jzupol@edublogs.org');
INSERT INTO CorreoProveedor(IDPersona,Correo) VALUES (23,'tanfossim@yellowpages.com');
INSERT INTO CorreoProveedor(IDPersona,Correo) VALUES (24,'mparelln@patch.com');
INSERT INTO CorreoProveedor(IDPersona,Correo) VALUES (25,'mivanshintsevo@prweb.com');
INSERT INTO CorreoProveedor(IDPersona,Correo) VALUES (26,'ubewp@squidoo.com');
INSERT INTO CorreoProveedor(IDPersona,Correo) VALUES (27,'mvlasyevq@omniture.com');
INSERT INTO CorreoProveedor(IDPersona,Correo) VALUES (28,'fissettr@163.com');
INSERT INTO CorreoProveedor(IDPersona,Correo) VALUES (29,'culyets@fc2.com');
INSERT INTO CorreoProveedor(IDPersona,Correo) VALUES (30,'ehawsbyt@irs.gov');
INSERT INTO CorreoProveedor(IDPersona,Correo) VALUES (31,'sisaacsu@pagesperso-orange.fr');
INSERT INTO CorreoProveedor(IDPersona,Correo) VALUES (32,'ksulterv@ning.com');
INSERT INTO CorreoProveedor(IDPersona,Correo) VALUES (33,'fpictonw@addthis.com');
INSERT INTO CorreoProveedor(IDPersona,Correo) VALUES (34,'aokinedyx@sohu.com');
INSERT INTO CorreoProveedor(IDPersona,Correo) VALUES (35,'jlimery@house.gov');
INSERT INTO CorreoProveedor(IDPersona,Correo) VALUES (36,'narnowiczz@discovery.com');
INSERT INTO CorreoProveedor(IDPersona,Correo) VALUES (37,'jchapelle10@nasa.gov');
INSERT INTO CorreoProveedor(IDPersona,Correo) VALUES (38,'mvelareal11@dropbox.com');
INSERT INTO CorreoProveedor(IDPersona,Correo) VALUES (39,'markcoll12@symantec.com');
INSERT INTO CorreoProveedor(IDPersona,Correo) VALUES (40,'sliggins13@purevolume.com');
INSERT INTO CorreoProveedor(IDPersona,Correo) VALUES (41,'ddelascy14@acquirethisname.com');
INSERT INTO CorreoProveedor(IDPersona,Correo) VALUES (42,'smcenery15@businessweek.com');
INSERT INTO CorreoProveedor(IDPersona,Correo) VALUES (43,'ddavidovsky16@state.tx.us');
INSERT INTO CorreoProveedor(IDPersona,Correo) VALUES (44,'crodell17@newsvine.com');
INSERT INTO CorreoProveedor(IDPersona,Correo) VALUES (45,'rstanmore18@uol.com.br');
INSERT INTO CorreoProveedor(IDPersona,Correo) VALUES (46,'arappoport19@vinaora.com');
INSERT INTO CorreoProveedor(IDPersona,Correo) VALUES (47,'mkyncl1a@sohu.com');
INSERT INTO CorreoProveedor(IDPersona,Correo) VALUES (48,'afarman1b@smugmug.com');
INSERT INTO CorreoProveedor(IDPersona,Correo) VALUES (49,'tlascell1c@quantcast.com');
INSERT INTO CorreoProveedor(IDPersona,Correo) VALUES (50,'aheustace1d@youku.com');
INSERT INTO CorreoProveedor(IDPersona,Correo) VALUES (51,'pwilcox1e@cloudflare.com');
INSERT INTO CorreoProveedor(IDPersona,Correo) VALUES (52,'hjasik1f@ucoz.ru');
INSERT INTO CorreoProveedor(IDPersona,Correo) VALUES (53,'mhallen1g@wikispaces.com');
INSERT INTO CorreoProveedor(IDPersona,Correo) VALUES (54,'ljankovsky1h@illinois.edu');
INSERT INTO CorreoProveedor(IDPersona,Correo) VALUES (55,'bsloper1i@sina.com.cn');
INSERT INTO CorreoProveedor(IDPersona,Correo) VALUES (56,'jroberti1j@posterous.com');
INSERT INTO CorreoProveedor(IDPersona,Correo) VALUES (57,'ecobbin1k@nymag.com');
INSERT INTO CorreoProveedor(IDPersona,Correo) VALUES (58,'asplaven1l@nbcnews.com');
INSERT INTO CorreoProveedor(IDPersona,Correo) VALUES (59,'bstorror1m@edublogs.org');
INSERT INTO CorreoProveedor(IDPersona,Correo) VALUES (60,'swindas1n@fastcompany.com');
INSERT INTO CorreoProveedor(IDPersona,Correo) VALUES (61,'nhacaud1o@weebly.com');
INSERT INTO CorreoProveedor(IDPersona,Correo) VALUES (62,'tspehr1p@bloomberg.com');
INSERT INTO CorreoProveedor(IDPersona,Correo) VALUES (63,'gclemente1q@youtube.com');
INSERT INTO CorreoProveedor(IDPersona,Correo) VALUES (64,'ccotgrave1r@vistaprint.com');
INSERT INTO CorreoProveedor(IDPersona,Correo) VALUES (65,'emountford1s@umich.edu');
INSERT INTO CorreoProveedor(IDPersona,Correo) VALUES (66,'mkordovani1t@slate.com');
INSERT INTO CorreoProveedor(IDPersona,Correo) VALUES (67,'sblenkinship1u@livejournal.com');
INSERT INTO CorreoProveedor(IDPersona,Correo) VALUES (68,'egladwell1v@ucsd.edu');
INSERT INTO CorreoProveedor(IDPersona,Correo) VALUES (69,'lmaccarter1w@hibu.com');
INSERT INTO CorreoProveedor(IDPersona,Correo) VALUES (70,'lpostgate1x@yellowbook.com');
INSERT INTO CorreoProveedor(IDPersona,Correo) VALUES (71,'esmedmoor1y@nps.gov');
INSERT INTO CorreoProveedor(IDPersona,Correo) VALUES (72,'nmadle1z@psu.edu');
INSERT INTO CorreoProveedor(IDPersona,Correo) VALUES (73,'npantecost20@desdev.cn');
INSERT INTO CorreoProveedor(IDPersona,Correo) VALUES (74,'mhamnet21@cbslocal.com');
INSERT INTO CorreoProveedor(IDPersona,Correo) VALUES (75,'kblunsden22@soundcloud.com');
INSERT INTO CorreoProveedor(IDPersona,Correo) VALUES (76,'hsage23@altervista.org');
INSERT INTO CorreoProveedor(IDPersona,Correo) VALUES (77,'ncuttle24@jimdo.com');
INSERT INTO CorreoProveedor(IDPersona,Correo) VALUES (78,'dharbar25@sohu.com');
INSERT INTO CorreoProveedor(IDPersona,Correo) VALUES (79,'lpechet26@sogou.com');
INSERT INTO CorreoProveedor(IDPersona,Correo) VALUES (80,'jmaccauley27@europa.eu');
INSERT INTO CorreoProveedor(IDPersona,Correo) VALUES (81,'mkmiec28@fda.gov');
INSERT INTO CorreoProveedor(IDPersona,Correo) VALUES (82,'wcreber29@oaic.gov.au');
INSERT INTO CorreoProveedor(IDPersona,Correo) VALUES (83,'kpoppleston2a@gnu.org');
INSERT INTO CorreoProveedor(IDPersona,Correo) VALUES (84,'hwooderson2b@nps.gov');
INSERT INTO CorreoProveedor(IDPersona,Correo) VALUES (85,'ndibbert2c@istockphoto.com');
INSERT INTO CorreoProveedor(IDPersona,Correo) VALUES (86,'lgraundisson2d@liveinternet.ru');
INSERT INTO CorreoProveedor(IDPersona,Correo) VALUES (87,'pridolfo2e@cyberchimps.com');
INSERT INTO CorreoProveedor(IDPersona,Correo) VALUES (88,'fabbatucci2f@homestead.com');
INSERT INTO CorreoProveedor(IDPersona,Correo) VALUES (89,'thryniewicki2g@yale.edu');
INSERT INTO CorreoProveedor(IDPersona,Correo) VALUES (90,'cferby2h@comcast.net');
INSERT INTO CorreoProveedor(IDPersona,Correo) VALUES (91,'bstaddom2i@amazon.com');
INSERT INTO CorreoProveedor(IDPersona,Correo) VALUES (92,'bmadsen2j@walmart.com');
INSERT INTO CorreoProveedor(IDPersona,Correo) VALUES (93,'pkiellor2k@friendfeed.com');
INSERT INTO CorreoProveedor(IDPersona,Correo) VALUES (94,'rmulholland2l@macromedia.com');
INSERT INTO CorreoProveedor(IDPersona,Correo) VALUES (95,'epotkin2m@seesaa.net');
INSERT INTO CorreoProveedor(IDPersona,Correo) VALUES (96,'mweldrake2n@cocolog-nifty.com');
INSERT INTO CorreoProveedor(IDPersona,Correo) VALUES (97,'chutcheon2o@illinois.edu');
INSERT INTO CorreoProveedor(IDPersona,Correo) VALUES (98,'cdangelo2p@ameblo.jp');
INSERT INTO CorreoProveedor(IDPersona,Correo) VALUES (99,'memerine2q@stumbleupon.com');
INSERT INTO CorreoProveedor(IDPersona,Correo) VALUES (100,'cbartolommeo2r@github.com');

INSERT INTO TelefonoProveedor(IDPersona,Telefono) VALUES (1,5502359245);
INSERT INTO TelefonoProveedor(IDPersona,Telefono) VALUES (2,5592167926);
INSERT INTO TelefonoProveedor(IDPersona,Telefono) VALUES (3,5571891408);
INSERT INTO TelefonoProveedor(IDPersona,Telefono) VALUES (4,5565668100);
INSERT INTO TelefonoProveedor(IDPersona,Telefono) VALUES (5,5523700651);
INSERT INTO TelefonoProveedor(IDPersona,Telefono) VALUES (6,5554293282);
INSERT INTO TelefonoProveedor(IDPersona,Telefono) VALUES (7,5572491759);
INSERT INTO TelefonoProveedor(IDPersona,Telefono) VALUES (8,5593876501);
INSERT INTO TelefonoProveedor(IDPersona,Telefono) VALUES (9,5561469928);
INSERT INTO TelefonoProveedor(IDPersona,Telefono) VALUES (10,5527432308);
INSERT INTO TelefonoProveedor(IDPersona,Telefono) VALUES (11,5505488516);
INSERT INTO TelefonoProveedor(IDPersona,Telefono) VALUES (12,5528305043);
INSERT INTO TelefonoProveedor(IDPersona,Telefono) VALUES (13,5546239404);
INSERT INTO TelefonoProveedor(IDPersona,Telefono) VALUES (14,5522387695);
INSERT INTO TelefonoProveedor(IDPersona,Telefono) VALUES (15,5548507192);
INSERT INTO TelefonoProveedor(IDPersona,Telefono) VALUES (16,5565818247);
INSERT INTO TelefonoProveedor(IDPersona,Telefono) VALUES (17,5587840978);
INSERT INTO TelefonoProveedor(IDPersona,Telefono) VALUES (18,5588241353);
INSERT INTO TelefonoProveedor(IDPersona,Telefono) VALUES (19,5532091361);
INSERT INTO TelefonoProveedor(IDPersona,Telefono) VALUES (20,5546972730);
INSERT INTO TelefonoProveedor(IDPersona,Telefono) VALUES (21,5505750653);
INSERT INTO TelefonoProveedor(IDPersona,Telefono) VALUES (22,5590816072);
INSERT INTO TelefonoProveedor(IDPersona,Telefono) VALUES (23,5507656781);
INSERT INTO TelefonoProveedor(IDPersona,Telefono) VALUES (24,5560610175);
INSERT INTO TelefonoProveedor(IDPersona,Telefono) VALUES (25,5502647946);
INSERT INTO TelefonoProveedor(IDPersona,Telefono) VALUES (26,5502650808);
INSERT INTO TelefonoProveedor(IDPersona,Telefono) VALUES (27,5513337299);
INSERT INTO TelefonoProveedor(IDPersona,Telefono) VALUES (28,5523104739);
INSERT INTO TelefonoProveedor(IDPersona,Telefono) VALUES (29,5579719610);
INSERT INTO TelefonoProveedor(IDPersona,Telefono) VALUES (30,5510202873);
INSERT INTO TelefonoProveedor(IDPersona,Telefono) VALUES (31,5572128439);
INSERT INTO TelefonoProveedor(IDPersona,Telefono) VALUES (32,5592259895);
INSERT INTO TelefonoProveedor(IDPersona,Telefono) VALUES (33,5570529088);
INSERT INTO TelefonoProveedor(IDPersona,Telefono) VALUES (34,5581948781);
INSERT INTO TelefonoProveedor(IDPersona,Telefono) VALUES (35,5555440951);
INSERT INTO TelefonoProveedor(IDPersona,Telefono) VALUES (36,5506899086);
INSERT INTO TelefonoProveedor(IDPersona,Telefono) VALUES (37,5566061508);
INSERT INTO TelefonoProveedor(IDPersona,Telefono) VALUES (38,5558428198);
INSERT INTO TelefonoProveedor(IDPersona,Telefono) VALUES (39,5524073177);
INSERT INTO TelefonoProveedor(IDPersona,Telefono) VALUES (40,5584566987);
INSERT INTO TelefonoProveedor(IDPersona,Telefono) VALUES (41,5579729841);
INSERT INTO TelefonoProveedor(IDPersona,Telefono) VALUES (42,5504059766);
INSERT INTO TelefonoProveedor(IDPersona,Telefono) VALUES (43,5544620725);
INSERT INTO TelefonoProveedor(IDPersona,Telefono) VALUES (44,5514632242);
INSERT INTO TelefonoProveedor(IDPersona,Telefono) VALUES (45,5508114610);
INSERT INTO TelefonoProveedor(IDPersona,Telefono) VALUES (46,5521051473);
INSERT INTO TelefonoProveedor(IDPersona,Telefono) VALUES (47,5546178486);
INSERT INTO TelefonoProveedor(IDPersona,Telefono) VALUES (48,5532797256);
INSERT INTO TelefonoProveedor(IDPersona,Telefono) VALUES (49,5519716331);
INSERT INTO TelefonoProveedor(IDPersona,Telefono) VALUES (50,5520527468);
INSERT INTO TelefonoProveedor(IDPersona,Telefono) VALUES (51,5586867955);
INSERT INTO TelefonoProveedor(IDPersona,Telefono) VALUES (52,5500417197);
INSERT INTO TelefonoProveedor(IDPersona,Telefono) VALUES (53,5561870569);
INSERT INTO TelefonoProveedor(IDPersona,Telefono) VALUES (54,5545105083);
INSERT INTO TelefonoProveedor(IDPersona,Telefono) VALUES (55,5562904072);
INSERT INTO TelefonoProveedor(IDPersona,Telefono) VALUES (56,5571095362);
INSERT INTO TelefonoProveedor(IDPersona,Telefono) VALUES (57,5597568961);
INSERT INTO TelefonoProveedor(IDPersona,Telefono) VALUES (58,5503623101);
INSERT INTO TelefonoProveedor(IDPersona,Telefono) VALUES (59,5502251887);
INSERT INTO TelefonoProveedor(IDPersona,Telefono) VALUES (60,5554539250);
INSERT INTO TelefonoProveedor(IDPersona,Telefono) VALUES (61,5527872802);
INSERT INTO TelefonoProveedor(IDPersona,Telefono) VALUES (62,5509713099);
INSERT INTO TelefonoProveedor(IDPersona,Telefono) VALUES (63,5597391714);
INSERT INTO TelefonoProveedor(IDPersona,Telefono) VALUES (64,5504983026);
INSERT INTO TelefonoProveedor(IDPersona,Telefono) VALUES (65,5583330375);
INSERT INTO TelefonoProveedor(IDPersona,Telefono) VALUES (66,5535761462);
INSERT INTO TelefonoProveedor(IDPersona,Telefono) VALUES (67,5502054983);
INSERT INTO TelefonoProveedor(IDPersona,Telefono) VALUES (68,5568258588);
INSERT INTO TelefonoProveedor(IDPersona,Telefono) VALUES (69,5587851938);
INSERT INTO TelefonoProveedor(IDPersona,Telefono) VALUES (70,5565097738);
INSERT INTO TelefonoProveedor(IDPersona,Telefono) VALUES (71,5507304117);
INSERT INTO TelefonoProveedor(IDPersona,Telefono) VALUES (72,5594690567);
INSERT INTO TelefonoProveedor(IDPersona,Telefono) VALUES (73,5565351404);
INSERT INTO TelefonoProveedor(IDPersona,Telefono) VALUES (74,5529011607);
INSERT INTO TelefonoProveedor(IDPersona,Telefono) VALUES (75,5542974920);
INSERT INTO TelefonoProveedor(IDPersona,Telefono) VALUES (76,5555790326);
INSERT INTO TelefonoProveedor(IDPersona,Telefono) VALUES (77,5554544060);
INSERT INTO TelefonoProveedor(IDPersona,Telefono) VALUES (78,5563593378);
INSERT INTO TelefonoProveedor(IDPersona,Telefono) VALUES (79,5525612070);
INSERT INTO TelefonoProveedor(IDPersona,Telefono) VALUES (80,5525187085);
INSERT INTO TelefonoProveedor(IDPersona,Telefono) VALUES (81,5523278876);
INSERT INTO TelefonoProveedor(IDPersona,Telefono) VALUES (82,5541831348);
INSERT INTO TelefonoProveedor(IDPersona,Telefono) VALUES (83,5566926505);
INSERT INTO TelefonoProveedor(IDPersona,Telefono) VALUES (84,5580562572);
INSERT INTO TelefonoProveedor(IDPersona,Telefono) VALUES (85,5556350132);
INSERT INTO TelefonoProveedor(IDPersona,Telefono) VALUES (86,5597567557);
INSERT INTO TelefonoProveedor(IDPersona,Telefono) VALUES (87,5543006365);
INSERT INTO TelefonoProveedor(IDPersona,Telefono) VALUES (88,5505352611);
INSERT INTO TelefonoProveedor(IDPersona,Telefono) VALUES (89,5525510247);
INSERT INTO TelefonoProveedor(IDPersona,Telefono) VALUES (90,5506813329);
INSERT INTO TelefonoProveedor(IDPersona,Telefono) VALUES (91,5514997143);
INSERT INTO TelefonoProveedor(IDPersona,Telefono) VALUES (92,5513857394);
INSERT INTO TelefonoProveedor(IDPersona,Telefono) VALUES (93,5574517641);
INSERT INTO TelefonoProveedor(IDPersona,Telefono) VALUES (94,5532739996);
INSERT INTO TelefonoProveedor(IDPersona,Telefono) VALUES (95,5568834548);
INSERT INTO TelefonoProveedor(IDPersona,Telefono) VALUES (96,5530042775);
INSERT INTO TelefonoProveedor(IDPersona,Telefono) VALUES (97,5582913123);
INSERT INTO TelefonoProveedor(IDPersona,Telefono) VALUES (98,5582570822);
INSERT INTO TelefonoProveedor(IDPersona,Telefono) VALUES (99,5597927910);
INSERT INTO TelefonoProveedor(IDPersona,Telefono) VALUES (100,5539262191);


INSERT INTO Bioma(IDBioma,Tipo) VALUES (1,'Bosque');
INSERT INTO Bioma(IDBioma,Tipo) VALUES (2,'Selva');
INSERT INTO Bioma(IDBioma,Tipo) VALUES (3,'Sabana');
INSERT INTO Bioma(IDBioma,Tipo) VALUES (4,'Tundra');
INSERT INTO Bioma(IDBioma,Tipo) VALUES (5,'Pastizal');
INSERT INTO Bioma(IDBioma,Tipo) VALUES (6,'Manglar');
INSERT INTO Bioma(IDBioma,Tipo) VALUES (7,'Acuiatico');
INSERT INTO Bioma(IDBioma,Tipo) VALUES (8,'Montañoso');
INSERT INTO Bioma(IDBioma,Tipo) VALUES (9,'Bambu');
INSERT INTO Bioma(IDBioma,Tipo) VALUES (10,'Costero');


INSERT INTO Jaula(IDBioma,NumJaula) VALUES (3,51522);
INSERT INTO Jaula(IDBioma,NumJaula) VALUES (1,63285);
INSERT INTO Jaula(IDBioma,NumJaula) VALUES (9,25998);
INSERT INTO Jaula(IDBioma,NumJaula) VALUES (3,87420);
INSERT INTO Jaula(IDBioma,NumJaula) VALUES (8,55674);
INSERT INTO Jaula(IDBioma,NumJaula) VALUES (2,2762);
INSERT INTO Jaula(IDBioma,NumJaula) VALUES (4,43090);
INSERT INTO Jaula(IDBioma,NumJaula) VALUES (4,36667);
INSERT INTO Jaula(IDBioma,NumJaula) VALUES (5,30623);
INSERT INTO Jaula(IDBioma,NumJaula) VALUES (1,64841);
INSERT INTO Jaula(IDBioma,NumJaula) VALUES (6,7861);
INSERT INTO Jaula(IDBioma,NumJaula) VALUES (5,43746);
INSERT INTO Jaula(IDBioma,NumJaula) VALUES (3,84913);
INSERT INTO Jaula(IDBioma,NumJaula) VALUES (2,32104);
INSERT INTO Jaula(IDBioma,NumJaula) VALUES (7,9327);
INSERT INTO Jaula(IDBioma,NumJaula) VALUES (3,994);
INSERT INTO Jaula(IDBioma,NumJaula) VALUES (8,31122);
INSERT INTO Jaula(IDBioma,NumJaula) VALUES (5,50727);
INSERT INTO Jaula(IDBioma,NumJaula) VALUES (5,63699);
INSERT INTO Jaula(IDBioma,NumJaula) VALUES (9,45035);
INSERT INTO Jaula(IDBioma,NumJaula) VALUES (9,47225);
INSERT INTO Jaula(IDBioma,NumJaula) VALUES (6,7707);
INSERT INTO Jaula(IDBioma,NumJaula) VALUES (4,20784);
INSERT INTO Jaula(IDBioma,NumJaula) VALUES (2,50422);
INSERT INTO Jaula(IDBioma,NumJaula) VALUES (2,15545);
INSERT INTO Jaula(IDBioma,NumJaula) VALUES (1,99134);
INSERT INTO Jaula(IDBioma,NumJaula) VALUES (8,84052);
INSERT INTO Jaula(IDBioma,NumJaula) VALUES (2,23752);
INSERT INTO Jaula(IDBioma,NumJaula) VALUES (7,68693);
INSERT INTO Jaula(IDBioma,NumJaula) VALUES (10,53206);
INSERT INTO Jaula(IDBioma,NumJaula) VALUES (2,84825);
INSERT INTO Jaula(IDBioma,NumJaula) VALUES (9,70403);
INSERT INTO Jaula(IDBioma,NumJaula) VALUES (8,22581);
INSERT INTO Jaula(IDBioma,NumJaula) VALUES (10,25142);
INSERT INTO Jaula(IDBioma,NumJaula) VALUES (8,81511);
INSERT INTO Jaula(IDBioma,NumJaula) VALUES (8,68996);
INSERT INTO Jaula(IDBioma,NumJaula) VALUES (1,84124);
INSERT INTO Jaula(IDBioma,NumJaula) VALUES (1,10989);
INSERT INTO Jaula(IDBioma,NumJaula) VALUES (9,60195);
INSERT INTO Jaula(IDBioma,NumJaula) VALUES (5,1121);
INSERT INTO Jaula(IDBioma,NumJaula) VALUES (1,62474);
INSERT INTO Jaula(IDBioma,NumJaula) VALUES (1,1714);
INSERT INTO Jaula(IDBioma,NumJaula) VALUES (2,47959);
INSERT INTO Jaula(IDBioma,NumJaula) VALUES (10,66467);
INSERT INTO Jaula(IDBioma,NumJaula) VALUES (1,64260);
INSERT INTO Jaula(IDBioma,NumJaula) VALUES (7,80079);
INSERT INTO Jaula(IDBioma,NumJaula) VALUES (1,13040);
INSERT INTO Jaula(IDBioma,NumJaula) VALUES (6,33176);
INSERT INTO Jaula(IDBioma,NumJaula) VALUES (9,86652);
INSERT INTO Jaula(IDBioma,NumJaula) VALUES (4,9289);
INSERT INTO Jaula(IDBioma,NumJaula) VALUES (10,89672);
INSERT INTO Jaula(IDBioma,NumJaula) VALUES (5,56083);
INSERT INTO Jaula(IDBioma,NumJaula) VALUES (8,95606);
INSERT INTO Jaula(IDBioma,NumJaula) VALUES (2,93913);
INSERT INTO Jaula(IDBioma,NumJaula) VALUES (10,43705);
INSERT INTO Jaula(IDBioma,NumJaula) VALUES (6,18057);
INSERT INTO Jaula(IDBioma,NumJaula) VALUES (10,89106);
INSERT INTO Jaula(IDBioma,NumJaula) VALUES (5,63805);
INSERT INTO Jaula(IDBioma,NumJaula) VALUES (7,20969);
INSERT INTO Jaula(IDBioma,NumJaula) VALUES (1,18217);
INSERT INTO Jaula(IDBioma,NumJaula) VALUES (5,12111);
INSERT INTO Jaula(IDBioma,NumJaula) VALUES (5,34298);
INSERT INTO Jaula(IDBioma,NumJaula) VALUES (1,26083);
INSERT INTO Jaula(IDBioma,NumJaula) VALUES (9,47112);
INSERT INTO Jaula(IDBioma,NumJaula) VALUES (1,98034);
INSERT INTO Jaula(IDBioma,NumJaula) VALUES (2,64120);
INSERT INTO Jaula(IDBioma,NumJaula) VALUES (7,72985);
INSERT INTO Jaula(IDBioma,NumJaula) VALUES (5,23245);
INSERT INTO Jaula(IDBioma,NumJaula) VALUES (8,96225);
INSERT INTO Jaula(IDBioma,NumJaula) VALUES (4,87937);
INSERT INTO Jaula(IDBioma,NumJaula) VALUES (7,65154);
INSERT INTO Jaula(IDBioma,NumJaula) VALUES (3,37464);
INSERT INTO Jaula(IDBioma,NumJaula) VALUES (5,30629);
INSERT INTO Jaula(IDBioma,NumJaula) VALUES (5,4566);
INSERT INTO Jaula(IDBioma,NumJaula) VALUES (2,14814);
INSERT INTO Jaula(IDBioma,NumJaula) VALUES (1,56692);
INSERT INTO Jaula(IDBioma,NumJaula) VALUES (10,47899);
INSERT INTO Jaula(IDBioma,NumJaula) VALUES (6,80343);
INSERT INTO Jaula(IDBioma,NumJaula) VALUES (9,38169);
INSERT INTO Jaula(IDBioma,NumJaula) VALUES (7,94498);
INSERT INTO Jaula(IDBioma,NumJaula) VALUES (9,42420);
INSERT INTO Jaula(IDBioma,NumJaula) VALUES (5,99392);
INSERT INTO Jaula(IDBioma,NumJaula) VALUES (2,82076);
INSERT INTO Jaula(IDBioma,NumJaula) VALUES (1,94325);
INSERT INTO Jaula(IDBioma,NumJaula) VALUES (5,94629);
INSERT INTO Jaula(IDBioma,NumJaula) VALUES (4,22853);
INSERT INTO Jaula(IDBioma,NumJaula) VALUES (5,47932);
INSERT INTO Jaula(IDBioma,NumJaula) VALUES (4,35215);
INSERT INTO Jaula(IDBioma,NumJaula) VALUES (1,16856);
INSERT INTO Jaula(IDBioma,NumJaula) VALUES (6,37402);
INSERT INTO Jaula(IDBioma,NumJaula) VALUES (1,55286);
INSERT INTO Jaula(IDBioma,NumJaula) VALUES (7,94885);
INSERT INTO Jaula(IDBioma,NumJaula) VALUES (8,25342);
INSERT INTO Jaula(IDBioma,NumJaula) VALUES (1,79659);
INSERT INTO Jaula(IDBioma,NumJaula) VALUES (3,99223);
INSERT INTO Jaula(IDBioma,NumJaula) VALUES (7,13320);
INSERT INTO Jaula(IDBioma,NumJaula) VALUES (4,97417);
INSERT INTO Jaula(IDBioma,NumJaula) VALUES (7,90);
INSERT INTO Jaula(IDBioma,NumJaula) VALUES (7,19755);
INSERT INTO Jaula(IDBioma,NumJaula) VALUES (3,60498);


INSERT INTO Alimento(IDInsumo,Nombre,Caducidad,Cantidad,Refrigeracion,Tipo) VALUES (1,'ciervo','2024-08-13',38,'false','Verdura');
INSERT INTO Alimento(IDInsumo,Nombre,Caducidad,Cantidad,Refrigeracion,Tipo) VALUES (2,'gusanos de seda','2024-09-03',38,'false','Pescado');
INSERT INTO Alimento(IDInsumo,Nombre,Caducidad,Cantidad,Refrigeracion,Tipo) VALUES (3,'cerezas','2024-09-09',74,'true','Semilla');
INSERT INTO Alimento(IDInsumo,Nombre,Caducidad,Cantidad,Refrigeracion,Tipo) VALUES (4,'nabo daikon','2024-09-05',11,'false','Tuberculo');
INSERT INTO Alimento(IDInsumo,Nombre,Caducidad,Cantidad,Refrigeracion,Tipo) VALUES (5,'papa','2024-05-04',37,'false','Carne');
INSERT INTO Alimento(IDInsumo,Nombre,Caducidad,Cantidad,Refrigeracion,Tipo) VALUES (6,'gorgojos de palma','2024-10-11',51,'false','Verdura');
INSERT INTO Alimento(IDInsumo,Nombre,Caducidad,Cantidad,Refrigeracion,Tipo) VALUES (7,'pargo rojo del Pacífico','2024-04-11',95,'false','Carne');
INSERT INTO Alimento(IDInsumo,Nombre,Caducidad,Cantidad,Refrigeracion,Tipo) VALUES (8,'plátano','2024-09-08',80,'true','Tuberculo');
INSERT INTO Alimento(IDInsumo,Nombre,Caducidad,Cantidad,Refrigeracion,Tipo) VALUES (9,'linaza dorada','2023-11-08',77,'true','Tuberculo');
INSERT INTO Alimento(IDInsumo,Nombre,Caducidad,Cantidad,Refrigeracion,Tipo) VALUES (10,'calabaza del acantilado','2024-10-13',29,'false','Tuberculo');
INSERT INTO Alimento(IDInsumo,Nombre,Caducidad,Cantidad,Refrigeracion,Tipo) VALUES (11,'ciruela negra','2024-07-04',7,'false','Semilla');
INSERT INTO Alimento(IDInsumo,Nombre,Caducidad,Cantidad,Refrigeracion,Tipo) VALUES (12,'judía verde','2024-07-16',68,'false','Pescado');
INSERT INTO Alimento(IDInsumo,Nombre,Caducidad,Cantidad,Refrigeracion,Tipo) VALUES (13,'pavo','2024-09-14',71,'true','Fruta');
INSERT INTO Alimento(IDInsumo,Nombre,Caducidad,Cantidad,Refrigeracion,Tipo) VALUES (14,'gallina de Cornualles','2024-05-31',39,'false','Tuberculo');
INSERT INTO Alimento(IDInsumo,Nombre,Caducidad,Cantidad,Refrigeracion,Tipo) VALUES (15,'berro de agua','2024-04-24',3,'true','Fruta');
INSERT INTO Alimento(IDInsumo,Nombre,Caducidad,Cantidad,Refrigeracion,Tipo) VALUES (16,'calabaza de bellota','2024-10-16',3,'false','Insecto');
INSERT INTO Alimento(IDInsumo,Nombre,Caducidad,Cantidad,Refrigeracion,Tipo) VALUES (17,'durazno amarillo','2023-11-02',3,'false','Insecto');
INSERT INTO Alimento(IDInsumo,Nombre,Caducidad,Cantidad,Refrigeracion,Tipo) VALUES (18,'frambuesa','2023-11-17',65,'true','Carne');
INSERT INTO Alimento(IDInsumo,Nombre,Caducidad,Cantidad,Refrigeracion,Tipo) VALUES (19,'larvas de langosta','2023-12-31',36,'false','Insecto');
INSERT INTO Alimento(IDInsumo,Nombre,Caducidad,Cantidad,Refrigeracion,Tipo) VALUES (20,'zanahoria morada','2024-04-08',25,'true','Pescado');
INSERT INTO Alimento(IDInsumo,Nombre,Caducidad,Cantidad,Refrigeracion,Tipo) VALUES (21,'calabacín','2024-10-19',57,'false','Fruta');
INSERT INTO Alimento(IDInsumo,Nombre,Caducidad,Cantidad,Refrigeracion,Tipo) VALUES (22,'rábano daikon','2024-07-13',10,'true','Lacteo');
INSERT INTO Alimento(IDInsumo,Nombre,Caducidad,Cantidad,Refrigeracion,Tipo) VALUES (23,'dorada rayada del Atlántico','2024-05-03',66,'false','Tuberculo');
INSERT INTO Alimento(IDInsumo,Nombre,Caducidad,Cantidad,Refrigeracion,Tipo) VALUES (24,'pollo de Cornualles gigante','2023-11-23',72,'true','Carne');
INSERT INTO Alimento(IDInsumo,Nombre,Caducidad,Cantidad,Refrigeracion,Tipo) VALUES (25,'ciruela roja japonesa','2024-10-08',27,'true','Semilla');
INSERT INTO Alimento(IDInsumo,Nombre,Caducidad,Cantidad,Refrigeracion,Tipo) VALUES (26,'soja','2024-08-10',33,'false','Lacteo');
INSERT INTO Alimento(IDInsumo,Nombre,Caducidad,Cantidad,Refrigeracion,Tipo) VALUES (27,'ciruela santa rosa','2024-07-30',35,'false','Tuberculo');
INSERT INTO Alimento(IDInsumo,Nombre,Caducidad,Cantidad,Refrigeracion,Tipo) VALUES (28,'kiwi','2023-12-14',26,'true','Pescado');
INSERT INTO Alimento(IDInsumo,Nombre,Caducidad,Cantidad,Refrigeracion,Tipo) VALUES (29,'calabaza espagueti','2024-08-02',90,'false','Carne');
INSERT INTO Alimento(IDInsumo,Nombre,Caducidad,Cantidad,Refrigeracion,Tipo) VALUES (30,'larvas de abeja de miel','2024-01-31',80,'false','Carne');
INSERT INTO Alimento(IDInsumo,Nombre,Caducidad,Cantidad,Refrigeracion,Tipo) VALUES (31,'ciruela italiana','2024-10-05',6,'true','Tuberculo');
INSERT INTO Alimento(IDInsumo,Nombre,Caducidad,Cantidad,Refrigeracion,Tipo) VALUES (32,'cordero','2024-05-25',67,'false','Carne');
INSERT INTO Alimento(IDInsumo,Nombre,Caducidad,Cantidad,Refrigeracion,Tipo) VALUES (33,'rábano chino','2023-11-17',93,'true','Carne');
INSERT INTO Alimento(IDInsumo,Nombre,Caducidad,Cantidad,Refrigeracion,Tipo) VALUES (34,'berro de agua','2024-10-19',100,'true','Verdura');
INSERT INTO Alimento(IDInsumo,Nombre,Caducidad,Cantidad,Refrigeracion,Tipo) VALUES (35,'ganso del Canadá','2024-09-20',15,'false','Tuberculo');
INSERT INTO Alimento(IDInsumo,Nombre,Caducidad,Cantidad,Refrigeracion,Tipo) VALUES (36,'pimiento','2023-11-18',50,'true','Tuberculo');
INSERT INTO Alimento(IDInsumo,Nombre,Caducidad,Cantidad,Refrigeracion,Tipo) VALUES (37,'sésamo negro','2024-09-20',74,'false','Fruta');
INSERT INTO Alimento(IDInsumo,Nombre,Caducidad,Cantidad,Refrigeracion,Tipo) VALUES (38,'linaza dorada','2023-11-30',34,'true','Carne');
INSERT INTO Alimento(IDInsumo,Nombre,Caducidad,Cantidad,Refrigeracion,Tipo) VALUES (39,'ciruela pasa','2023-12-23',26,'false','Lacteo');
INSERT INTO Alimento(IDInsumo,Nombre,Caducidad,Cantidad,Refrigeracion,Tipo) VALUES (40,'larvas de polilla de la seda','2024-01-03',20,'true','Fruta');
INSERT INTO Alimento(IDInsumo,Nombre,Caducidad,Cantidad,Refrigeracion,Tipo) VALUES (41,'nabo sueco','2024-01-23',30,'true','Semilla');
INSERT INTO Alimento(IDInsumo,Nombre,Caducidad,Cantidad,Refrigeracion,Tipo) VALUES (42,'lubina','2024-02-29',35,'false','Carne');
INSERT INTO Alimento(IDInsumo,Nombre,Caducidad,Cantidad,Refrigeracion,Tipo) VALUES (43,'ciruela roja japonesa','2023-12-08',40,'true','Fruta');
INSERT INTO Alimento(IDInsumo,Nombre,Caducidad,Cantidad,Refrigeracion,Tipo) VALUES (44,'nabo largo','2024-03-06',13,'false','Carne');
INSERT INTO Alimento(IDInsumo,Nombre,Caducidad,Cantidad,Refrigeracion,Tipo) VALUES (45,'pato de Pekín','2024-05-19',84,'true','Verdura');
INSERT INTO Alimento(IDInsumo,Nombre,Caducidad,Cantidad,Refrigeracion,Tipo) VALUES (46,'pargo dentón','2023-11-14',30,'false','Pescado');
INSERT INTO Alimento(IDInsumo,Nombre,Caducidad,Cantidad,Refrigeracion,Tipo) VALUES (47,'mújol del Atlántico','2024-10-23',53,'false','Semilla');
INSERT INTO Alimento(IDInsumo,Nombre,Caducidad,Cantidad,Refrigeracion,Tipo) VALUES (48,'nabo daikon','2024-01-12',59,'true','Insecto');
INSERT INTO Alimento(IDInsumo,Nombre,Caducidad,Cantidad,Refrigeracion,Tipo) VALUES (49,'pollo','2024-03-23',98,'false','Pescado');
INSERT INTO Alimento(IDInsumo,Nombre,Caducidad,Cantidad,Refrigeracion,Tipo) VALUES (50,'mazorca de maíz','2023-12-04',35,'false','Semilla');
INSERT INTO Alimento(IDInsumo,Nombre,Caducidad,Cantidad,Refrigeracion,Tipo) VALUES (51,'cordero','2024-09-09',63,'true','Insecto');
INSERT INTO Alimento(IDInsumo,Nombre,Caducidad,Cantidad,Refrigeracion,Tipo) VALUES (52,'durazno amarillo','2024-06-21',26,'false','Carne');
INSERT INTO Alimento(IDInsumo,Nombre,Caducidad,Cantidad,Refrigeracion,Tipo) VALUES (53,'garza blanca grande','2023-12-16',37,'false','Verdura');
INSERT INTO Alimento(IDInsumo,Nombre,Caducidad,Cantidad,Refrigeracion,Tipo) VALUES (54,'rábano','2024-04-13',25,'true','Pescado');
INSERT INTO Alimento(IDInsumo,Nombre,Caducidad,Cantidad,Refrigeracion,Tipo) VALUES (55,'rábano','2024-03-01',3,'false','Carne');
INSERT INTO Alimento(IDInsumo,Nombre,Caducidad,Cantidad,Refrigeracion,Tipo) VALUES (56,'pimiento verde','2024-08-05',50,'false','Tuberculo');
INSERT INTO Alimento(IDInsumo,Nombre,Caducidad,Cantidad,Refrigeracion,Tipo) VALUES (57,'lentejas','2023-12-20',100,'false','Carne');
INSERT INTO Alimento(IDInsumo,Nombre,Caducidad,Cantidad,Refrigeracion,Tipo) VALUES (58,'chía','2024-02-09',89,'false','Insecto');
INSERT INTO Alimento(IDInsumo,Nombre,Caducidad,Cantidad,Refrigeracion,Tipo) VALUES (59,'pavo Bourbon Red','2024-06-14',61,'true','Fruta');
INSERT INTO Alimento(IDInsumo,Nombre,Caducidad,Cantidad,Refrigeracion,Tipo) VALUES (60,'calabaza','2024-03-22',17,'true','Pescado');
INSERT INTO Alimento(IDInsumo,Nombre,Caducidad,Cantidad,Refrigeracion,Tipo) VALUES (61,'larvas de escarabajo de la harina','2023-11-23',88,'false','Semilla');
INSERT INTO Alimento(IDInsumo,Nombre,Caducidad,Cantidad,Refrigeracion,Tipo) VALUES (62,'saltamontes','2024-09-21',1,'true','Insecto');
INSERT INTO Alimento(IDInsumo,Nombre,Caducidad,Cantidad,Refrigeracion,Tipo) VALUES (63,'anguila','2024-07-10',100,'false','Insecto');
INSERT INTO Alimento(IDInsumo,Nombre,Caducidad,Cantidad,Refrigeracion,Tipo) VALUES (64,'pollo de Cornualles blanco','2024-05-21',14,'true','Lacteo');
INSERT INTO Alimento(IDInsumo,Nombre,Caducidad,Cantidad,Refrigeracion,Tipo) VALUES (65,'coliflor','2024-07-22',31,'true','Lacteo');
INSERT INTO Alimento(IDInsumo,Nombre,Caducidad,Cantidad,Refrigeracion,Tipo) VALUES (66,'nabo daikon','2023-11-22',46,'true','Insecto');
INSERT INTO Alimento(IDInsumo,Nombre,Caducidad,Cantidad,Refrigeracion,Tipo) VALUES (67,'mijo perla','2024-08-23',38,'true','Insecto');
INSERT INTO Alimento(IDInsumo,Nombre,Caducidad,Cantidad,Refrigeracion,Tipo) VALUES (68,'pavo','2023-12-18',49,'false','Fruta');
INSERT INTO Alimento(IDInsumo,Nombre,Caducidad,Cantidad,Refrigeracion,Tipo) VALUES (69,'conejo de monte','2024-05-21',13,'true','Carne');
INSERT INTO Alimento(IDInsumo,Nombre,Caducidad,Cantidad,Refrigeracion,Tipo) VALUES (70,'mújol rayado','2024-07-16',47,'false','Fruta');
INSERT INTO Alimento(IDInsumo,Nombre,Caducidad,Cantidad,Refrigeracion,Tipo) VALUES (71,'ciruela roja japonesa','2024-10-14',39,'false','Insecto');
INSERT INTO Alimento(IDInsumo,Nombre,Caducidad,Cantidad,Refrigeracion,Tipo) VALUES (72,'papaya','2023-12-15',56,'true','Carne');
INSERT INTO Alimento(IDInsumo,Nombre,Caducidad,Cantidad,Refrigeracion,Tipo) VALUES (73,'mijo','2024-09-24',29,'false','Verdura');
INSERT INTO Alimento(IDInsumo,Nombre,Caducidad,Cantidad,Refrigeracion,Tipo) VALUES (74,'nabo daikon','2024-05-07',11,'false','Carne');
INSERT INTO Alimento(IDInsumo,Nombre,Caducidad,Cantidad,Refrigeracion,Tipo) VALUES (75,'chía blanca','2024-04-01',80,'true','Carne');
INSERT INTO Alimento(IDInsumo,Nombre,Caducidad,Cantidad,Refrigeracion,Tipo) VALUES (76,'mújol rayado','2024-02-05',27,'false','Insecto');
INSERT INTO Alimento(IDInsumo,Nombre,Caducidad,Cantidad,Refrigeracion,Tipo) VALUES (77,'gusanos de harina','2024-09-27',46,'true','Carne');
INSERT INTO Alimento(IDInsumo,Nombre,Caducidad,Cantidad,Refrigeracion,Tipo) VALUES (78,'ciervo','2024-10-04',30,'false','Tuberculo');
INSERT INTO Alimento(IDInsumo,Nombre,Caducidad,Cantidad,Refrigeracion,Tipo) VALUES (79,'zanahoria','2024-09-11',26,'false','Lacteo');
INSERT INTO Alimento(IDInsumo,Nombre,Caducidad,Cantidad,Refrigeracion,Tipo) VALUES (80,'nabo','2024-06-19',17,'false','Verdura');
INSERT INTO Alimento(IDInsumo,Nombre,Caducidad,Cantidad,Refrigeracion,Tipo) VALUES (81,'grillos','2024-07-10',62,'true','Carne');
INSERT INTO Alimento(IDInsumo,Nombre,Caducidad,Cantidad,Refrigeracion,Tipo) VALUES (82,'pavo Narragansett','2024-05-01',65,'false','Pescado');
INSERT INTO Alimento(IDInsumo,Nombre,Caducidad,Cantidad,Refrigeracion,Tipo) VALUES (83,'coliflor','2023-12-14',54,'true','Verdura');
INSERT INTO Alimento(IDInsumo,Nombre,Caducidad,Cantidad,Refrigeracion,Tipo) VALUES (84,'avispa','2024-10-19',7,'true','Carne');
INSERT INTO Alimento(IDInsumo,Nombre,Caducidad,Cantidad,Refrigeracion,Tipo) VALUES (85,'ternera','2023-11-15',97,'false','Verdura');
INSERT INTO Alimento(IDInsumo,Nombre,Caducidad,Cantidad,Refrigeracion,Tipo) VALUES (86,'salmón','2024-01-17',50,'false','Verdura');
INSERT INTO Alimento(IDInsumo,Nombre,Caducidad,Cantidad,Refrigeracion,Tipo) VALUES (87,'quinua negra','2024-06-02',17,'true','Insecto');
INSERT INTO Alimento(IDInsumo,Nombre,Caducidad,Cantidad,Refrigeracion,Tipo) VALUES (88,'repollo','2024-05-13',47,'true','Lacteo');
INSERT INTO Alimento(IDInsumo,Nombre,Caducidad,Cantidad,Refrigeracion,Tipo) VALUES (89,'papaya','2024-06-30',59,'false','Fruta');
INSERT INTO Alimento(IDInsumo,Nombre,Caducidad,Cantidad,Refrigeracion,Tipo) VALUES (90,'calabaza del acantilado','2024-05-23',17,'true','Tuberculo');
INSERT INTO Alimento(IDInsumo,Nombre,Caducidad,Cantidad,Refrigeracion,Tipo) VALUES (91,'nuez','2024-04-16',62,'true','Verdura');
INSERT INTO Alimento(IDInsumo,Nombre,Caducidad,Cantidad,Refrigeracion,Tipo) VALUES (92,'garza real','2023-12-02',51,'true','Tuberculo');
INSERT INTO Alimento(IDInsumo,Nombre,Caducidad,Cantidad,Refrigeracion,Tipo) VALUES (93,'pollo','2023-12-02',48,'true','Fruta');
INSERT INTO Alimento(IDInsumo,Nombre,Caducidad,Cantidad,Refrigeracion,Tipo) VALUES (94,'conejo','2024-01-09',100,'true','Pescado');
INSERT INTO Alimento(IDInsumo,Nombre,Caducidad,Cantidad,Refrigeracion,Tipo) VALUES (95,'abejorro','2024-01-12',56,'false','Pescado');
INSERT INTO Alimento(IDInsumo,Nombre,Caducidad,Cantidad,Refrigeracion,Tipo) VALUES (96,'calabaza cacahuete','2024-07-15',45,'false','Lacteo');
INSERT INTO Alimento(IDInsumo,Nombre,Caducidad,Cantidad,Refrigeracion,Tipo) VALUES (97,'trucha marrón','2024-03-16',64,'false','Semilla');
INSERT INTO Alimento(IDInsumo,Nombre,Caducidad,Cantidad,Refrigeracion,Tipo) VALUES (98,'calabacín de verano','2024-02-25',10,'false','Lacteo');
INSERT INTO Alimento(IDInsumo,Nombre,Caducidad,Cantidad,Refrigeracion,Tipo) VALUES (99,'carpa','2023-11-18',67,'false','Insecto');
INSERT INTO Alimento(IDInsumo,Nombre,Caducidad,Cantidad,Refrigeracion,Tipo) VALUES (100,'garbanzos','2024-08-20',13,'false','Semilla');


INSERT INTO Medicina(IDInsumo,Nombre,Caducidad,Cantidad,Refrigeracion,Tipo,Laboratorio) VALUES (1,'Oxitetraciclina','2026-04-27',246,'true','Antiinflamatorio','VetFarm Labs');
INSERT INTO Medicina(IDInsumo,Nombre,Caducidad,Cantidad,Refrigeracion,Tipo,Laboratorio) VALUES (2,'Neomycin','2025-05-01',764,'true','Antiviral','BioZootecno');
INSERT INTO Medicina(IDInsumo,Nombre,Caducidad,Cantidad,Refrigeracion,Tipo,Laboratorio) VALUES (3,'Omeprazol','2025-03-05',421,'false','Antiviral','ZootecnoMedix');
INSERT INTO Medicina(IDInsumo,Nombre,Caducidad,Cantidad,Refrigeracion,Tipo,Laboratorio) VALUES (4,'Ciclosporina','2024-09-10',783,'true','Antiparasitario','AnimalCure Formulations');
INSERT INTO Medicina(IDInsumo,Nombre,Caducidad,Cantidad,Refrigeracion,Tipo,Laboratorio) VALUES (5,'Fenbendazol','2028-10-27',626,'true','Antibiótico','AnimalGuard Labs');
INSERT INTO Medicina(IDInsumo,Nombre,Caducidad,Cantidad,Refrigeracion,Tipo,Laboratorio) VALUES (6,'Amantadine','2023-02-06',343,'false','Desparasitante','ZootecnoMedix');
INSERT INTO Medicina(IDInsumo,Nombre,Caducidad,Cantidad,Refrigeracion,Tipo,Laboratorio) VALUES (7,'Naproxen','2032-11-22',253,'true','Antibiótico','ZootecnoLife Solutions');
INSERT INTO Medicina(IDInsumo,Nombre,Caducidad,Cantidad,Refrigeracion,Tipo,Laboratorio) VALUES (8,'Dihydrostreptomycin','2026-02-14',720,'false','Vitamina','ZooSafe Formulas');
INSERT INTO Medicina(IDInsumo,Nombre,Caducidad,Cantidad,Refrigeracion,Tipo,Laboratorio) VALUES (9,'Bromhexina','2034-02-12',335,'true','Antihistamínico','FarmAnimal Health');
INSERT INTO Medicina(IDInsumo,Nombre,Caducidad,Cantidad,Refrigeracion,Tipo,Laboratorio) VALUES (10,'Trimethoprim','2020-02-07',979,'false','Vitamina','ZootecnoLife Solutions');
INSERT INTO Medicina(IDInsumo,Nombre,Caducidad,Cantidad,Refrigeracion,Tipo,Laboratorio) VALUES (11,'Prednisone','2027-10-05',308,'true','Inmunosupresor','ZooPharmaTech');
INSERT INTO Medicina(IDInsumo,Nombre,Caducidad,Cantidad,Refrigeracion,Tipo,Laboratorio) VALUES (12,'Famciclovir','2028-03-14',614,'false','Desparasitante','ZooMedicine Solutions');
INSERT INTO Medicina(IDInsumo,Nombre,Caducidad,Cantidad,Refrigeracion,Tipo,Laboratorio) VALUES (13,'Trazodone','2024-10-02',500,'true','Anestesia','ZooPro Health');
INSERT INTO Medicina(IDInsumo,Nombre,Caducidad,Cantidad,Refrigeracion,Tipo,Laboratorio) VALUES (14,'Pentoxifylline','2029-01-10',432,'false','Analgésico','ZooCare Pharmaceuticals');
INSERT INTO Medicina(IDInsumo,Nombre,Caducidad,Cantidad,Refrigeracion,Tipo,Laboratorio) VALUES (15,'Tolazoline','2020-10-14',415,'false','Antihistamínico','AgroVet Labs');
INSERT INTO Medicina(IDInsumo,Nombre,Caducidad,Cantidad,Refrigeracion,Tipo,Laboratorio) VALUES (16,'Dexametasona','2033-04-15',761,'true','Antiinflamatorio','AnimalGuard Labs');
INSERT INTO Medicina(IDInsumo,Nombre,Caducidad,Cantidad,Refrigeracion,Tipo,Laboratorio) VALUES (17,'Sevoflurane','2023-03-08',439,'true','Antiviral','FarmVet Innovations');
INSERT INTO Medicina(IDInsumo,Nombre,Caducidad,Cantidad,Refrigeracion,Tipo,Laboratorio) VALUES (18,'Fluoxetine','2021-07-29',853,'true','Antiviral','FarmAnimal Health');
INSERT INTO Medicina(IDInsumo,Nombre,Caducidad,Cantidad,Refrigeracion,Tipo,Laboratorio) VALUES (19,'Tylosin','2033-12-26',589,'false','Desparasitante','VetPro Research');
INSERT INTO Medicina(IDInsumo,Nombre,Caducidad,Cantidad,Refrigeracion,Tipo,Laboratorio) VALUES (20,'Ketamine','2034-07-03',113,'true','Antibiótico','ZooPro Health');
INSERT INTO Medicina(IDInsumo,Nombre,Caducidad,Cantidad,Refrigeracion,Tipo,Laboratorio) VALUES (21,'Marbofloxacina','2029-07-14',488,'true','Vitamina','LivestockPharma');
INSERT INTO Medicina(IDInsumo,Nombre,Caducidad,Cantidad,Refrigeracion,Tipo,Laboratorio) VALUES (22,'Dihydrostreptomycin','2022-11-29',604,'true','Antiinflamatorio','ZooCare Pharmaceuticals');
INSERT INTO Medicina(IDInsumo,Nombre,Caducidad,Cantidad,Refrigeracion,Tipo,Laboratorio) VALUES (23,'Lansoprazole','2025-02-24',892,'false','Antifúngico','AnimalWise Innovations');
INSERT INTO Medicina(IDInsumo,Nombre,Caducidad,Cantidad,Refrigeracion,Tipo,Laboratorio) VALUES (24,'Famciclovir','2031-12-27',593,'true','Antifúngico','ZooCare Technologies');
INSERT INTO Medicina(IDInsumo,Nombre,Caducidad,Cantidad,Refrigeracion,Tipo,Laboratorio) VALUES (25,'Fenilbutazona','2027-06-22',669,'true','Antiviral','LivestockRx Solutions');
INSERT INTO Medicina(IDInsumo,Nombre,Caducidad,Cantidad,Refrigeracion,Tipo,Laboratorio) VALUES (26,'Ibuprofen','2022-10-20',747,'false','Anestesia','AnimalWise Innovations');
INSERT INTO Medicina(IDInsumo,Nombre,Caducidad,Cantidad,Refrigeracion,Tipo,Laboratorio) VALUES (27,'Loratadina','2023-04-11',309,'false','Analgésico','AnimalLife Labs');
INSERT INTO Medicina(IDInsumo,Nombre,Caducidad,Cantidad,Refrigeracion,Tipo,Laboratorio) VALUES (28,'Tramadol','2025-07-28',229,'true','Antiparasitario','AnimalGuard Labs');
INSERT INTO Medicina(IDInsumo,Nombre,Caducidad,Cantidad,Refrigeracion,Tipo,Laboratorio) VALUES (29,'Toltramate','2033-05-08',873,'true','Antiparasitario','AgriVet Research');
INSERT INTO Medicina(IDInsumo,Nombre,Caducidad,Cantidad,Refrigeracion,Tipo,Laboratorio) VALUES (30,'Fluoxetine','2027-03-10',383,'false','Antibiótico','ZooVet Health');
INSERT INTO Medicina(IDInsumo,Nombre,Caducidad,Cantidad,Refrigeracion,Tipo,Laboratorio) VALUES (31,'Meloxicam','2020-10-15',805,'false','Vitamina','ZooGuard Innovations');
INSERT INTO Medicina(IDInsumo,Nombre,Caducidad,Cantidad,Refrigeracion,Tipo,Laboratorio) VALUES (32,'Penicillin','2033-04-14',838,'false','Inmunosupresor','ZootecnoPharmaTech');
INSERT INTO Medicina(IDInsumo,Nombre,Caducidad,Cantidad,Refrigeracion,Tipo,Laboratorio) VALUES (33,'Dihydrostreptomycin','2023-09-21',851,'false','Antiviral','ZooVet Innovations');
INSERT INTO Medicina(IDInsumo,Nombre,Caducidad,Cantidad,Refrigeracion,Tipo,Laboratorio) VALUES (34,'Chlorpheniramine','2020-01-19',813,'true','Antihistamínico','AgroVet Solutions');
INSERT INTO Medicina(IDInsumo,Nombre,Caducidad,Cantidad,Refrigeracion,Tipo,Laboratorio) VALUES (35,'Roxarsone','2030-11-04',685,'false','Antiviral','AnimalCure Solutions');
INSERT INTO Medicina(IDInsumo,Nombre,Caducidad,Cantidad,Refrigeracion,Tipo,Laboratorio) VALUES (36,'Methimazole','2020-10-18',985,'false','Vitamina','VetAgro Health');
INSERT INTO Medicina(IDInsumo,Nombre,Caducidad,Cantidad,Refrigeracion,Tipo,Laboratorio) VALUES (37,'Zidovudine','2025-09-29',536,'true','Antiviral','ZooVet Health');
INSERT INTO Medicina(IDInsumo,Nombre,Caducidad,Cantidad,Refrigeracion,Tipo,Laboratorio) VALUES (38,'Thiamine','2028-07-22',899,'true','Vitamina','ZooCare Research');
INSERT INTO Medicina(IDInsumo,Nombre,Caducidad,Cantidad,Refrigeracion,Tipo,Laboratorio) VALUES (39,'Procaine','2026-02-03',687,'true','Antifúngico','ZooPro Technologies');
INSERT INTO Medicina(IDInsumo,Nombre,Caducidad,Cantidad,Refrigeracion,Tipo,Laboratorio) VALUES (40,'Roxarsone','2027-11-05',324,'false','Vitamina','AgriVet Innovations');
INSERT INTO Medicina(IDInsumo,Nombre,Caducidad,Cantidad,Refrigeracion,Tipo,Laboratorio) VALUES (41,'Fenbendazol','2033-10-12',857,'false','Inmunosupresor','AnimalGuard Pharmaceuticals');
INSERT INTO Medicina(IDInsumo,Nombre,Caducidad,Cantidad,Refrigeracion,Tipo,Laboratorio) VALUES (42,'Gentamicin','2021-11-17',658,'false','Vitamina','FarmAnimal Solutions');
INSERT INTO Medicina(IDInsumo,Nombre,Caducidad,Cantidad,Refrigeracion,Tipo,Laboratorio) VALUES (43,'Sulfadimethoxine','2025-04-03',293,'true','Inmunosupresor','AnimalGuard Pharmaceuticals');
INSERT INTO Medicina(IDInsumo,Nombre,Caducidad,Cantidad,Refrigeracion,Tipo,Laboratorio) VALUES (44,'Haloperidol','2032-02-05',544,'true','Desparasitante','AnimalGuard Innovations');
INSERT INTO Medicina(IDInsumo,Nombre,Caducidad,Cantidad,Refrigeracion,Tipo,Laboratorio) VALUES (45,'Piperacilina','2034-11-26',144,'true','Antiinflamatorio','VetLife Labs');
INSERT INTO Medicina(IDInsumo,Nombre,Caducidad,Cantidad,Refrigeracion,Tipo,Laboratorio) VALUES (46,'Digoxina','2022-11-15',363,'true','Antiviral','Nombre');
INSERT INTO Medicina(IDInsumo,Nombre,Caducidad,Cantidad,Refrigeracion,Tipo,Laboratorio) VALUES (47,'Doxycycline','2025-07-11',258,'false','Anestesia','AgriLivestock Innovations');
INSERT INTO Medicina(IDInsumo,Nombre,Caducidad,Cantidad,Refrigeracion,Tipo,Laboratorio) VALUES (48,'Sucralfate','2021-06-04',119,'false','Desparasitante','ZooVet Health');
INSERT INTO Medicina(IDInsumo,Nombre,Caducidad,Cantidad,Refrigeracion,Tipo,Laboratorio) VALUES (49,'Toltrazuril','2033-12-27',928,'true','Antiinflamatorio','VetZoo Formulas');
INSERT INTO Medicina(IDInsumo,Nombre,Caducidad,Cantidad,Refrigeracion,Tipo,Laboratorio) VALUES (50,'Ketoprofeno','2020-10-26',899,'true','Antiinflamatorio','FarmGuard Pharmaceuticals');
INSERT INTO Medicina(IDInsumo,Nombre,Caducidad,Cantidad,Refrigeracion,Tipo,Laboratorio) VALUES (51,'Ketamine','2021-02-05',647,'true','Antibiótico','ZooTech Innovations');
INSERT INTO Medicina(IDInsumo,Nombre,Caducidad,Cantidad,Refrigeracion,Tipo,Laboratorio) VALUES (52,'Clomipramine','2029-03-21',777,'false','Anestesia','AgriVet Innovations');
INSERT INTO Medicina(IDInsumo,Nombre,Caducidad,Cantidad,Refrigeracion,Tipo,Laboratorio) VALUES (53,'Sulfadimethoxine','2021-11-19',256,'false','Antifúngico','AnimalLife Labs');
INSERT INTO Medicina(IDInsumo,Nombre,Caducidad,Cantidad,Refrigeracion,Tipo,Laboratorio) VALUES (54,'Toltrazuril','2022-10-29',573,'true','Desparasitante','AgriVet Pharma');
INSERT INTO Medicina(IDInsumo,Nombre,Caducidad,Cantidad,Refrigeracion,Tipo,Laboratorio) VALUES (55,'Sevoflurane','2021-02-20',803,'false','Antibiótico','ZootecnoMedix');
INSERT INTO Medicina(IDInsumo,Nombre,Caducidad,Cantidad,Refrigeracion,Tipo,Laboratorio) VALUES (56,'Rifampicin','2021-01-21',114,'true','Vitamina','ZootecnoLife Pharmaceuticals');
INSERT INTO Medicina(IDInsumo,Nombre,Caducidad,Cantidad,Refrigeracion,Tipo,Laboratorio) VALUES (57,'Ceftiofur','2030-02-09',670,'true','Anestesia','VetZoo Laboratories');
INSERT INTO Medicina(IDInsumo,Nombre,Caducidad,Cantidad,Refrigeracion,Tipo,Laboratorio) VALUES (58,'Dinoprost','2034-10-18',312,'false','Antihistamínico','FarmAnimal Solutions');
INSERT INTO Medicina(IDInsumo,Nombre,Caducidad,Cantidad,Refrigeracion,Tipo,Laboratorio) VALUES (59,'Lorazepam','2022-01-28',659,'true','Antiviral','FarmAnimal Health');
INSERT INTO Medicina(IDInsumo,Nombre,Caducidad,Cantidad,Refrigeracion,Tipo,Laboratorio) VALUES (60,'Levamisole','2023-04-15',551,'false','Desparasitante','AgroGuard Pharmaceuticals');
INSERT INTO Medicina(IDInsumo,Nombre,Caducidad,Cantidad,Refrigeracion,Tipo,Laboratorio) VALUES (61,'Fenbendazole','2022-09-12',450,'false','Antiinflamatorio','ZooWell Innovations');
INSERT INTO Medicina(IDInsumo,Nombre,Caducidad,Cantidad,Refrigeracion,Tipo,Laboratorio) VALUES (62,'Metronidazole','2026-11-05',752,'false','Anestesia','ZooWell Innovations');
INSERT INTO Medicina(IDInsumo,Nombre,Caducidad,Cantidad,Refrigeracion,Tipo,Laboratorio) VALUES (63,'Doxycycline','2020-04-13',395,'true','Antifúngico','ZooTech Innovations');
INSERT INTO Medicina(IDInsumo,Nombre,Caducidad,Cantidad,Refrigeracion,Tipo,Laboratorio) VALUES (64,'Fenbendazole','2034-12-13',802,'false','Antibiótico','AgriVet Sciences');
INSERT INTO Medicina(IDInsumo,Nombre,Caducidad,Cantidad,Refrigeracion,Tipo,Laboratorio) VALUES (65,'Ofloxacin','2025-04-09',201,'true','Analgésico','AnimalPro Formulas');
INSERT INTO Medicina(IDInsumo,Nombre,Caducidad,Cantidad,Refrigeracion,Tipo,Laboratorio) VALUES (66,'Minocycline','2031-08-06',874,'false','Anestesia','AnimalCure Solutions');
INSERT INTO Medicina(IDInsumo,Nombre,Caducidad,Cantidad,Refrigeracion,Tipo,Laboratorio) VALUES (67,'Dinoprost','2025-10-20',431,'false','Anestesia','ZooWell Health');
INSERT INTO Medicina(IDInsumo,Nombre,Caducidad,Cantidad,Refrigeracion,Tipo,Laboratorio) VALUES (68,'Fenilbutazona','2025-01-03',650,'true','Antiinflamatorio','VetLife Pharmaceuticals');
INSERT INTO Medicina(IDInsumo,Nombre,Caducidad,Cantidad,Refrigeracion,Tipo,Laboratorio) VALUES (69,'Levetiracetam','2031-06-13',845,'false','Inmunosupresor','AnimalGuard Innovations');
INSERT INTO Medicina(IDInsumo,Nombre,Caducidad,Cantidad,Refrigeracion,Tipo,Laboratorio) VALUES (70,'Fenilbutazona','2025-05-21',523,'true','Antiinflamatorio','ZootecnoMedix');
INSERT INTO Medicina(IDInsumo,Nombre,Caducidad,Cantidad,Refrigeracion,Tipo,Laboratorio) VALUES (71,'Naproxen','2024-01-05',345,'false','Antiviral','ZootecnoLife Pharmaceuticals');
INSERT INTO Medicina(IDInsumo,Nombre,Caducidad,Cantidad,Refrigeracion,Tipo,Laboratorio) VALUES (72,'Prednisolona','2027-06-21',126,'false','Antihistamínico','VetZoo Formulas');
INSERT INTO Medicina(IDInsumo,Nombre,Caducidad,Cantidad,Refrigeracion,Tipo,Laboratorio) VALUES (73,'Paroxetine','2025-01-13',269,'false','Vitamina','AnimalPharma Research');
INSERT INTO Medicina(IDInsumo,Nombre,Caducidad,Cantidad,Refrigeracion,Tipo,Laboratorio) VALUES (74,'Fipronil','2024-11-12',278,'true','Anestesia','ZootecnoLife Pharmaceuticals');
INSERT INTO Medicina(IDInsumo,Nombre,Caducidad,Cantidad,Refrigeracion,Tipo,Laboratorio) VALUES (75,'Tetracycline','2021-02-21',439,'true','Antiinflamatorio','AgroVet Formulas');
INSERT INTO Medicina(IDInsumo,Nombre,Caducidad,Cantidad,Refrigeracion,Tipo,Laboratorio) VALUES (76,'Pentoxifylline','2022-07-16',163,'false','Desparasitante','VetAnimal Pharmaceuticals');
INSERT INTO Medicina(IDInsumo,Nombre,Caducidad,Cantidad,Refrigeracion,Tipo,Laboratorio) VALUES (77,'Ceftiofur','2024-11-26',454,'false','Desparasitante','LivestockPharma Solutions');
INSERT INTO Medicina(IDInsumo,Nombre,Caducidad,Cantidad,Refrigeracion,Tipo,Laboratorio) VALUES (78,'Fipronil','2028-09-10',642,'true','Desparasitante','AnimalPro Formulas');
INSERT INTO Medicina(IDInsumo,Nombre,Caducidad,Cantidad,Refrigeracion,Tipo,Laboratorio) VALUES (79,'Rifampin','2026-07-10',204,'false','Antiparasitario','LivestockPharma Solutions');
INSERT INTO Medicina(IDInsumo,Nombre,Caducidad,Cantidad,Refrigeracion,Tipo,Laboratorio) VALUES (80,'Clomipramine','2034-02-12',783,'false','Desparasitante','FarmAnimal Labs');
INSERT INTO Medicina(IDInsumo,Nombre,Caducidad,Cantidad,Refrigeracion,Tipo,Laboratorio) VALUES (81,'Pimobendan','2029-11-19',158,'false','Antiparasitario','FarmVet Pharma');
INSERT INTO Medicina(IDInsumo,Nombre,Caducidad,Cantidad,Refrigeracion,Tipo,Laboratorio) VALUES (82,'Tobramycin','2023-02-26',417,'true','Antiinflamatorio','ZooWell Formulations');
INSERT INTO Medicina(IDInsumo,Nombre,Caducidad,Cantidad,Refrigeracion,Tipo,Laboratorio) VALUES (83,'Ciprofloxacina','2029-03-09',251,'false','Vitamina','AgriVet Sciences');
INSERT INTO Medicina(IDInsumo,Nombre,Caducidad,Cantidad,Refrigeracion,Tipo,Laboratorio) VALUES (84,'Cefalexina','2023-12-09',993,'false','Inmunosupresor','ZooSafe Formulas');
INSERT INTO Medicina(IDInsumo,Nombre,Caducidad,Cantidad,Refrigeracion,Tipo,Laboratorio) VALUES (85,'Piperacilina','2024-05-10',360,'false','Desparasitante','Farmavet Science');
INSERT INTO Medicina(IDInsumo,Nombre,Caducidad,Cantidad,Refrigeracion,Tipo,Laboratorio) VALUES (86,'Penicillin','2026-05-31',826,'false','Antihistamínico','LivestockRx Labs');
INSERT INTO Medicina(IDInsumo,Nombre,Caducidad,Cantidad,Refrigeracion,Tipo,Laboratorio) VALUES (87,'Ciclosporina','2020-08-20',575,'false','Anestesia','VetZoo Formulas');
INSERT INTO Medicina(IDInsumo,Nombre,Caducidad,Cantidad,Refrigeracion,Tipo,Laboratorio) VALUES (88,'Fluconazol','2022-01-10',230,'false','Analgésico','ZootecnoLife Solutions');
INSERT INTO Medicina(IDInsumo,Nombre,Caducidad,Cantidad,Refrigeracion,Tipo,Laboratorio) VALUES (89,'Voriconazole','2027-04-11',598,'true','Antifúngico','LivestockPharma');
INSERT INTO Medicina(IDInsumo,Nombre,Caducidad,Cantidad,Refrigeracion,Tipo,Laboratorio) VALUES (90,'Paroxetine','2026-05-01',334,'true','Desparasitante','BioVet Research');
INSERT INTO Medicina(IDInsumo,Nombre,Caducidad,Cantidad,Refrigeracion,Tipo,Laboratorio) VALUES (91,'Naproxen','2020-07-23',967,'true','Anestesia','AgroVet Science');
INSERT INTO Medicina(IDInsumo,Nombre,Caducidad,Cantidad,Refrigeracion,Tipo,Laboratorio) VALUES (92,'Phenylbutazone','2027-05-21',737,'true','Desparasitante','FarmAnimal Labs');
INSERT INTO Medicina(IDInsumo,Nombre,Caducidad,Cantidad,Refrigeracion,Tipo,Laboratorio) VALUES (93,'Amantadine','2028-09-28',412,'true','Antibiótico','LivestockPharma');
INSERT INTO Medicina(IDInsumo,Nombre,Caducidad,Cantidad,Refrigeracion,Tipo,Laboratorio) VALUES (94,'Doxycycline','2030-04-07',760,'true','Anestesia','AgriVet Sciences');
INSERT INTO Medicina(IDInsumo,Nombre,Caducidad,Cantidad,Refrigeracion,Tipo,Laboratorio) VALUES (95,'Nombre','2030-10-20',674,'false','Antiparasitario','ZootecnoMedix');
INSERT INTO Medicina(IDInsumo,Nombre,Caducidad,Cantidad,Refrigeracion,Tipo,Laboratorio) VALUES (96,'Metronidazol','2032-11-22',278,'false','Antibiótico','VetFarm Labs');
INSERT INTO Medicina(IDInsumo,Nombre,Caducidad,Cantidad,Refrigeracion,Tipo,Laboratorio) VALUES (97,'Metronidazole','2023-11-12',987,'true','Antiviral','AgriVet Solutions');
INSERT INTO Medicina(IDInsumo,Nombre,Caducidad,Cantidad,Refrigeracion,Tipo,Laboratorio) VALUES (98,'Zolpidem','2029-06-02',160,'true','Antiviral','ZooMed Research');
INSERT INTO Medicina(IDInsumo,Nombre,Caducidad,Cantidad,Refrigeracion,Tipo,Laboratorio) VALUES (99,'Toltrazuril','2031-03-23',857,'false','Antifúngico','VetLife Pharmaceuticals');
INSERT INTO Medicina(IDInsumo,Nombre,Caducidad,Cantidad,Refrigeracion,Tipo,Laboratorio) VALUES (100,'Paroxetine','2030-01-02',790,'false','Antibiótico','LivestockRx Labs');


