INSERT INTO Proveedor(IDPersona,Nombre,ApellidoPaterno,ApellidoMaterno,Nacimiento,RFC,Genero,InicioContrato,FinContrato,NumInt,NumExt,Calle,Colonia,CodigoPostal,Estado,Costo,Producto,Frecuencia) VALUES (1,'LUKA','SEVILLANO','ASCENCIO','1998-04-30','SEAL980430','F','2000-07-18','2019-03-12',129,85,'Av. de los Insurgentes Sur','Ctm X Culhuacan (U Hab)',11509,'Juarez',6033.12,'Medicina',3);
INSERT INTO Proveedor(IDPersona,Nombre,ApellidoPaterno,ApellidoMaterno,Nacimiento,RFC,Genero,InicioContrato,FinContrato,NumInt,NumExt,Calle,Colonia,CodigoPostal,Estado,Costo,Producto,Frecuencia) VALUES (2,'HORTENCIA','BELTRAN','CADENGO','1973-04-25','BECH730425','F','2002-05-02','2011-06-19',115,11,'James Sullivan','Jaime S Emiliano G',4951,'Batan Viejo (El Maestro)',8642.1,'Alimento',2);
INSERT INTO Proveedor(IDPersona,Nombre,ApellidoPaterno,ApellidoMaterno,Nacimiento,RFC,Genero,InicioContrato,FinContrato,NumInt,NumExt,Calle,Colonia,CodigoPostal,Estado,Costo,Producto,Frecuencia) VALUES (3,'JADE','DE LA PALMA','CHIMALPOPOCA','1971-07-11','DECJ710711','M','2008-04-28','2010-12-03',103,5,'Eje 2 Poniente Rio Tiber','Cuchilla De Padierna',5959,'Independencia San Ramon (U Hab)',5805.37,'Medicina',1);
INSERT INTO Proveedor(IDPersona,Nombre,ApellidoPaterno,ApellidoMaterno,Nacimiento,RFC,Genero,InicioContrato,FinContrato,NumInt,NumExt,Calle,Colonia,CodigoPostal,Estado,Costo,Producto,Frecuencia) VALUES (4,'NAOMI','NEMER','FIALLO','1986-07-11','NEFN860711','F','2009-10-05','2015-12-04',39,70,'Av. Zacatepetl','San Lucas (Barr)',4556,'Romero De Terreros (Cond)',5615.71,'Alimento',3);
INSERT INTO Proveedor(IDPersona,Nombre,ApellidoPaterno,ApellidoMaterno,Nacimiento,RFC,Genero,InicioContrato,FinContrato,NumInt,NumExt,Calle,Colonia,CodigoPostal,Estado,Costo,Producto,Frecuencia) VALUES (5,'ESLI','MENCHACA','VALLEJON','1987-06-24','MEVE870624','M','2007-09-20','2022-08-20',108,155,'Eje 10A Sur Av. Universidad','Agricola Oriental Viii',7376,'Santa Maria Aztahuacan (Ej)',5084.81,'Medicina',3);
INSERT INTO Proveedor(IDPersona,Nombre,ApellidoPaterno,ApellidoMaterno,Nacimiento,RFC,Genero,InicioContrato,FinContrato,NumInt,NumExt,Calle,Colonia,CodigoPostal,Estado,Costo,Producto,Frecuencia) VALUES (6,'NATHALIA','CAJUN','VERTTI','1999-03-25','CAVN990325','M','2005-09-19','2021-03-16',121,97,'Eje 4 Sur Prolongacion Plutarco Elias Calles','Tenorios (Ampl)',14918,'Nonoalco-Tlatelolco (U Hab)',6372.14,'Alimento',3);
INSERT INTO Proveedor(IDPersona,Nombre,ApellidoPaterno,ApellidoMaterno,Nacimiento,RFC,Genero,InicioContrato,FinContrato,NumInt,NumExt,Calle,Colonia,CodigoPostal,Estado,Costo,Producto,Frecuencia) VALUES (7,'COSME','RACHED','MULATO','1999-12-16','RAMC991216','F','2010-05-14','2022-08-24',145,129,'Eje 3 Poniente Amores','Huasipungo (U Hab)',9330,'Morales Seccion Palmas (Polanco)',10392.95,'Alimento',2);
INSERT INTO Proveedor(IDPersona,Nombre,ApellidoPaterno,ApellidoMaterno,Nacimiento,RFC,Genero,InicioContrato,FinContrato,NumInt,NumExt,Calle,Colonia,CodigoPostal,Estado,Costo,Producto,Frecuencia) VALUES (8,'ARALY','TAMEZ','ASENCION','1988-12-12','TAAA881212','F','2009-12-05','2017-01-18',50,15,'Av. Ejercito Nacional Mexicano','Juristas',11405,'Los  Encinos',12774.75,'Alimento',3);
INSERT INTO Proveedor(IDPersona,Nombre,ApellidoPaterno,ApellidoMaterno,Nacimiento,RFC,Genero,InicioContrato,FinContrato,NumInt,NumExt,Calle,Colonia,CodigoPostal,Estado,Costo,Producto,Frecuencia) VALUES (9,'DOLLY','RIEGO','MURCIA','1967-01-17','RIMD670117','M','2002-03-02','2018-12-28',131,136,'Eje 3 Norte Av. Cuitlahuac','La Joya',9211,'San Antonio Culhuacan (Barr)',5409.07,'Alimento',2);
INSERT INTO Proveedor(IDPersona,Nombre,ApellidoPaterno,ApellidoMaterno,Nacimiento,RFC,Genero,InicioContrato,FinContrato,NumInt,NumExt,Calle,Colonia,CodigoPostal,Estado,Costo,Producto,Frecuencia) VALUES (10,'KENIA','RICARIO','AGUSTIMIANO','1987-01-26','RIAK870126','M','2000-05-16','2022-05-21',75,172,'Av. Ejercito Nacional Mexicano','Atocpa',10677,'Granjas Esmeralda',14596.18,'Medicina',3);
INSERT INTO Proveedor(IDPersona,Nombre,ApellidoPaterno,ApellidoMaterno,Nacimiento,RFC,Genero,InicioContrato,FinContrato,NumInt,NumExt,Calle,Colonia,CodigoPostal,Estado,Costo,Producto,Frecuencia) VALUES (11,'TAILI','NERY','MIXTEGA','1985-08-17','NEMT850817','M','2001-11-01','2019-08-03',20,75,'Molino del Rey','Nueva España',11435,'La Santisima (Barr)',9883.99,'Alimento',1);
INSERT INTO Proveedor(IDPersona,Nombre,ApellidoPaterno,ApellidoMaterno,Nacimiento,RFC,Genero,InicioContrato,FinContrato,NumInt,NumExt,Calle,Colonia,CodigoPostal,Estado,Costo,Producto,Frecuencia) VALUES (12,'TANNYA','BEULO','MIRNA','1965-01-21','BEMT650121','F','2006-04-23','2013-05-16',74,158,'Av. Juan de Dios Batiz','Na Hal Ti (U Hab)',8702,'Camino A San Juan De Aragon (Pblo)',7904.07,'Alimento',2);
INSERT INTO Proveedor(IDPersona,Nombre,ApellidoPaterno,ApellidoMaterno,Nacimiento,RFC,Genero,InicioContrato,FinContrato,NumInt,NumExt,Calle,Colonia,CodigoPostal,Estado,Costo,Producto,Frecuencia) VALUES (13,'ELEAZAR','ABAZAN','TOME','1989-06-23','ABTE890623','F','2004-06-27','2015-04-18',94,135,'Av. 3-A','Ramos Millan Bramadero',15797,'San Bartolo Cahualtongo (Pblo)',7042.22,'Medicina',1);
INSERT INTO Proveedor(IDPersona,Nombre,ApellidoPaterno,ApellidoMaterno,Nacimiento,RFC,Genero,InicioContrato,FinContrato,NumInt,NumExt,Calle,Colonia,CodigoPostal,Estado,Costo,Producto,Frecuencia) VALUES (14,'HORUS','Y YAM','FERRERA','1966-04-16','Y FH660416','F','2001-06-30','2015-05-26',19,138,'Eje 2 A Sur Francisco Javier Clavijero','Villas Azcapotzalco (U Hab)',9614,'Parajes Buenavista (Tetecon)',12778.79,'Medicina',1);
INSERT INTO Proveedor(IDPersona,Nombre,ApellidoPaterno,ApellidoMaterno,Nacimiento,RFC,Genero,InicioContrato,FinContrato,NumInt,NumExt,Calle,Colonia,CodigoPostal,Estado,Costo,Producto,Frecuencia) VALUES (15,'JOSEHP','PELAYO','ORDOÑEZ','1996-06-27','PEOJ960627','M','2007-01-14','2021-12-30',78,105,'Eje 3 Oriente Francisco del Paso y Troncoso','Ojo De Agua',7434,'Mirador',9284.47,'Alimento',2);
INSERT INTO Proveedor(IDPersona,Nombre,ApellidoPaterno,ApellidoMaterno,Nacimiento,RFC,Genero,InicioContrato,FinContrato,NumInt,NumExt,Calle,Colonia,CodigoPostal,Estado,Costo,Producto,Frecuencia) VALUES (16,'SKARLETH','SUNZA','SAUZA','1990-06-12','SUSS900612','M','2001-03-22','2015-05-25',126,117,'Eje 3 Sur Dr. Ignacio Morones Prieto','Jose Lopez Portillo',9843,'San Lorenzo Atemoaya (Pblo)',9582.17,'Alimento',1);
INSERT INTO Proveedor(IDPersona,Nombre,ApellidoPaterno,ApellidoMaterno,Nacimiento,RFC,Genero,InicioContrato,FinContrato,NumInt,NumExt,Calle,Colonia,CodigoPostal,Estado,Costo,Producto,Frecuencia) VALUES (17,'HARUMI','CANELA','NONATO','1971-05-22','CANH710522','F','2003-09-11','2013-10-18',45,114,'Eje 9 Sur Miguel Angel de Quevedo','San Jose Obrero',10076,'San Pedro Zacatenco (Pblo)',11201.4,'Medicina',1);
INSERT INTO Proveedor(IDPersona,Nombre,ApellidoPaterno,ApellidoMaterno,Nacimiento,RFC,Genero,InicioContrato,FinContrato,NumInt,NumExt,Calle,Colonia,CodigoPostal,Estado,Costo,Producto,Frecuencia) VALUES (18,'NEREIDA','BORUNDA','TUT','1990-01-03','BOTN900103','F','2007-06-16','2011-05-25',33,84,'Eje 1 Oriente Vidal Alcocer','Aviacion Civil (Ampl)',3104,'San Mateo (Barr)',11117.99,'Alimento',2);
INSERT INTO Proveedor(IDPersona,Nombre,ApellidoPaterno,ApellidoMaterno,Nacimiento,RFC,Genero,InicioContrato,FinContrato,NumInt,NumExt,Calle,Colonia,CodigoPostal,Estado,Costo,Producto,Frecuencia) VALUES (19,'HANNA','SERRALTA','CALIXTRO','1986-01-21','SECH860121','F','2007-11-20','2014-08-27',26,123,'Anillo Periferico Boulevard Manuel Avila Camacho','Cocoyotes (Ampl)',7848,'Zotoltitla',6522.71,'Alimento',1);
INSERT INTO Proveedor(IDPersona,Nombre,ApellidoPaterno,ApellidoMaterno,Nacimiento,RFC,Genero,InicioContrato,FinContrato,NumInt,NumExt,Calle,Colonia,CodigoPostal,Estado,Costo,Producto,Frecuencia) VALUES (20,'MARLO','DE COSS','URQUIN','1985-03-25','DEUM850325','M','2008-03-29','2015-01-11',75,90,'Prolongacion Bosques de la Reforma','Los Angeles Apanoaya',1965,'Santa Anita',10410.74,'Medicina',2);
INSERT INTO Proveedor(IDPersona,Nombre,ApellidoPaterno,ApellidoMaterno,Nacimiento,RFC,Genero,InicioContrato,FinContrato,NumInt,NumExt,Calle,Colonia,CodigoPostal,Estado,Costo,Producto,Frecuencia) VALUES (21,'NIKOOL','CALIHUA','GRANIEL','1988-07-10','CAGN880710','M','2000-03-14','2014-04-11',84,131,'Eje 5 Norte Cantera','Corpus Christy',14155,'Na Hal Ti (U Hab)',9311.21,'Alimento',2);
INSERT INTO Proveedor(IDPersona,Nombre,ApellidoPaterno,ApellidoMaterno,Nacimiento,RFC,Genero,InicioContrato,FinContrato,NumInt,NumExt,Calle,Colonia,CodigoPostal,Estado,Costo,Producto,Frecuencia) VALUES (22,'KARIN','MULATO','Y ORTEGA','1993-02-09','MUYK930209','M','2008-12-04','2015-05-19',48,44,'Av. Marina Nacional','San Francisco Tlalnepantla (Pblo)',12654,'Olimpica',8691.45,'Medicina',3);
INSERT INTO Proveedor(IDPersona,Nombre,ApellidoPaterno,ApellidoMaterno,Nacimiento,RFC,Genero,InicioContrato,FinContrato,NumInt,NumExt,Calle,Colonia,CodigoPostal,Estado,Costo,Producto,Frecuencia) VALUES (23,'MARLON','ROMANO','AC','1985-07-23','ROAM850723','F','2001-11-22','2021-05-02',16,19,'Av. Industria Militar','Indeco (U Hab)',13097,'Manuel Rivera Anaya Croc  (U Hab)',11861.72,'Medicina',3);
INSERT INTO Proveedor(IDPersona,Nombre,ApellidoPaterno,ApellidoMaterno,Nacimiento,RFC,Genero,InicioContrato,FinContrato,NumInt,NumExt,Calle,Colonia,CodigoPostal,Estado,Costo,Producto,Frecuencia) VALUES (24,'EVERARDO','MONTAÑEZ','ALMONACI','1984-08-11','MOAE840811','F','2010-05-25','2017-05-21',121,64,'Eje 6 Sur Angel Urraza','San Juan Tlihuaca (Pblo)',7902,'Popo (Ampl)',13791.63,'Medicina',1);
INSERT INTO Proveedor(IDPersona,Nombre,ApellidoPaterno,ApellidoMaterno,Nacimiento,RFC,Genero,InicioContrato,FinContrato,NumInt,NumExt,Calle,Colonia,CodigoPostal,Estado,Costo,Producto,Frecuencia) VALUES (25,'SALOMON','MEGCHUN','LINARTE','1981-02-17','MELS810217','M','2007-04-01','2012-06-23',140,144,'Av. Zacatepetl','Emancipacion Del Pueblo (U Hab)',1096,'Guadalupe Insurgentes',5200.92,'Alimento',1);
INSERT INTO Proveedor(IDPersona,Nombre,ApellidoPaterno,ApellidoMaterno,Nacimiento,RFC,Genero,InicioContrato,FinContrato,NumInt,NumExt,Calle,Colonia,CodigoPostal,Estado,Costo,Producto,Frecuencia) VALUES (26,'ANETH','AVELLA','MARCELINA','1999-04-19','AVMA990419','F','2000-11-20','2017-12-28',102,90,'Eje 3 Oriente Calzada Gral. Ignacio Zaragoza','Pasteros',15564,'Cuatro Arboles',14214.1,'Alimento',3);
INSERT INTO Proveedor(IDPersona,Nombre,ApellidoPaterno,ApellidoMaterno,Nacimiento,RFC,Genero,InicioContrato,FinContrato,NumInt,NumExt,Calle,Colonia,CodigoPostal,Estado,Costo,Producto,Frecuencia) VALUES (27,'BRITANY','ORAN','BARNET','1991-07-12','ORBB910712','M','2002-06-18','2012-12-09',53,18,'Eje 3 Norte 16 de Septiembre','Narvarte',4775,'El Arbolillo 1 (U Hab)',14723.01,'Alimento',2);
INSERT INTO Proveedor(IDPersona,Nombre,ApellidoPaterno,ApellidoMaterno,Nacimiento,RFC,Genero,InicioContrato,FinContrato,NumInt,NumExt,Calle,Colonia,CodigoPostal,Estado,Costo,Producto,Frecuencia) VALUES (28,'PATRIK','CALERO','SARTIAGUIN','1992-03-18','CASP920318','M','2006-08-13','2015-09-01',62,172,'Calzada General Ignacio Zaragoza','Irrigacion',7616,'Transito',10850.78,'Medicina',1);
INSERT INTO Proveedor(IDPersona,Nombre,ApellidoPaterno,ApellidoMaterno,Nacimiento,RFC,Genero,InicioContrato,FinContrato,NumInt,NumExt,Calle,Colonia,CodigoPostal,Estado,Costo,Producto,Frecuencia) VALUES (29,'CHRISTELLE','ALVA','ARMIENTA','1996-04-06','ALAC960406','F','2003-01-25','2018-07-24',92,49,'Camino a Nativitas','Los Gamitos',9058,'Barrio Oxtopulco Universidad',7277.73,'Medicina',2);
INSERT INTO Proveedor(IDPersona,Nombre,ApellidoPaterno,ApellidoMaterno,Nacimiento,RFC,Genero,InicioContrato,FinContrato,NumInt,NumExt,Calle,Colonia,CodigoPostal,Estado,Costo,Producto,Frecuencia) VALUES (30,'LENYN','ESPAÑA','MELCHI','1998-03-26','ESML980326','F','2007-10-18','2019-09-05',87,154,'Av. Ceylan','Belvedere',5026,'Tres Estrellas',15256.1,'Alimento',3);
INSERT INTO Proveedor(IDPersona,Nombre,ApellidoPaterno,ApellidoMaterno,Nacimiento,RFC,Genero,InicioContrato,FinContrato,NumInt,NumExt,Calle,Colonia,CodigoPostal,Estado,Costo,Producto,Frecuencia) VALUES (31,'ANTOINE','BRIBIESCAS','HUARACHA','2001-04-20','BRHA010420','F','2008-01-15','2017-10-09',48,3,'Av. Oceania','San Salvador Cuauhtenco (Pblo)',6118,'Moctezuma 1a Seccion',11708.3,'Alimento',2);
INSERT INTO Proveedor(IDPersona,Nombre,ApellidoPaterno,ApellidoMaterno,Nacimiento,RFC,Genero,InicioContrato,FinContrato,NumInt,NumExt,Calle,Colonia,CodigoPostal,Estado,Costo,Producto,Frecuencia) VALUES (32,'ARIANE','DEFERIA','BENITO','1979-04-03','DEBA790403','F','2003-04-28','2019-03-31',11,41,'Eje 1A Sur Av. Chapultepec','Parque Residencial San Antonio (U Hab)',1159,'Ecologica Novedades Impacto (U Hab)',9441.73,'Alimento',1);
INSERT INTO Proveedor(IDPersona,Nombre,ApellidoPaterno,ApellidoMaterno,Nacimiento,RFC,Genero,InicioContrato,FinContrato,NumInt,NumExt,Calle,Colonia,CodigoPostal,Estado,Costo,Producto,Frecuencia) VALUES (33,'ANAELI','MAGADAN','LAVENANT','2004-03-31','MALA040331','F','2007-10-07','2015-04-13',111,181,'Eje 7 Sur Extremadura','Piloto (Adolfo Lopez Mateos)',12158,'Nueva Generacion 103',13668.09,'Alimento',1);
INSERT INTO Proveedor(IDPersona,Nombre,ApellidoPaterno,ApellidoMaterno,Nacimiento,RFC,Genero,InicioContrato,FinContrato,NumInt,NumExt,Calle,Colonia,CodigoPostal,Estado,Costo,Producto,Frecuencia) VALUES (34,'ISMERAI','RESCALVO','XULUC','1996-08-16','REXI960816','F','2009-06-05','2016-11-15',52,80,'Eje 2 A Sur San Luis Potosi','Minerva',1472,'La Pera Xochinahuac (U Hab)',10853.86,'Medicina',2);
INSERT INTO Proveedor(IDPersona,Nombre,ApellidoPaterno,ApellidoMaterno,Nacimiento,RFC,Genero,InicioContrato,FinContrato,NumInt,NumExt,Calle,Colonia,CodigoPostal,Estado,Costo,Producto,Frecuencia) VALUES (35,'EILEN','LOMAN','LIGONIO','1998-02-18','LOLE980218','F','2007-05-04','2023-07-11',103,58,'Circuito Interior Boulevard Puerto Aereo','Tempiluli',1309,'Santa Fe Km 8.5',9777.38,'Alimento',2);
INSERT INTO Proveedor(IDPersona,Nombre,ApellidoPaterno,ApellidoMaterno,Nacimiento,RFC,Genero,InicioContrato,FinContrato,NumInt,NumExt,Calle,Colonia,CodigoPostal,Estado,Costo,Producto,Frecuencia) VALUES (36,'JESICA','L','LIVERA','1966-06-12','LLJ660612','M','2008-01-19','2020-12-21',96,158,'Eje 1A Sur Jose Maria Izazaga','Infonavit (U Hab)',1378,'Pedregal De Sto Domingo Iv',10942.2,'Alimento',2);
INSERT INTO Proveedor(IDPersona,Nombre,ApellidoPaterno,ApellidoMaterno,Nacimiento,RFC,Genero,InicioContrato,FinContrato,NumInt,NumExt,Calle,Colonia,CodigoPostal,Estado,Costo,Producto,Frecuencia) VALUES (37,'ATZURI','OCAÑO','OTAÑEZ','1968-11-06','OCOA681106','M','2003-12-16','2013-10-21',71,155,'Calzada Coyuya','San Miguel  Xicalco (Pblo)',13574,'Atlampa',7244.3,'Medicina',3);
INSERT INTO Proveedor(IDPersona,Nombre,ApellidoPaterno,ApellidoMaterno,Nacimiento,RFC,Genero,InicioContrato,FinContrato,NumInt,NumExt,Calle,Colonia,CodigoPostal,Estado,Costo,Producto,Frecuencia) VALUES (38,'FIORELLA','ESTEBANEZ','ELENES','2001-03-27','ESEF010327','M','2008-03-26','2017-12-19',143,27,'Av. Altavista','Presidente Madero (U Hab)',10264,'Lomas De Plateros (U Hab)',6575.27,'Alimento',2);
INSERT INTO Proveedor(IDPersona,Nombre,ApellidoPaterno,ApellidoMaterno,Nacimiento,RFC,Genero,InicioContrato,FinContrato,NumInt,NumExt,Calle,Colonia,CodigoPostal,Estado,Costo,Producto,Frecuencia) VALUES (39,'ABIGAIL','ATECPANECATL','MOO','1965-01-05','ATMA650105','F','2006-10-06','2016-09-23',77,35,'Eje 1 Oriente Mariano Arista','San Antonio (Fracc)',10162,'Cañada Del Olivar (U Hab)',14749.11,'Alimento',3);
INSERT INTO Proveedor(IDPersona,Nombre,ApellidoPaterno,ApellidoMaterno,Nacimiento,RFC,Genero,InicioContrato,FinContrato,NumInt,NumExt,Calle,Colonia,CodigoPostal,Estado,Costo,Producto,Frecuencia) VALUES (40,'RUT','TISNADO','MAAS','1969-08-01','TIMR690801','F','2003-05-29','2020-08-29',11,181,'Año de Juarez','Valle De Luces (U Hab)',6885,'Canal Once (U Hab)',13045.25,'Alimento',3);
INSERT INTO Proveedor(IDPersona,Nombre,ApellidoPaterno,ApellidoMaterno,Nacimiento,RFC,Genero,InicioContrato,FinContrato,NumInt,NumExt,Calle,Colonia,CodigoPostal,Estado,Costo,Producto,Frecuencia) VALUES (41,'KERIN','NORATO','PIÑUELAS','1992-08-13','NOPK920813','M','2005-01-23','2017-12-13',45,102,'Eje 4 Sur Av. Te','Culhuacan (Pblo)',8362,'Mexico Nuevo',5185.45,'Medicina',3);
INSERT INTO Proveedor(IDPersona,Nombre,ApellidoPaterno,ApellidoMaterno,Nacimiento,RFC,Genero,InicioContrato,FinContrato,NumInt,NumExt,Calle,Colonia,CodigoPostal,Estado,Costo,Producto,Frecuencia) VALUES (42,'NATASHA','CORREO','BLANDO','1995-06-03','COBN950603','F','2001-04-25','2015-04-25',67,175,'Eje 3 Norte Angel Albino Corzo','Guadalupe Tepeyac',9635,'Potrerillo (Ampl)',5446.55,'Alimento',3);
INSERT INTO Proveedor(IDPersona,Nombre,ApellidoPaterno,ApellidoMaterno,Nacimiento,RFC,Genero,InicioContrato,FinContrato,NumInt,NumExt,Calle,Colonia,CodigoPostal,Estado,Costo,Producto,Frecuencia) VALUES (43,'ROMANE','ESCALONA','ABITIA','1972-04-23','ESAR720423','F','2007-03-07','2015-07-09',7,126,'Eje 2 Norte Canal del Norte','Jardines Tecma',12049,'San Salvador Cuauhtenco (Pblo)',15826.97,'Alimento',2);
INSERT INTO Proveedor(IDPersona,Nombre,ApellidoPaterno,ApellidoMaterno,Nacimiento,RFC,Genero,InicioContrato,FinContrato,NumInt,NumExt,Calle,Colonia,CodigoPostal,Estado,Costo,Producto,Frecuencia) VALUES (44,'ASENET','TINAJERO','ESTEBANEZ','1979-11-04','TIEA791104','F','2005-09-03','2014-11-20',118,136,'Canal Nacional','Bella Vista',13433,'Prado Coapa 2a Seccion',14448.82,'Alimento',3);
INSERT INTO Proveedor(IDPersona,Nombre,ApellidoPaterno,ApellidoMaterno,Nacimiento,RFC,Genero,InicioContrato,FinContrato,NumInt,NumExt,Calle,Colonia,CodigoPostal,Estado,Costo,Producto,Frecuencia) VALUES (45,'AHMED','MOYSEN','MAPEL','1988-02-10','MOMA880210','F','2009-07-15','2017-10-13',136,94,'Eje Central Av. del Iman','Sinatel (Ampl)',11386,'Graciano Sanchez',6296.86,'Medicina',3);
INSERT INTO Proveedor(IDPersona,Nombre,ApellidoPaterno,ApellidoMaterno,Nacimiento,RFC,Genero,InicioContrato,FinContrato,NumInt,NumExt,Calle,Colonia,CodigoPostal,Estado,Costo,Producto,Frecuencia) VALUES (46,'CHELSEE','BRISEÑO','CAPORAL','1999-01-26','BRCC990126','M','2009-11-06','2015-01-24',46,136,'Cumbres de Maltrata','San Marcos (Barr)',2881,'Portal Del Sol',13997.57,'Medicina',3);
INSERT INTO Proveedor(IDPersona,Nombre,ApellidoPaterno,ApellidoMaterno,Nacimiento,RFC,Genero,InicioContrato,FinContrato,NumInt,NumExt,Calle,Colonia,CodigoPostal,Estado,Costo,Producto,Frecuencia) VALUES (47,'LEVI','MINDER','ECHAURI','1990-08-31','MIEL900831','F','2008-10-29','2017-05-19',83,68,'Av. Oceania','Merced Balbuena',9265,'Milpa Del Cedro',12769.41,'Alimento',2);
INSERT INTO Proveedor(IDPersona,Nombre,ApellidoPaterno,ApellidoMaterno,Nacimiento,RFC,Genero,InicioContrato,FinContrato,NumInt,NumExt,Calle,Colonia,CodigoPostal,Estado,Costo,Producto,Frecuencia) VALUES (48,'ROSENDA','ROSSETE','ALEJANDRI','1969-12-06','ROAR691206','F','2006-02-21','2015-07-08',67,25,'Paseo de la Reforma','San Lorenzo Acopilco (Pblo)',11451,'Residencial Maria Isabel',8806.36,'Alimento',3);
INSERT INTO Proveedor(IDPersona,Nombre,ApellidoPaterno,ApellidoMaterno,Nacimiento,RFC,Genero,InicioContrato,FinContrato,NumInt,NumExt,Calle,Colonia,CodigoPostal,Estado,Costo,Producto,Frecuencia) VALUES (49,'SORA','ESCORCIA','HERNANDEZ','1995-12-08','ESHS951208','M','2003-01-04','2011-08-02',94,181,'Via Expres TAPO','Moctezuma 1a Seccion',15397,'Real Del Monte',8996.26,'Alimento',2);
INSERT INTO Proveedor(IDPersona,Nombre,ApellidoPaterno,ApellidoMaterno,Nacimiento,RFC,Genero,InicioContrato,FinContrato,NumInt,NumExt,Calle,Colonia,CodigoPostal,Estado,Costo,Producto,Frecuencia) VALUES (50,'NERIK','COCOTLE','CAÑEDO','1974-12-26','COCN741226','F','2004-03-16','2022-06-02',50,80,'Eje 4 Norte Mimosas','La Asuncion (Barr)',5228,'Nueva Atzacoalco',12066.22,'Alimento',2);
INSERT INTO Proveedor(IDPersona,Nombre,ApellidoPaterno,ApellidoMaterno,Nacimiento,RFC,Genero,InicioContrato,FinContrato,NumInt,NumExt,Calle,Colonia,CodigoPostal,Estado,Costo,Producto,Frecuencia) VALUES (51,'ANALY','PORTUGAL','DEL PILAR','2001-10-25','PODA011025','M','2010-06-06','2020-01-14',70,183,'Av. Rio de Tacubaya','Cuitlahuac (U Hab)',10394,'Mexicaltzingo (Pblo)',9778.14,'Medicina',2);
INSERT INTO Proveedor(IDPersona,Nombre,ApellidoPaterno,ApellidoMaterno,Nacimiento,RFC,Genero,InicioContrato,FinContrato,NumInt,NumExt,Calle,Colonia,CodigoPostal,Estado,Costo,Producto,Frecuencia) VALUES (52,'JANE','TRUJANO','RIOFRIO','2001-10-21','TRRJ011021','F','2001-01-12','2013-05-29',39,31,'Av. Ferrocarril San Rafael Atlixco','Jardines Del Sur',2212,'Lomas De  Padierna',12507.5,'Alimento',1);
INSERT INTO Proveedor(IDPersona,Nombre,ApellidoPaterno,ApellidoMaterno,Nacimiento,RFC,Genero,InicioContrato,FinContrato,NumInt,NumExt,Calle,Colonia,CodigoPostal,Estado,Costo,Producto,Frecuencia) VALUES (53,'SERGI','QUI','GODINEZ','1968-02-27','QUGS680227','M','2005-07-14','2020-07-05',5,23,'Eje 4 Sur Benjamin Franklin','Rincon Del Bosque',13760,'Progreso Tlalpan',6590.35,'Medicina',3);
INSERT INTO Proveedor(IDPersona,Nombre,ApellidoPaterno,ApellidoMaterno,Nacimiento,RFC,Genero,InicioContrato,FinContrato,NumInt,NumExt,Calle,Colonia,CodigoPostal,Estado,Costo,Producto,Frecuencia) VALUES (54,'NOUR','SANTILLANEZ','GALERA','1965-10-21','SAGN651021','F','2002-12-11','2022-06-29',26,65,'Cumbres de Maltrata','La Forestal 1',2900,'El Rosario (Barr)',5068.4,'Medicina',2);
INSERT INTO Proveedor(IDPersona,Nombre,ApellidoPaterno,ApellidoMaterno,Nacimiento,RFC,Genero,InicioContrato,FinContrato,NumInt,NumExt,Calle,Colonia,CodigoPostal,Estado,Costo,Producto,Frecuencia) VALUES (55,'FROYLAN','MONTERREY','COLMENARES','1990-02-28','MOCF900228','M','2010-05-13','2022-06-09',73,38,'Eje 5 Sur Av. Circunvalacion','Infonavit (U Hab)',5840,'Santa Ines',12463.38,'Medicina',1);
INSERT INTO Proveedor(IDPersona,Nombre,ApellidoPaterno,ApellidoMaterno,Nacimiento,RFC,Genero,InicioContrato,FinContrato,NumInt,NumExt,Calle,Colonia,CodigoPostal,Estado,Costo,Producto,Frecuencia) VALUES (56,'ABY','PALANCARES','HEBREO','1972-09-07','PAHA720907','F','2006-02-03','2015-04-05',112,43,'Eje 3 Poniente Av. Colonia del Valle','Independencia',5891,'Narciso Mendoza-Villa',5618.27,'Alimento',1);
INSERT INTO Proveedor(IDPersona,Nombre,ApellidoPaterno,ApellidoMaterno,Nacimiento,RFC,Genero,InicioContrato,FinContrato,NumInt,NumExt,Calle,Colonia,CodigoPostal,Estado,Costo,Producto,Frecuencia) VALUES (57,'ARISHA','SILVEYRA','ARGUETA','1966-11-20','SIAA661120','M','2007-09-08','2017-10-23',120,29,'Boulevard Nuevo Leon','Alfalfar',1933,'Justo Sierra',7163.25,'Alimento',3);
INSERT INTO Proveedor(IDPersona,Nombre,ApellidoPaterno,ApellidoMaterno,Nacimiento,RFC,Genero,InicioContrato,FinContrato,NumInt,NumExt,Calle,Colonia,CodigoPostal,Estado,Costo,Producto,Frecuencia) VALUES (58,'JACOB','OAXACA','YAH','1985-01-08','OAYJ850108','M','2000-10-20','2021-12-15',90,75,'Av. Hidalgo','Agricola Oriental Iv',7986,'Lomas De Centenario (U Hab)',14508.67,'Alimento',2);
INSERT INTO Proveedor(IDPersona,Nombre,ApellidoPaterno,ApellidoMaterno,Nacimiento,RFC,Genero,InicioContrato,FinContrato,NumInt,NumExt,Calle,Colonia,CodigoPostal,Estado,Costo,Producto,Frecuencia) VALUES (59,'AZUSENA','GOLLAZ','CHOC','1984-11-16','GOCA841116','M','2002-07-11','2014-02-09',128,94,'Eje 2 Norte Av. Transvaal','Alcanfores (U Hab)',4837,'Aldana',6244.15,'Medicina',3);
INSERT INTO Proveedor(IDPersona,Nombre,ApellidoPaterno,ApellidoMaterno,Nacimiento,RFC,Genero,InicioContrato,FinContrato,NumInt,NumExt,Calle,Colonia,CodigoPostal,Estado,Costo,Producto,Frecuencia) VALUES (60,'EDU','ALBAREZ','SANTO','1971-05-19','ALSE710519','M','2000-12-17','2019-03-12',88,131,'Av. de los Insurgentes Norte','Esperanza',10006,'Petrolera',9733.71,'Alimento',3);
INSERT INTO Proveedor(IDPersona,Nombre,ApellidoPaterno,ApellidoMaterno,Nacimiento,RFC,Genero,InicioContrato,FinContrato,NumInt,NumExt,Calle,Colonia,CodigoPostal,Estado,Costo,Producto,Frecuencia) VALUES (61,'HASEL','PRUDENCIANO','MASTRANZO','1981-07-23','PRMH810723','F','2002-03-26','2018-10-16',73,111,'Eje 4 Sur Tehuantepec','Ignacio Allende',5578,'Granjas Estrella',13124.29,'Alimento',2);
INSERT INTO Proveedor(IDPersona,Nombre,ApellidoPaterno,ApellidoMaterno,Nacimiento,RFC,Genero,InicioContrato,FinContrato,NumInt,NumExt,Calle,Colonia,CodigoPostal,Estado,Costo,Producto,Frecuencia) VALUES (62,'LORETTA','UCO','ESCARREGA','1977-01-13','UCEL770113','M','2000-07-03','2015-11-09',11,117,'Av. Vasco de Quiroga','Azteca',4666,'Plazuela Del Pedregal',11285.8,'Medicina',1);
INSERT INTO Proveedor(IDPersona,Nombre,ApellidoPaterno,ApellidoMaterno,Nacimiento,RFC,Genero,InicioContrato,FinContrato,NumInt,NumExt,Calle,Colonia,CodigoPostal,Estado,Costo,Producto,Frecuencia) VALUES (63,'JOSHIMAR','GARRAFA','RUIZ','1982-12-12','GARJ821212','M','2001-12-26','2012-11-10',7,49,'Calzada Gral. Ignacio Zaragoza','La Concepcion (Barr)',1796,'El Prado',9566.6,'Medicina',3);
INSERT INTO Proveedor(IDPersona,Nombre,ApellidoPaterno,ApellidoMaterno,Nacimiento,RFC,Genero,InicioContrato,FinContrato,NumInt,NumExt,Calle,Colonia,CodigoPostal,Estado,Costo,Producto,Frecuencia) VALUES (64,'IKEER','MONTEJANO','COSTA','1966-12-25','MOCI661225','M','2009-04-09','2013-12-21',60,23,'Eje 10 Sur Av. Copilco','Petrolera Taxqueña',9713,'Pedregal De Sto Domingo Viii',8606.9,'Alimento',3);
INSERT INTO Proveedor(IDPersona,Nombre,ApellidoPaterno,ApellidoMaterno,Nacimiento,RFC,Genero,InicioContrato,FinContrato,NumInt,NumExt,Calle,Colonia,CodigoPostal,Estado,Costo,Producto,Frecuencia) VALUES (65,'BARUCK','MONTOR','NAHUACATL','2004-09-14','MONB040914','M','2001-04-08','2018-08-27',29,74,'Av. Aquiles Serdan','Country Club',4690,'Angel Zimbron',15120.95,'Alimento',3);
INSERT INTO Proveedor(IDPersona,Nombre,ApellidoPaterno,ApellidoMaterno,Nacimiento,RFC,Genero,InicioContrato,FinContrato,NumInt,NumExt,Calle,Colonia,CodigoPostal,Estado,Costo,Producto,Frecuencia) VALUES (66,'FRANCO','LARGO','CEFERINO','1991-01-03','LACF910103','F','2001-04-01','2013-07-10',51,50,'Eje 5 Sur Av. de las Torres','Popo (Ampl)',8603,'La Habana',14704.79,'Alimento',3);
INSERT INTO Proveedor(IDPersona,Nombre,ApellidoPaterno,ApellidoMaterno,Nacimiento,RFC,Genero,InicioContrato,FinContrato,NumInt,NumExt,Calle,Colonia,CodigoPostal,Estado,Costo,Producto,Frecuencia) VALUES (67,'LARA','PERDOMO','MARINES','1996-11-29','PEML961129','M','2000-12-26','2017-08-07',31,117,'Anillo Periferico Acueducto de Tenayuca','Barrio Oxtopulco Universidad',15991,'El Pocito',12297.78,'Alimento',1);
INSERT INTO Proveedor(IDPersona,Nombre,ApellidoPaterno,ApellidoMaterno,Nacimiento,RFC,Genero,InicioContrato,FinContrato,NumInt,NumExt,Calle,Colonia,CodigoPostal,Estado,Costo,Producto,Frecuencia) VALUES (68,'JEROME','LOPES','MUÑIZ','1996-08-27','LOMJ960827','M','2000-04-23','2013-11-16',45,185,'Calzada Chivatito','6 De Junio',12671,'Cerro Grande',7291.87,'Alimento',3);
INSERT INTO Proveedor(IDPersona,Nombre,ApellidoPaterno,ApellidoMaterno,Nacimiento,RFC,Genero,InicioContrato,FinContrato,NumInt,NumExt,Calle,Colonia,CodigoPostal,Estado,Costo,Producto,Frecuencia) VALUES (69,'LAWRENCE','PASAYE','QUISTIANO','1995-05-20','PAQL950520','F','2003-02-16','2020-09-21',26,84,'Eje 3 Norte 16 de Septiembre','San Lorenzo Tezonco  (U Hab)',5646,'Anahuac Dos Lagos',14409.21,'Medicina',1);
INSERT INTO Proveedor(IDPersona,Nombre,ApellidoPaterno,ApellidoMaterno,Nacimiento,RFC,Genero,InicioContrato,FinContrato,NumInt,NumExt,Calle,Colonia,CodigoPostal,Estado,Costo,Producto,Frecuencia) VALUES (70,'SIGRID','ANSELMO','LUGARDO','1994-10-22','ANLS941022','M','2004-07-05','2017-07-09',12,139,'Circuito Interior Paseo de las Jacarandas','Lomas De Puerta Grande',9497,'Presidentes 1ra (Ampl)',9240.28,'Alimento',3);
INSERT INTO Proveedor(IDPersona,Nombre,ApellidoPaterno,ApellidoMaterno,Nacimiento,RFC,Genero,InicioContrato,FinContrato,NumInt,NumExt,Calle,Colonia,CodigoPostal,Estado,Costo,Producto,Frecuencia) VALUES (71,'JUVENTINO','TARIN','BURGOIN','1993-11-27','TABJ931127','M','2007-08-10','2020-04-11',120,181,'Mazatlan','Union Popular Emiliano Zapata (U Hab)',6030,'Tlatilco (U Hab)',12482.28,'Alimento',2);
INSERT INTO Proveedor(IDPersona,Nombre,ApellidoPaterno,ApellidoMaterno,Nacimiento,RFC,Genero,InicioContrato,FinContrato,NumInt,NumExt,Calle,Colonia,CodigoPostal,Estado,Costo,Producto,Frecuencia) VALUES (72,'DULCINEA','RON','MONTORES','1967-10-17','ROMD671017','M','2001-03-27','2013-10-04',19,9,'Eje 3 Oriente Francisco del Paso y Troncoso','Jardines Del Pedregal',10802,'Villa De Aragon (Fracc)',11638.29,'Medicina',3);
INSERT INTO Proveedor(IDPersona,Nombre,ApellidoPaterno,ApellidoMaterno,Nacimiento,RFC,Genero,InicioContrato,FinContrato,NumInt,NumExt,Calle,Colonia,CodigoPostal,Estado,Costo,Producto,Frecuencia) VALUES (73,'NICOOLE','LINAREZ','NUÑEZ','1972-07-17','LINN720717','M','2009-11-30','2017-12-14',76,109,'Calzada Mexico Tacuba','Villa Milpa Alta (Pblo)',12610,'Carlos Hank Gonzalez',7330.11,'Alimento',2);
INSERT INTO Proveedor(IDPersona,Nombre,ApellidoPaterno,ApellidoMaterno,Nacimiento,RFC,Genero,InicioContrato,FinContrato,NumInt,NumExt,Calle,Colonia,CodigoPostal,Estado,Costo,Producto,Frecuencia) VALUES (74,'NURITH','SICAIROS','SIQUEIROS','1981-01-21','SISN810121','F','2002-03-03','2013-03-31',74,29,'Viaducto Rio de la Piedad','Pemex Prados Del Rosario (U Hab)',6972,'Miguel Aleman',8099.68,'Medicina',2);
INSERT INTO Proveedor(IDPersona,Nombre,ApellidoPaterno,ApellidoMaterno,Nacimiento,RFC,Genero,InicioContrato,FinContrato,NumInt,NumExt,Calle,Colonia,CodigoPostal,Estado,Costo,Producto,Frecuencia) VALUES (75,'ENNA','TECO','DE LA PARRA','1985-11-30','TEDE851130','F','2010-01-18','2010-12-21',82,18,'Eje 5 Norte Lic. Andres Henestrosa','Abraham Gonzalez',11307,'Ctm Ix Culhuacan Zona 29-30 (U Hab)',11528.6,'Alimento',3);
INSERT INTO Proveedor(IDPersona,Nombre,ApellidoPaterno,ApellidoMaterno,Nacimiento,RFC,Genero,InicioContrato,FinContrato,NumInt,NumExt,Calle,Colonia,CodigoPostal,Estado,Costo,Producto,Frecuencia) VALUES (76,'KATARA','BLAKE','GUERECA','1963-07-23','BLGK630723','F','2007-10-14','2017-07-13',62,132,'Av. Queretaro','Margarita M De Juarez',2539,'Chinampac De Juarez',6581.44,'Medicina',1);
INSERT INTO Proveedor(IDPersona,Nombre,ApellidoPaterno,ApellidoMaterno,Nacimiento,RFC,Genero,InicioContrato,FinContrato,NumInt,NumExt,Calle,Colonia,CodigoPostal,Estado,Costo,Producto,Frecuencia) VALUES (77,'SAORI','LUERA','LAU','1995-11-29','LULS951129','F','2001-09-28','2015-06-27',98,90,'Av. Acueducto de Guadalupe','Dos Rios',4918,'Emilio Portes Gil Pemex Picacho (U Hab)',14068.64,'Alimento',2);
INSERT INTO Proveedor(IDPersona,Nombre,ApellidoPaterno,ApellidoMaterno,Nacimiento,RFC,Genero,InicioContrato,FinContrato,NumInt,NumExt,Calle,Colonia,CodigoPostal,Estado,Costo,Producto,Frecuencia) VALUES (78,'ENYEL','BASTIDA','MENDIZABAL','1986-03-16','BAME860316','M','2008-09-12','2017-12-01',129,62,'5 de Mayo','Cerro Grande',2910,'Quetzalcoatl 3',8769.95,'Alimento',3);
INSERT INTO Proveedor(IDPersona,Nombre,ApellidoPaterno,ApellidoMaterno,Nacimiento,RFC,Genero,InicioContrato,FinContrato,NumInt,NumExt,Calle,Colonia,CodigoPostal,Estado,Costo,Producto,Frecuencia) VALUES (79,'CEDRIC','CANABAL','CARLOCK','1976-11-07','CACC761107','M','2006-10-06','2014-06-29',73,67,'Eje 3 Oriente Francisco del Paso y Troncoso','Sta Cruz Atoyac',3838,'Valentin Gomez Farias',5267.97,'Alimento',1);
INSERT INTO Proveedor(IDPersona,Nombre,ApellidoPaterno,ApellidoMaterno,Nacimiento,RFC,Genero,InicioContrato,FinContrato,NumInt,NumExt,Calle,Colonia,CodigoPostal,Estado,Costo,Producto,Frecuencia) VALUES (80,'YORLENI','DOÑU','ARCIQUE','1975-02-09','DOAY750209','F','2010-06-07','2018-04-25',83,186,'Eje 6 Norte 306','Zacahuitzco',6139,'Sn Juan  Tepeximilpa (Ampl)',12826.93,'Medicina',1);
INSERT INTO Proveedor(IDPersona,Nombre,ApellidoPaterno,ApellidoMaterno,Nacimiento,RFC,Genero,InicioContrato,FinContrato,NumInt,NumExt,Calle,Colonia,CodigoPostal,Estado,Costo,Producto,Frecuencia) VALUES (81,'YARETSI','FOSADO','BENITES','1967-03-28','FOBY670328','M','2010-07-30','2023-05-24',18,98,'Eje 2 Poniente Rio Tiber','Cuitlahuac 1 Y 2 (U Hab)',11544,'San Juan',9344.37,'Medicina',3);
INSERT INTO Proveedor(IDPersona,Nombre,ApellidoPaterno,ApellidoMaterno,Nacimiento,RFC,Genero,InicioContrato,FinContrato,NumInt,NumExt,Calle,Colonia,CodigoPostal,Estado,Costo,Producto,Frecuencia) VALUES (82,'JASER','MAGLAH','NIETO','1992-11-05','MANJ921105','M','2006-08-07','2015-03-29',49,150,'Eje 7 Sur Benvenuto Cellini','Industrial Puerto Aereo (Fracc)',15289,'Escuadron 201',13241.45,'Medicina',2);
INSERT INTO Proveedor(IDPersona,Nombre,ApellidoPaterno,ApellidoMaterno,Nacimiento,RFC,Genero,InicioContrato,FinContrato,NumInt,NumExt,Calle,Colonia,CodigoPostal,Estado,Costo,Producto,Frecuencia) VALUES (83,'JOSHUAN','PURATA','CHAVERO','1973-04-05','PUCJ730405','F','2005-11-11','2020-01-04',95,159,'Eje 5 Norte 5 de Febrero','San Francisco Apolocalco',5518,'Arturo Gamiz',8732.77,'Medicina',3);
INSERT INTO Proveedor(IDPersona,Nombre,ApellidoPaterno,ApellidoMaterno,Nacimiento,RFC,Genero,InicioContrato,FinContrato,NumInt,NumExt,Calle,Colonia,CodigoPostal,Estado,Costo,Producto,Frecuencia) VALUES (84,'IRVING','ARGAEZ','JARA','2000-02-26','ARJI000226','M','2004-07-21','2017-02-06',10,138,'Circuito Interior Av. Patriotismo','Ma Esther Zuno De Echeverria-Tlalpuente',9265,'Barrio Norte',5286.31,'Alimento',3);
INSERT INTO Proveedor(IDPersona,Nombre,ApellidoPaterno,ApellidoMaterno,Nacimiento,RFC,Genero,InicioContrato,FinContrato,NumInt,NumExt,Calle,Colonia,CodigoPostal,Estado,Costo,Producto,Frecuencia) VALUES (85,'ARIT','JACINTO','BALDOMERO','1987-05-25','JABA870525','F','2001-10-28','2023-06-05',112,101,'Paseo de la Reforma','Olivar De Los Padres',5349,'Atlamaya',5189.79,'Alimento',1);
INSERT INTO Proveedor(IDPersona,Nombre,ApellidoPaterno,ApellidoMaterno,Nacimiento,RFC,Genero,InicioContrato,FinContrato,NumInt,NumExt,Calle,Colonia,CodigoPostal,Estado,Costo,Producto,Frecuencia) VALUES (86,'JOEN','PITOL','WARD','1994-12-20','PIWJ941220','M','2000-11-16','2021-01-09',76,172,'Av. de las Civilizaciones','Emiliano Zapata',14462,'Villa Hermosa',15321.75,'Alimento',2);
INSERT INTO Proveedor(IDPersona,Nombre,ApellidoPaterno,ApellidoMaterno,Nacimiento,RFC,Genero,InicioContrato,FinContrato,NumInt,NumExt,Calle,Colonia,CodigoPostal,Estado,Costo,Producto,Frecuencia) VALUES (87,'ZELZIN','TABOADA','CHUNGA','2002-03-16','TACZ020316','M','2009-12-11','2016-04-17',72,6,'Eje 5 Norte Cantera','Romero Rubio',5145,'Zenon Delgado',6849.05,'Alimento',1);
INSERT INTO Proveedor(IDPersona,Nombre,ApellidoPaterno,ApellidoMaterno,Nacimiento,RFC,Genero,InicioContrato,FinContrato,NumInt,NumExt,Calle,Colonia,CodigoPostal,Estado,Costo,Producto,Frecuencia) VALUES (88,'ASGARD','CASTAÑEDA','BLASS','1980-07-16','CABA800716','M','2000-10-03','2023-01-17',97,111,'Av. Vito Alessio Robles','Lomas De  Padierna',7637,'Mosco Chinampa',13878.11,'Medicina',1);
INSERT INTO Proveedor(IDPersona,Nombre,ApellidoPaterno,ApellidoMaterno,Nacimiento,RFC,Genero,InicioContrato,FinContrato,NumInt,NumExt,Calle,Colonia,CodigoPostal,Estado,Costo,Producto,Frecuencia) VALUES (89,'JAANAI','TECPANECATL','CALLADO','2001-03-03','TECJ010303','F','2002-09-25','2016-12-09',107,135,'Canal de Miramontes','La Cañada',8856,'Los Cerrillos',5958.47,'Alimento',1);
INSERT INTO Proveedor(IDPersona,Nombre,ApellidoPaterno,ApellidoMaterno,Nacimiento,RFC,Genero,InicioContrato,FinContrato,NumInt,NumExt,Calle,Colonia,CodigoPostal,Estado,Costo,Producto,Frecuencia) VALUES (90,'XQUENDA','LABRADOR','CARRIZAL','1966-01-03','LACX660103','F','2006-11-15','2023-05-11',126,62,'Eje 4 Sur Gobernador Agustin Vicente Eguia','Ignacio Zaragoza',15268,'Potrero De San Bernardino',14650.98,'Alimento',2);
INSERT INTO Proveedor(IDPersona,Nombre,ApellidoPaterno,ApellidoMaterno,Nacimiento,RFC,Genero,InicioContrato,FinContrato,NumInt,NumExt,Calle,Colonia,CodigoPostal,Estado,Costo,Producto,Frecuencia) VALUES (91,'XIMENNA','BELMONT','MONTALVAN','1995-01-12','BEMX950112','F','2009-02-21','2014-06-26',13,44,'Eje 3 Oriente Francisco del Paso y Troncoso','Potrero De San Bernardino',15308,'Nueva Diaz Ordaz',10332.31,'Medicina',1);
INSERT INTO Proveedor(IDPersona,Nombre,ApellidoPaterno,ApellidoMaterno,Nacimiento,RFC,Genero,InicioContrato,FinContrato,NumInt,NumExt,Calle,Colonia,CodigoPostal,Estado,Costo,Producto,Frecuencia) VALUES (92,'KALIL','ONTAMUCHA','ECHEGARAY','1998-04-05','ONEK980405','F','2003-11-04','2020-10-04',81,159,'Eje 1 Sur Dr. Rio de la Loza','Palmas',11897,'San Pedro (Barr)',11926.93,'Alimento',1);
INSERT INTO Proveedor(IDPersona,Nombre,ApellidoPaterno,ApellidoMaterno,Nacimiento,RFC,Genero,InicioContrato,FinContrato,NumInt,NumExt,Calle,Colonia,CodigoPostal,Estado,Costo,Producto,Frecuencia) VALUES (93,'ARETZY','VILLASEÑOR','SANTOSCOY','1965-04-11','VISA650411','M','2010-03-11','2011-04-22',65,141,'Boulevard Miguel de Cervantes Saavedra','Zapote-Luis Donaldo Colosio (U Habs)',1332,'La Huerta',8852.77,'Alimento',3);
INSERT INTO Proveedor(IDPersona,Nombre,ApellidoPaterno,ApellidoMaterno,Nacimiento,RFC,Genero,InicioContrato,FinContrato,NumInt,NumExt,Calle,Colonia,CodigoPostal,Estado,Costo,Producto,Frecuencia) VALUES (94,'ROSELINE','REYNOSA','STENNER','2003-01-21','RESR030121','M','2001-08-19','2015-08-11',4,178,'Eje 3 Norte Alfredo Robles Dominguez','Guadalupe (Barr)',14052,'Residencial Los Pinos (U Hab)',15897.39,'Alimento',1);
INSERT INTO Proveedor(IDPersona,Nombre,ApellidoPaterno,ApellidoMaterno,Nacimiento,RFC,Genero,InicioContrato,FinContrato,NumInt,NumExt,Calle,Colonia,CodigoPostal,Estado,Costo,Producto,Frecuencia) VALUES (95,'JENNY','POPOCATL','SANTISTEBAN','2001-03-24','POSJ010324','F','2004-05-27','2021-12-04',76,100,'Eje 7 Sur Municipio Libre','Tepepan (Ampl)',6447,'El Molinito',15152.84,'Alimento',2);
INSERT INTO Proveedor(IDPersona,Nombre,ApellidoPaterno,ApellidoMaterno,Nacimiento,RFC,Genero,InicioContrato,FinContrato,NumInt,NumExt,Calle,Colonia,CodigoPostal,Estado,Costo,Producto,Frecuencia) VALUES (96,'JASON','BACAB','PUCH','2002-03-31','BAPJ020331','M','2007-02-11','2023-02-28',36,55,'Av. Rio San Joaquin','Minas De Cristo',1976,'Lomas De San Angel Inn',9336.15,'Medicina',2);
INSERT INTO Proveedor(IDPersona,Nombre,ApellidoPaterno,ApellidoMaterno,Nacimiento,RFC,Genero,InicioContrato,FinContrato,NumInt,NumExt,Calle,Colonia,CodigoPostal,Estado,Costo,Producto,Frecuencia) VALUES (97,'PAOLINA','JURADO','CUAMANI','2004-10-05','JUCP041005','M','2009-04-29','2022-11-25',98,5,'Plaza de la Constitucion','Los Cedros (Fracc)',7736,'Centro Urbano Tlalpan (U Hab)',5296.85,'Alimento',3);
INSERT INTO Proveedor(IDPersona,Nombre,ApellidoPaterno,ApellidoMaterno,Nacimiento,RFC,Genero,InicioContrato,FinContrato,NumInt,NumExt,Calle,Colonia,CodigoPostal,Estado,Costo,Producto,Frecuencia) VALUES (98,'ITAN','BARCENA','ALMEDA','1963-09-10','BAAI630910','M','2006-10-13','2020-07-13',32,63,'Av. Estanislao Ramirez Ruiz','El Toro',1677,'Pedregal De San Angel (Ampl)',11011.15,'Medicina',2);
INSERT INTO Proveedor(IDPersona,Nombre,ApellidoPaterno,ApellidoMaterno,Nacimiento,RFC,Genero,InicioContrato,FinContrato,NumInt,NumExt,Calle,Colonia,CodigoPostal,Estado,Costo,Producto,Frecuencia) VALUES (99,'CARIDAD','CARRO','COELLO','1989-07-19','CACC890719','F','2005-10-23','2011-08-27',125,195,'Eje 2 Sur Av. Alvaro Obregon','El Parque',15625,'Francisco Villa (Ejercito Constitucionalista)',8914.03,'Alimento',1);
INSERT INTO Proveedor(IDPersona,Nombre,ApellidoPaterno,ApellidoMaterno,Nacimiento,RFC,Genero,InicioContrato,FinContrato,NumInt,NumExt,Calle,Colonia,CodigoPostal,Estado,Costo,Producto,Frecuencia) VALUES (100,'XALLI','CENTENO','AYAR','1988-09-13','CEAX880913','M','2004-12-12','2017-05-26',124,45,'Av. Tezozomoc','El Rosario',9835,'La Malinche',15499.26,'Alimento',1);

INSERT INTO CorreoProveedor(IDPersona,Correo) VALUES (1,'tcorryer0@nbcnews.com');
INSERT INTO CorreoProveedor(IDPersona,Correo) VALUES (2,'mfrarey1@omniture.com');
INSERT INTO CorreoProveedor(IDPersona,Correo) VALUES (3,'mlonie2@so-net.ne.jp');
INSERT INTO CorreoProveedor(IDPersona,Correo) VALUES (4,'cpapaminas3@princeton.edu');
INSERT INTO CorreoProveedor(IDPersona,Correo) VALUES (5,'ljackling4@washington.edu');
INSERT INTO CorreoProveedor(IDPersona,Correo) VALUES (6,'odottrell5@flickr.com');
INSERT INTO CorreoProveedor(IDPersona,Correo) VALUES (7,'vmasedon6@oaic.gov.au');
INSERT INTO CorreoProveedor(IDPersona,Correo) VALUES (8,'mstirland7@ifeng.com');
INSERT INTO CorreoProveedor(IDPersona,Correo) VALUES (9,'kgribben8@comsenz.com');
INSERT INTO CorreoProveedor(IDPersona,Correo) VALUES (10,'shuntall9@admin.ch');
INSERT INTO CorreoProveedor(IDPersona,Correo) VALUES (11,'lmacphaila@ox.ac.uk');
INSERT INTO CorreoProveedor(IDPersona,Correo) VALUES (12,'wgainforthb@huffingtonpost.com');
INSERT INTO CorreoProveedor(IDPersona,Correo) VALUES (13,'tshimonc@nps.gov');
INSERT INTO CorreoProveedor(IDPersona,Correo) VALUES (14,'egreendaled@thetimes.co.uk');
INSERT INTO CorreoProveedor(IDPersona,Correo) VALUES (15,'padamsone@apache.org');
INSERT INTO CorreoProveedor(IDPersona,Correo) VALUES (16,'tplayhillf@google.com.hk');
INSERT INTO CorreoProveedor(IDPersona,Correo) VALUES (17,'fosiring@forbes.com');
INSERT INTO CorreoProveedor(IDPersona,Correo) VALUES (18,'kdunbletonh@wix.com');
INSERT INTO CorreoProveedor(IDPersona,Correo) VALUES (19,'soharei@eventbrite.com');
INSERT INTO CorreoProveedor(IDPersona,Correo) VALUES (20,'talyukinj@addthis.com');
INSERT INTO CorreoProveedor(IDPersona,Correo) VALUES (21,'cferneleyk@pbs.org');
INSERT INTO CorreoProveedor(IDPersona,Correo) VALUES (22,'jzupol@edublogs.org');
INSERT INTO CorreoProveedor(IDPersona,Correo) VALUES (23,'tanfossim@yellowpages.com');
INSERT INTO CorreoProveedor(IDPersona,Correo) VALUES (24,'mparelln@patch.com');
INSERT INTO CorreoProveedor(IDPersona,Correo) VALUES (25,'mivanshintsevo@prweb.com');
INSERT INTO CorreoProveedor(IDPersona,Correo) VALUES (26,'ubewp@squidoo.com');
INSERT INTO CorreoProveedor(IDPersona,Correo) VALUES (27,'mvlasyevq@omniture.com');
INSERT INTO CorreoProveedor(IDPersona,Correo) VALUES (28,'fissettr@163.com');
INSERT INTO CorreoProveedor(IDPersona,Correo) VALUES (29,'culyets@fc2.com');
INSERT INTO CorreoProveedor(IDPersona,Correo) VALUES (30,'ehawsbyt@irs.gov');
INSERT INTO CorreoProveedor(IDPersona,Correo) VALUES (31,'sisaacsu@pagesperso-orange.fr');
INSERT INTO CorreoProveedor(IDPersona,Correo) VALUES (32,'ksulterv@ning.com');
INSERT INTO CorreoProveedor(IDPersona,Correo) VALUES (33,'fpictonw@addthis.com');
INSERT INTO CorreoProveedor(IDPersona,Correo) VALUES (34,'aokinedyx@sohu.com');
INSERT INTO CorreoProveedor(IDPersona,Correo) VALUES (35,'jlimery@house.gov');
INSERT INTO CorreoProveedor(IDPersona,Correo) VALUES (36,'narnowiczz@discovery.com');
INSERT INTO CorreoProveedor(IDPersona,Correo) VALUES (37,'jchapelle10@nasa.gov');
INSERT INTO CorreoProveedor(IDPersona,Correo) VALUES (38,'mvelareal11@dropbox.com');
INSERT INTO CorreoProveedor(IDPersona,Correo) VALUES (39,'markcoll12@symantec.com');
INSERT INTO CorreoProveedor(IDPersona,Correo) VALUES (40,'sliggins13@purevolume.com');
INSERT INTO CorreoProveedor(IDPersona,Correo) VALUES (41,'ddelascy14@acquirethisname.com');
INSERT INTO CorreoProveedor(IDPersona,Correo) VALUES (42,'smcenery15@businessweek.com');
INSERT INTO CorreoProveedor(IDPersona,Correo) VALUES (43,'ddavidovsky16@state.tx.us');
INSERT INTO CorreoProveedor(IDPersona,Correo) VALUES (44,'crodell17@newsvine.com');
INSERT INTO CorreoProveedor(IDPersona,Correo) VALUES (45,'rstanmore18@uol.com.br');
INSERT INTO CorreoProveedor(IDPersona,Correo) VALUES (46,'arappoport19@vinaora.com');
INSERT INTO CorreoProveedor(IDPersona,Correo) VALUES (47,'mkyncl1a@sohu.com');
INSERT INTO CorreoProveedor(IDPersona,Correo) VALUES (48,'afarman1b@smugmug.com');
INSERT INTO CorreoProveedor(IDPersona,Correo) VALUES (49,'tlascell1c@quantcast.com');
INSERT INTO CorreoProveedor(IDPersona,Correo) VALUES (50,'aheustace1d@youku.com');
INSERT INTO CorreoProveedor(IDPersona,Correo) VALUES (51,'pwilcox1e@cloudflare.com');
INSERT INTO CorreoProveedor(IDPersona,Correo) VALUES (52,'hjasik1f@ucoz.ru');
INSERT INTO CorreoProveedor(IDPersona,Correo) VALUES (53,'mhallen1g@wikispaces.com');
INSERT INTO CorreoProveedor(IDPersona,Correo) VALUES (54,'ljankovsky1h@illinois.edu');
INSERT INTO CorreoProveedor(IDPersona,Correo) VALUES (55,'bsloper1i@sina.com.cn');
INSERT INTO CorreoProveedor(IDPersona,Correo) VALUES (56,'jroberti1j@posterous.com');
INSERT INTO CorreoProveedor(IDPersona,Correo) VALUES (57,'ecobbin1k@nymag.com');
INSERT INTO CorreoProveedor(IDPersona,Correo) VALUES (58,'asplaven1l@nbcnews.com');
INSERT INTO CorreoProveedor(IDPersona,Correo) VALUES (59,'bstorror1m@edublogs.org');
INSERT INTO CorreoProveedor(IDPersona,Correo) VALUES (60,'swindas1n@fastcompany.com');
INSERT INTO CorreoProveedor(IDPersona,Correo) VALUES (61,'nhacaud1o@weebly.com');
INSERT INTO CorreoProveedor(IDPersona,Correo) VALUES (62,'tspehr1p@bloomberg.com');
INSERT INTO CorreoProveedor(IDPersona,Correo) VALUES (63,'gclemente1q@youtube.com');
INSERT INTO CorreoProveedor(IDPersona,Correo) VALUES (64,'ccotgrave1r@vistaprint.com');
INSERT INTO CorreoProveedor(IDPersona,Correo) VALUES (65,'emountford1s@umich.edu');
INSERT INTO CorreoProveedor(IDPersona,Correo) VALUES (66,'mkordovani1t@slate.com');
INSERT INTO CorreoProveedor(IDPersona,Correo) VALUES (67,'sblenkinship1u@livejournal.com');
INSERT INTO CorreoProveedor(IDPersona,Correo) VALUES (68,'egladwell1v@ucsd.edu');
INSERT INTO CorreoProveedor(IDPersona,Correo) VALUES (69,'lmaccarter1w@hibu.com');
INSERT INTO CorreoProveedor(IDPersona,Correo) VALUES (70,'lpostgate1x@yellowbook.com');
INSERT INTO CorreoProveedor(IDPersona,Correo) VALUES (71,'esmedmoor1y@nps.gov');
INSERT INTO CorreoProveedor(IDPersona,Correo) VALUES (72,'nmadle1z@psu.edu');
INSERT INTO CorreoProveedor(IDPersona,Correo) VALUES (73,'npantecost20@desdev.cn');
INSERT INTO CorreoProveedor(IDPersona,Correo) VALUES (74,'mhamnet21@cbslocal.com');
INSERT INTO CorreoProveedor(IDPersona,Correo) VALUES (75,'kblunsden22@soundcloud.com');
INSERT INTO CorreoProveedor(IDPersona,Correo) VALUES (76,'hsage23@altervista.org');
INSERT INTO CorreoProveedor(IDPersona,Correo) VALUES (77,'ncuttle24@jimdo.com');
INSERT INTO CorreoProveedor(IDPersona,Correo) VALUES (78,'dharbar25@sohu.com');
INSERT INTO CorreoProveedor(IDPersona,Correo) VALUES (79,'lpechet26@sogou.com');
INSERT INTO CorreoProveedor(IDPersona,Correo) VALUES (80,'jmaccauley27@europa.eu');
INSERT INTO CorreoProveedor(IDPersona,Correo) VALUES (81,'mkmiec28@fda.gov');
INSERT INTO CorreoProveedor(IDPersona,Correo) VALUES (82,'wcreber29@oaic.gov.au');
INSERT INTO CorreoProveedor(IDPersona,Correo) VALUES (83,'kpoppleston2a@gnu.org');
INSERT INTO CorreoProveedor(IDPersona,Correo) VALUES (84,'hwooderson2b@nps.gov');
INSERT INTO CorreoProveedor(IDPersona,Correo) VALUES (85,'ndibbert2c@istockphoto.com');
INSERT INTO CorreoProveedor(IDPersona,Correo) VALUES (86,'lgraundisson2d@liveinternet.ru');
INSERT INTO CorreoProveedor(IDPersona,Correo) VALUES (87,'pridolfo2e@cyberchimps.com');
INSERT INTO CorreoProveedor(IDPersona,Correo) VALUES (88,'fabbatucci2f@homestead.com');
INSERT INTO CorreoProveedor(IDPersona,Correo) VALUES (89,'thryniewicki2g@yale.edu');
INSERT INTO CorreoProveedor(IDPersona,Correo) VALUES (90,'cferby2h@comcast.net');
INSERT INTO CorreoProveedor(IDPersona,Correo) VALUES (91,'bstaddom2i@amazon.com');
INSERT INTO CorreoProveedor(IDPersona,Correo) VALUES (92,'bmadsen2j@walmart.com');
INSERT INTO CorreoProveedor(IDPersona,Correo) VALUES (93,'pkiellor2k@friendfeed.com');
INSERT INTO CorreoProveedor(IDPersona,Correo) VALUES (94,'rmulholland2l@macromedia.com');
INSERT INTO CorreoProveedor(IDPersona,Correo) VALUES (95,'epotkin2m@seesaa.net');
INSERT INTO CorreoProveedor(IDPersona,Correo) VALUES (96,'mweldrake2n@cocolog-nifty.com');
INSERT INTO CorreoProveedor(IDPersona,Correo) VALUES (97,'chutcheon2o@illinois.edu');
INSERT INTO CorreoProveedor(IDPersona,Correo) VALUES (98,'cdangelo2p@ameblo.jp');
INSERT INTO CorreoProveedor(IDPersona,Correo) VALUES (99,'memerine2q@stumbleupon.com');
INSERT INTO CorreoProveedor(IDPersona,Correo) VALUES (100,'cbartolommeo2r@github.com');

INSERT INTO TelefonoProveedor(IDPersona,Telefono) VALUES (1,5502359245);
INSERT INTO TelefonoProveedor(IDPersona,Telefono) VALUES (2,5592167926);
INSERT INTO TelefonoProveedor(IDPersona,Telefono) VALUES (3,5571891408);
INSERT INTO TelefonoProveedor(IDPersona,Telefono) VALUES (4,5565668100);
INSERT INTO TelefonoProveedor(IDPersona,Telefono) VALUES (5,5523700651);
INSERT INTO TelefonoProveedor(IDPersona,Telefono) VALUES (6,5554293282);
INSERT INTO TelefonoProveedor(IDPersona,Telefono) VALUES (7,5572491759);
INSERT INTO TelefonoProveedor(IDPersona,Telefono) VALUES (8,5593876501);
INSERT INTO TelefonoProveedor(IDPersona,Telefono) VALUES (9,5561469928);
INSERT INTO TelefonoProveedor(IDPersona,Telefono) VALUES (10,5527432308);
INSERT INTO TelefonoProveedor(IDPersona,Telefono) VALUES (11,5505488516);
INSERT INTO TelefonoProveedor(IDPersona,Telefono) VALUES (12,5528305043);
INSERT INTO TelefonoProveedor(IDPersona,Telefono) VALUES (13,5546239404);
INSERT INTO TelefonoProveedor(IDPersona,Telefono) VALUES (14,5522387695);
INSERT INTO TelefonoProveedor(IDPersona,Telefono) VALUES (15,5548507192);
INSERT INTO TelefonoProveedor(IDPersona,Telefono) VALUES (16,5565818247);
INSERT INTO TelefonoProveedor(IDPersona,Telefono) VALUES (17,5587840978);
INSERT INTO TelefonoProveedor(IDPersona,Telefono) VALUES (18,5588241353);
INSERT INTO TelefonoProveedor(IDPersona,Telefono) VALUES (19,5532091361);
INSERT INTO TelefonoProveedor(IDPersona,Telefono) VALUES (20,5546972730);
INSERT INTO TelefonoProveedor(IDPersona,Telefono) VALUES (21,5505750653);
INSERT INTO TelefonoProveedor(IDPersona,Telefono) VALUES (22,5590816072);
INSERT INTO TelefonoProveedor(IDPersona,Telefono) VALUES (23,5507656781);
INSERT INTO TelefonoProveedor(IDPersona,Telefono) VALUES (24,5560610175);
INSERT INTO TelefonoProveedor(IDPersona,Telefono) VALUES (25,5502647946);
INSERT INTO TelefonoProveedor(IDPersona,Telefono) VALUES (26,5502650808);
INSERT INTO TelefonoProveedor(IDPersona,Telefono) VALUES (27,5513337299);
INSERT INTO TelefonoProveedor(IDPersona,Telefono) VALUES (28,5523104739);
INSERT INTO TelefonoProveedor(IDPersona,Telefono) VALUES (29,5579719610);
INSERT INTO TelefonoProveedor(IDPersona,Telefono) VALUES (30,5510202873);
INSERT INTO TelefonoProveedor(IDPersona,Telefono) VALUES (31,5572128439);
INSERT INTO TelefonoProveedor(IDPersona,Telefono) VALUES (32,5592259895);
INSERT INTO TelefonoProveedor(IDPersona,Telefono) VALUES (33,5570529088);
INSERT INTO TelefonoProveedor(IDPersona,Telefono) VALUES (34,5581948781);
INSERT INTO TelefonoProveedor(IDPersona,Telefono) VALUES (35,5555440951);
INSERT INTO TelefonoProveedor(IDPersona,Telefono) VALUES (36,5506899086);
INSERT INTO TelefonoProveedor(IDPersona,Telefono) VALUES (37,5566061508);
INSERT INTO TelefonoProveedor(IDPersona,Telefono) VALUES (38,5558428198);
INSERT INTO TelefonoProveedor(IDPersona,Telefono) VALUES (39,5524073177);
INSERT INTO TelefonoProveedor(IDPersona,Telefono) VALUES (40,5584566987);
INSERT INTO TelefonoProveedor(IDPersona,Telefono) VALUES (41,5579729841);
INSERT INTO TelefonoProveedor(IDPersona,Telefono) VALUES (42,5504059766);
INSERT INTO TelefonoProveedor(IDPersona,Telefono) VALUES (43,5544620725);
INSERT INTO TelefonoProveedor(IDPersona,Telefono) VALUES (44,5514632242);
INSERT INTO TelefonoProveedor(IDPersona,Telefono) VALUES (45,5508114610);
INSERT INTO TelefonoProveedor(IDPersona,Telefono) VALUES (46,5521051473);
INSERT INTO TelefonoProveedor(IDPersona,Telefono) VALUES (47,5546178486);
INSERT INTO TelefonoProveedor(IDPersona,Telefono) VALUES (48,5532797256);
INSERT INTO TelefonoProveedor(IDPersona,Telefono) VALUES (49,5519716331);
INSERT INTO TelefonoProveedor(IDPersona,Telefono) VALUES (50,5520527468);
INSERT INTO TelefonoProveedor(IDPersona,Telefono) VALUES (51,5586867955);
INSERT INTO TelefonoProveedor(IDPersona,Telefono) VALUES (52,5500417197);
INSERT INTO TelefonoProveedor(IDPersona,Telefono) VALUES (53,5561870569);
INSERT INTO TelefonoProveedor(IDPersona,Telefono) VALUES (54,5545105083);
INSERT INTO TelefonoProveedor(IDPersona,Telefono) VALUES (55,5562904072);
INSERT INTO TelefonoProveedor(IDPersona,Telefono) VALUES (56,5571095362);
INSERT INTO TelefonoProveedor(IDPersona,Telefono) VALUES (57,5597568961);
INSERT INTO TelefonoProveedor(IDPersona,Telefono) VALUES (58,5503623101);
INSERT INTO TelefonoProveedor(IDPersona,Telefono) VALUES (59,5502251887);
INSERT INTO TelefonoProveedor(IDPersona,Telefono) VALUES (60,5554539250);
INSERT INTO TelefonoProveedor(IDPersona,Telefono) VALUES (61,5527872802);
INSERT INTO TelefonoProveedor(IDPersona,Telefono) VALUES (62,5509713099);
INSERT INTO TelefonoProveedor(IDPersona,Telefono) VALUES (63,5597391714);
INSERT INTO TelefonoProveedor(IDPersona,Telefono) VALUES (64,5504983026);
INSERT INTO TelefonoProveedor(IDPersona,Telefono) VALUES (65,5583330375);
INSERT INTO TelefonoProveedor(IDPersona,Telefono) VALUES (66,5535761462);
INSERT INTO TelefonoProveedor(IDPersona,Telefono) VALUES (67,5502054983);
INSERT INTO TelefonoProveedor(IDPersona,Telefono) VALUES (68,5568258588);
INSERT INTO TelefonoProveedor(IDPersona,Telefono) VALUES (69,5587851938);
INSERT INTO TelefonoProveedor(IDPersona,Telefono) VALUES (70,5565097738);
INSERT INTO TelefonoProveedor(IDPersona,Telefono) VALUES (71,5507304117);
INSERT INTO TelefonoProveedor(IDPersona,Telefono) VALUES (72,5594690567);
INSERT INTO TelefonoProveedor(IDPersona,Telefono) VALUES (73,5565351404);
INSERT INTO TelefonoProveedor(IDPersona,Telefono) VALUES (74,5529011607);
INSERT INTO TelefonoProveedor(IDPersona,Telefono) VALUES (75,5542974920);
INSERT INTO TelefonoProveedor(IDPersona,Telefono) VALUES (76,5555790326);
INSERT INTO TelefonoProveedor(IDPersona,Telefono) VALUES (77,5554544060);
INSERT INTO TelefonoProveedor(IDPersona,Telefono) VALUES (78,5563593378);
INSERT INTO TelefonoProveedor(IDPersona,Telefono) VALUES (79,5525612070);
INSERT INTO TelefonoProveedor(IDPersona,Telefono) VALUES (80,5525187085);
INSERT INTO TelefonoProveedor(IDPersona,Telefono) VALUES (81,5523278876);
INSERT INTO TelefonoProveedor(IDPersona,Telefono) VALUES (82,5541831348);
INSERT INTO TelefonoProveedor(IDPersona,Telefono) VALUES (83,5566926505);
INSERT INTO TelefonoProveedor(IDPersona,Telefono) VALUES (84,5580562572);
INSERT INTO TelefonoProveedor(IDPersona,Telefono) VALUES (85,5556350132);
INSERT INTO TelefonoProveedor(IDPersona,Telefono) VALUES (86,5597567557);
INSERT INTO TelefonoProveedor(IDPersona,Telefono) VALUES (87,5543006365);
INSERT INTO TelefonoProveedor(IDPersona,Telefono) VALUES (88,5505352611);
INSERT INTO TelefonoProveedor(IDPersona,Telefono) VALUES (89,5525510247);
INSERT INTO TelefonoProveedor(IDPersona,Telefono) VALUES (90,5506813329);
INSERT INTO TelefonoProveedor(IDPersona,Telefono) VALUES (91,5514997143);
INSERT INTO TelefonoProveedor(IDPersona,Telefono) VALUES (92,5513857394);
INSERT INTO TelefonoProveedor(IDPersona,Telefono) VALUES (93,5574517641);
INSERT INTO TelefonoProveedor(IDPersona,Telefono) VALUES (94,5532739996);
INSERT INTO TelefonoProveedor(IDPersona,Telefono) VALUES (95,5568834548);
INSERT INTO TelefonoProveedor(IDPersona,Telefono) VALUES (96,5530042775);
INSERT INTO TelefonoProveedor(IDPersona,Telefono) VALUES (97,5582913123);
INSERT INTO TelefonoProveedor(IDPersona,Telefono) VALUES (98,5582570822);
INSERT INTO TelefonoProveedor(IDPersona,Telefono) VALUES (99,5597927910);
INSERT INTO TelefonoProveedor(IDPersona,Telefono) VALUES (100,5539262191);


INSERT INTO Bioma(IDBioma,Tipo) VALUES (1,'Desierto');
INSERT INTO Bioma(IDBioma,Tipo) VALUES (2,'Pastizales');
INSERT INTO Bioma(IDBioma,Tipo) VALUES (3,'Franja');
INSERT INTO Bioma(IDBioma,Tipo) VALUES (4,'Costera');
INSERT INTO Bioma(IDBioma,Tipo) VALUES (5,'Tundra');
INSERT INTO Bioma(IDBioma,Tipo) VALUES (6,'Aviario');
INSERT INTO Bioma(IDBioma,Tipo) VALUES (7,'Bosque templado');
INSERT INTO Bioma(IDBioma,Tipo) VALUES (8,'Bosque Tropical');


INSERT INTO Jaula(IDBioma,NumJaula) VALUES (3,51522);
INSERT INTO Jaula(IDBioma,NumJaula) VALUES (1,63285);
INSERT INTO Jaula(IDBioma,NumJaula) VALUES (9,25998);
INSERT INTO Jaula(IDBioma,NumJaula) VALUES (3,87420);
INSERT INTO Jaula(IDBioma,NumJaula) VALUES (8,55674);
INSERT INTO Jaula(IDBioma,NumJaula) VALUES (2,2762);
INSERT INTO Jaula(IDBioma,NumJaula) VALUES (4,43090);
INSERT INTO Jaula(IDBioma,NumJaula) VALUES (4,36667);
INSERT INTO Jaula(IDBioma,NumJaula) VALUES (5,30623);
INSERT INTO Jaula(IDBioma,NumJaula) VALUES (1,64841);
INSERT INTO Jaula(IDBioma,NumJaula) VALUES (6,7861);
INSERT INTO Jaula(IDBioma,NumJaula) VALUES (5,43746);
INSERT INTO Jaula(IDBioma,NumJaula) VALUES (3,84913);
INSERT INTO Jaula(IDBioma,NumJaula) VALUES (2,32104);
INSERT INTO Jaula(IDBioma,NumJaula) VALUES (7,9327);
INSERT INTO Jaula(IDBioma,NumJaula) VALUES (3,994);
INSERT INTO Jaula(IDBioma,NumJaula) VALUES (8,31122);
INSERT INTO Jaula(IDBioma,NumJaula) VALUES (5,50727);
INSERT INTO Jaula(IDBioma,NumJaula) VALUES (5,63699);
INSERT INTO Jaula(IDBioma,NumJaula) VALUES (9,45035);
INSERT INTO Jaula(IDBioma,NumJaula) VALUES (9,47225);
INSERT INTO Jaula(IDBioma,NumJaula) VALUES (6,7707);
INSERT INTO Jaula(IDBioma,NumJaula) VALUES (4,20784);
INSERT INTO Jaula(IDBioma,NumJaula) VALUES (2,50422);
INSERT INTO Jaula(IDBioma,NumJaula) VALUES (2,15545);
INSERT INTO Jaula(IDBioma,NumJaula) VALUES (1,99134);
INSERT INTO Jaula(IDBioma,NumJaula) VALUES (8,84052);
INSERT INTO Jaula(IDBioma,NumJaula) VALUES (2,23752);
INSERT INTO Jaula(IDBioma,NumJaula) VALUES (7,68693);
INSERT INTO Jaula(IDBioma,NumJaula) VALUES (10,53206);
INSERT INTO Jaula(IDBioma,NumJaula) VALUES (2,84825);
INSERT INTO Jaula(IDBioma,NumJaula) VALUES (9,70403);
INSERT INTO Jaula(IDBioma,NumJaula) VALUES (8,22581);
INSERT INTO Jaula(IDBioma,NumJaula) VALUES (10,25142);
INSERT INTO Jaula(IDBioma,NumJaula) VALUES (8,81511);
INSERT INTO Jaula(IDBioma,NumJaula) VALUES (8,68996);
INSERT INTO Jaula(IDBioma,NumJaula) VALUES (1,84124);
INSERT INTO Jaula(IDBioma,NumJaula) VALUES (1,10989);
INSERT INTO Jaula(IDBioma,NumJaula) VALUES (9,60195);
INSERT INTO Jaula(IDBioma,NumJaula) VALUES (5,1121);
INSERT INTO Jaula(IDBioma,NumJaula) VALUES (1,62474);
INSERT INTO Jaula(IDBioma,NumJaula) VALUES (1,1714);
INSERT INTO Jaula(IDBioma,NumJaula) VALUES (2,47959);
INSERT INTO Jaula(IDBioma,NumJaula) VALUES (10,66467);
INSERT INTO Jaula(IDBioma,NumJaula) VALUES (1,64260);
INSERT INTO Jaula(IDBioma,NumJaula) VALUES (7,80079);
INSERT INTO Jaula(IDBioma,NumJaula) VALUES (1,13040);
INSERT INTO Jaula(IDBioma,NumJaula) VALUES (6,33176);
INSERT INTO Jaula(IDBioma,NumJaula) VALUES (9,86652);
INSERT INTO Jaula(IDBioma,NumJaula) VALUES (4,9289);
INSERT INTO Jaula(IDBioma,NumJaula) VALUES (10,89672);
INSERT INTO Jaula(IDBioma,NumJaula) VALUES (5,56083);
INSERT INTO Jaula(IDBioma,NumJaula) VALUES (8,95606);
INSERT INTO Jaula(IDBioma,NumJaula) VALUES (2,93913);
INSERT INTO Jaula(IDBioma,NumJaula) VALUES (10,43705);
INSERT INTO Jaula(IDBioma,NumJaula) VALUES (6,18057);
INSERT INTO Jaula(IDBioma,NumJaula) VALUES (10,89106);
INSERT INTO Jaula(IDBioma,NumJaula) VALUES (5,63805);
INSERT INTO Jaula(IDBioma,NumJaula) VALUES (7,20969);
INSERT INTO Jaula(IDBioma,NumJaula) VALUES (1,18217);
INSERT INTO Jaula(IDBioma,NumJaula) VALUES (5,12111);
INSERT INTO Jaula(IDBioma,NumJaula) VALUES (5,34298);
INSERT INTO Jaula(IDBioma,NumJaula) VALUES (1,26083);
INSERT INTO Jaula(IDBioma,NumJaula) VALUES (9,47112);
INSERT INTO Jaula(IDBioma,NumJaula) VALUES (1,98034);
INSERT INTO Jaula(IDBioma,NumJaula) VALUES (2,64120);
INSERT INTO Jaula(IDBioma,NumJaula) VALUES (7,72985);
INSERT INTO Jaula(IDBioma,NumJaula) VALUES (5,23245);
INSERT INTO Jaula(IDBioma,NumJaula) VALUES (8,96225);
INSERT INTO Jaula(IDBioma,NumJaula) VALUES (4,87937);
INSERT INTO Jaula(IDBioma,NumJaula) VALUES (7,65154);
INSERT INTO Jaula(IDBioma,NumJaula) VALUES (3,37464);
INSERT INTO Jaula(IDBioma,NumJaula) VALUES (5,30629);
INSERT INTO Jaula(IDBioma,NumJaula) VALUES (5,4566);
INSERT INTO Jaula(IDBioma,NumJaula) VALUES (2,14814);
INSERT INTO Jaula(IDBioma,NumJaula) VALUES (1,56692);
INSERT INTO Jaula(IDBioma,NumJaula) VALUES (10,47899);
INSERT INTO Jaula(IDBioma,NumJaula) VALUES (6,80343);
INSERT INTO Jaula(IDBioma,NumJaula) VALUES (9,38169);
INSERT INTO Jaula(IDBioma,NumJaula) VALUES (7,94498);
INSERT INTO Jaula(IDBioma,NumJaula) VALUES (9,42420);
INSERT INTO Jaula(IDBioma,NumJaula) VALUES (5,99392);
INSERT INTO Jaula(IDBioma,NumJaula) VALUES (2,82076);
INSERT INTO Jaula(IDBioma,NumJaula) VALUES (1,94325);
INSERT INTO Jaula(IDBioma,NumJaula) VALUES (5,94629);
INSERT INTO Jaula(IDBioma,NumJaula) VALUES (4,22853);
INSERT INTO Jaula(IDBioma,NumJaula) VALUES (5,47932);
INSERT INTO Jaula(IDBioma,NumJaula) VALUES (4,35215);
INSERT INTO Jaula(IDBioma,NumJaula) VALUES (1,16856);
INSERT INTO Jaula(IDBioma,NumJaula) VALUES (6,37402);
INSERT INTO Jaula(IDBioma,NumJaula) VALUES (1,55286);
INSERT INTO Jaula(IDBioma,NumJaula) VALUES (7,94885);
INSERT INTO Jaula(IDBioma,NumJaula) VALUES (8,25342);
INSERT INTO Jaula(IDBioma,NumJaula) VALUES (1,79659);
INSERT INTO Jaula(IDBioma,NumJaula) VALUES (3,99223);
INSERT INTO Jaula(IDBioma,NumJaula) VALUES (7,13320);
INSERT INTO Jaula(IDBioma,NumJaula) VALUES (4,97417);
INSERT INTO Jaula(IDBioma,NumJaula) VALUES (7,90);
INSERT INTO Jaula(IDBioma,NumJaula) VALUES (7,19755);
INSERT INTO Jaula(IDBioma,NumJaula) VALUES (3,60498);


INSERT INTO Alimento(IDInsumo,Nombre,Caducidad,Cantidad,Refrigeracion,Tipo) VALUES (1,'ciervo','2024-08-13',38,'false','Verdura');
INSERT INTO Alimento(IDInsumo,Nombre,Caducidad,Cantidad,Refrigeracion,Tipo) VALUES (2,'gusanos de seda','2024-09-03',38,'false','Pescado');
INSERT INTO Alimento(IDInsumo,Nombre,Caducidad,Cantidad,Refrigeracion,Tipo) VALUES (3,'cerezas','2024-09-09',74,'true','Semilla');
INSERT INTO Alimento(IDInsumo,Nombre,Caducidad,Cantidad,Refrigeracion,Tipo) VALUES (4,'nabo daikon','2024-09-05',11,'false','Tuberculo');
INSERT INTO Alimento(IDInsumo,Nombre,Caducidad,Cantidad,Refrigeracion,Tipo) VALUES (5,'papa','2024-05-04',37,'false','Carne');
INSERT INTO Alimento(IDInsumo,Nombre,Caducidad,Cantidad,Refrigeracion,Tipo) VALUES (6,'gorgojos de palma','2024-10-11',51,'false','Verdura');
INSERT INTO Alimento(IDInsumo,Nombre,Caducidad,Cantidad,Refrigeracion,Tipo) VALUES (7,'pargo rojo del Pacífico','2024-04-11',95,'false','Carne');
INSERT INTO Alimento(IDInsumo,Nombre,Caducidad,Cantidad,Refrigeracion,Tipo) VALUES (8,'plátano','2024-09-08',80,'true','Tuberculo');
INSERT INTO Alimento(IDInsumo,Nombre,Caducidad,Cantidad,Refrigeracion,Tipo) VALUES (9,'linaza dorada','2023-11-08',77,'true','Tuberculo');
INSERT INTO Alimento(IDInsumo,Nombre,Caducidad,Cantidad,Refrigeracion,Tipo) VALUES (10,'calabaza del acantilado','2024-10-13',29,'false','Tuberculo');
INSERT INTO Alimento(IDInsumo,Nombre,Caducidad,Cantidad,Refrigeracion,Tipo) VALUES (11,'ciruela negra','2024-07-04',7,'false','Semilla');
INSERT INTO Alimento(IDInsumo,Nombre,Caducidad,Cantidad,Refrigeracion,Tipo) VALUES (12,'judía verde','2024-07-16',68,'false','Pescado');
INSERT INTO Alimento(IDInsumo,Nombre,Caducidad,Cantidad,Refrigeracion,Tipo) VALUES (13,'pavo','2024-09-14',71,'true','Fruta');
INSERT INTO Alimento(IDInsumo,Nombre,Caducidad,Cantidad,Refrigeracion,Tipo) VALUES (14,'gallina de Cornualles','2024-05-31',39,'false','Tuberculo');
INSERT INTO Alimento(IDInsumo,Nombre,Caducidad,Cantidad,Refrigeracion,Tipo) VALUES (15,'berro de agua','2024-04-24',3,'true','Fruta');
INSERT INTO Alimento(IDInsumo,Nombre,Caducidad,Cantidad,Refrigeracion,Tipo) VALUES (16,'calabaza de bellota','2024-10-16',3,'false','Insecto');
INSERT INTO Alimento(IDInsumo,Nombre,Caducidad,Cantidad,Refrigeracion,Tipo) VALUES (17,'durazno amarillo','2023-11-02',3,'false','Insecto');
INSERT INTO Alimento(IDInsumo,Nombre,Caducidad,Cantidad,Refrigeracion,Tipo) VALUES (18,'frambuesa','2023-11-17',65,'true','Carne');
INSERT INTO Alimento(IDInsumo,Nombre,Caducidad,Cantidad,Refrigeracion,Tipo) VALUES (19,'larvas de langosta','2023-12-31',36,'false','Insecto');
INSERT INTO Alimento(IDInsumo,Nombre,Caducidad,Cantidad,Refrigeracion,Tipo) VALUES (20,'zanahoria morada','2024-04-08',25,'true','Pescado');
INSERT INTO Alimento(IDInsumo,Nombre,Caducidad,Cantidad,Refrigeracion,Tipo) VALUES (21,'calabacín','2024-10-19',57,'false','Fruta');
INSERT INTO Alimento(IDInsumo,Nombre,Caducidad,Cantidad,Refrigeracion,Tipo) VALUES (22,'rábano daikon','2024-07-13',10,'true','Lacteo');
INSERT INTO Alimento(IDInsumo,Nombre,Caducidad,Cantidad,Refrigeracion,Tipo) VALUES (23,'dorada rayada del Atlántico','2024-05-03',66,'false','Tuberculo');
INSERT INTO Alimento(IDInsumo,Nombre,Caducidad,Cantidad,Refrigeracion,Tipo) VALUES (24,'pollo de Cornualles gigante','2023-11-23',72,'true','Carne');
INSERT INTO Alimento(IDInsumo,Nombre,Caducidad,Cantidad,Refrigeracion,Tipo) VALUES (25,'ciruela roja japonesa','2024-10-08',27,'true','Semilla');
INSERT INTO Alimento(IDInsumo,Nombre,Caducidad,Cantidad,Refrigeracion,Tipo) VALUES (26,'soja','2024-08-10',33,'false','Lacteo');
INSERT INTO Alimento(IDInsumo,Nombre,Caducidad,Cantidad,Refrigeracion,Tipo) VALUES (27,'ciruela santa rosa','2024-07-30',35,'false','Tuberculo');
INSERT INTO Alimento(IDInsumo,Nombre,Caducidad,Cantidad,Refrigeracion,Tipo) VALUES (28,'kiwi','2023-12-14',26,'true','Pescado');
INSERT INTO Alimento(IDInsumo,Nombre,Caducidad,Cantidad,Refrigeracion,Tipo) VALUES (29,'calabaza espagueti','2024-08-02',90,'false','Carne');
INSERT INTO Alimento(IDInsumo,Nombre,Caducidad,Cantidad,Refrigeracion,Tipo) VALUES (30,'larvas de abeja de miel','2024-01-31',80,'false','Carne');
INSERT INTO Alimento(IDInsumo,Nombre,Caducidad,Cantidad,Refrigeracion,Tipo) VALUES (31,'ciruela italiana','2024-10-05',6,'true','Tuberculo');
INSERT INTO Alimento(IDInsumo,Nombre,Caducidad,Cantidad,Refrigeracion,Tipo) VALUES (32,'cordero','2024-05-25',67,'false','Carne');
INSERT INTO Alimento(IDInsumo,Nombre,Caducidad,Cantidad,Refrigeracion,Tipo) VALUES (33,'rábano chino','2023-11-17',93,'true','Carne');
INSERT INTO Alimento(IDInsumo,Nombre,Caducidad,Cantidad,Refrigeracion,Tipo) VALUES (34,'berro de agua','2024-10-19',100,'true','Verdura');
INSERT INTO Alimento(IDInsumo,Nombre,Caducidad,Cantidad,Refrigeracion,Tipo) VALUES (35,'ganso del Canadá','2024-09-20',15,'false','Tuberculo');
INSERT INTO Alimento(IDInsumo,Nombre,Caducidad,Cantidad,Refrigeracion,Tipo) VALUES (36,'pimiento','2023-11-18',50,'true','Tuberculo');
INSERT INTO Alimento(IDInsumo,Nombre,Caducidad,Cantidad,Refrigeracion,Tipo) VALUES (37,'sésamo negro','2024-09-20',74,'false','Fruta');
INSERT INTO Alimento(IDInsumo,Nombre,Caducidad,Cantidad,Refrigeracion,Tipo) VALUES (38,'linaza dorada','2023-11-30',34,'true','Carne');
INSERT INTO Alimento(IDInsumo,Nombre,Caducidad,Cantidad,Refrigeracion,Tipo) VALUES (39,'ciruela pasa','2023-12-23',26,'false','Lacteo');
INSERT INTO Alimento(IDInsumo,Nombre,Caducidad,Cantidad,Refrigeracion,Tipo) VALUES (40,'larvas de polilla de la seda','2024-01-03',20,'true','Fruta');
INSERT INTO Alimento(IDInsumo,Nombre,Caducidad,Cantidad,Refrigeracion,Tipo) VALUES (41,'nabo sueco','2024-01-23',30,'true','Semilla');
INSERT INTO Alimento(IDInsumo,Nombre,Caducidad,Cantidad,Refrigeracion,Tipo) VALUES (42,'lubina','2024-02-29',35,'false','Carne');
INSERT INTO Alimento(IDInsumo,Nombre,Caducidad,Cantidad,Refrigeracion,Tipo) VALUES (43,'ciruela roja japonesa','2023-12-08',40,'true','Fruta');
INSERT INTO Alimento(IDInsumo,Nombre,Caducidad,Cantidad,Refrigeracion,Tipo) VALUES (44,'nabo largo','2024-03-06',13,'false','Carne');
INSERT INTO Alimento(IDInsumo,Nombre,Caducidad,Cantidad,Refrigeracion,Tipo) VALUES (45,'pato de Pekín','2024-05-19',84,'true','Verdura');
INSERT INTO Alimento(IDInsumo,Nombre,Caducidad,Cantidad,Refrigeracion,Tipo) VALUES (46,'pargo dentón','2023-11-14',30,'false','Pescado');
INSERT INTO Alimento(IDInsumo,Nombre,Caducidad,Cantidad,Refrigeracion,Tipo) VALUES (47,'mújol del Atlántico','2024-10-23',53,'false','Semilla');
INSERT INTO Alimento(IDInsumo,Nombre,Caducidad,Cantidad,Refrigeracion,Tipo) VALUES (48,'nabo daikon','2024-01-12',59,'true','Insecto');
INSERT INTO Alimento(IDInsumo,Nombre,Caducidad,Cantidad,Refrigeracion,Tipo) VALUES (49,'pollo','2024-03-23',98,'false','Pescado');
INSERT INTO Alimento(IDInsumo,Nombre,Caducidad,Cantidad,Refrigeracion,Tipo) VALUES (50,'mazorca de maíz','2023-12-04',35,'false','Semilla');
INSERT INTO Alimento(IDInsumo,Nombre,Caducidad,Cantidad,Refrigeracion,Tipo) VALUES (51,'cordero','2024-09-09',63,'true','Insecto');
INSERT INTO Alimento(IDInsumo,Nombre,Caducidad,Cantidad,Refrigeracion,Tipo) VALUES (52,'durazno amarillo','2024-06-21',26,'false','Carne');
INSERT INTO Alimento(IDInsumo,Nombre,Caducidad,Cantidad,Refrigeracion,Tipo) VALUES (53,'garza blanca grande','2023-12-16',37,'false','Verdura');
INSERT INTO Alimento(IDInsumo,Nombre,Caducidad,Cantidad,Refrigeracion,Tipo) VALUES (54,'rábano','2024-04-13',25,'true','Pescado');
INSERT INTO Alimento(IDInsumo,Nombre,Caducidad,Cantidad,Refrigeracion,Tipo) VALUES (55,'rábano','2024-03-01',3,'false','Carne');
INSERT INTO Alimento(IDInsumo,Nombre,Caducidad,Cantidad,Refrigeracion,Tipo) VALUES (56,'pimiento verde','2024-08-05',50,'false','Tuberculo');
INSERT INTO Alimento(IDInsumo,Nombre,Caducidad,Cantidad,Refrigeracion,Tipo) VALUES (57,'lentejas','2023-12-20',100,'false','Carne');
INSERT INTO Alimento(IDInsumo,Nombre,Caducidad,Cantidad,Refrigeracion,Tipo) VALUES (58,'chía','2024-02-09',89,'false','Insecto');
INSERT INTO Alimento(IDInsumo,Nombre,Caducidad,Cantidad,Refrigeracion,Tipo) VALUES (59,'pavo Bourbon Red','2024-06-14',61,'true','Fruta');
INSERT INTO Alimento(IDInsumo,Nombre,Caducidad,Cantidad,Refrigeracion,Tipo) VALUES (60,'calabaza','2024-03-22',17,'true','Pescado');
INSERT INTO Alimento(IDInsumo,Nombre,Caducidad,Cantidad,Refrigeracion,Tipo) VALUES (61,'larvas de escarabajo de la harina','2023-11-23',88,'false','Semilla');
INSERT INTO Alimento(IDInsumo,Nombre,Caducidad,Cantidad,Refrigeracion,Tipo) VALUES (62,'saltamontes','2024-09-21',1,'true','Insecto');
INSERT INTO Alimento(IDInsumo,Nombre,Caducidad,Cantidad,Refrigeracion,Tipo) VALUES (63,'anguila','2024-07-10',100,'false','Insecto');
INSERT INTO Alimento(IDInsumo,Nombre,Caducidad,Cantidad,Refrigeracion,Tipo) VALUES (64,'pollo de Cornualles blanco','2024-05-21',14,'true','Lacteo');
INSERT INTO Alimento(IDInsumo,Nombre,Caducidad,Cantidad,Refrigeracion,Tipo) VALUES (65,'coliflor','2024-07-22',31,'true','Lacteo');
INSERT INTO Alimento(IDInsumo,Nombre,Caducidad,Cantidad,Refrigeracion,Tipo) VALUES (66,'nabo daikon','2023-11-22',46,'true','Insecto');
INSERT INTO Alimento(IDInsumo,Nombre,Caducidad,Cantidad,Refrigeracion,Tipo) VALUES (67,'mijo perla','2024-08-23',38,'true','Insecto');
INSERT INTO Alimento(IDInsumo,Nombre,Caducidad,Cantidad,Refrigeracion,Tipo) VALUES (68,'pavo','2023-12-18',49,'false','Fruta');
INSERT INTO Alimento(IDInsumo,Nombre,Caducidad,Cantidad,Refrigeracion,Tipo) VALUES (69,'conejo de monte','2024-05-21',13,'true','Carne');
INSERT INTO Alimento(IDInsumo,Nombre,Caducidad,Cantidad,Refrigeracion,Tipo) VALUES (70,'mújol rayado','2024-07-16',47,'false','Fruta');
INSERT INTO Alimento(IDInsumo,Nombre,Caducidad,Cantidad,Refrigeracion,Tipo) VALUES (71,'ciruela roja japonesa','2024-10-14',39,'false','Insecto');
INSERT INTO Alimento(IDInsumo,Nombre,Caducidad,Cantidad,Refrigeracion,Tipo) VALUES (72,'papaya','2023-12-15',56,'true','Carne');
INSERT INTO Alimento(IDInsumo,Nombre,Caducidad,Cantidad,Refrigeracion,Tipo) VALUES (73,'mijo','2024-09-24',29,'false','Verdura');
INSERT INTO Alimento(IDInsumo,Nombre,Caducidad,Cantidad,Refrigeracion,Tipo) VALUES (74,'nabo daikon','2024-05-07',11,'false','Carne');
INSERT INTO Alimento(IDInsumo,Nombre,Caducidad,Cantidad,Refrigeracion,Tipo) VALUES (75,'chía blanca','2024-04-01',80,'true','Carne');
INSERT INTO Alimento(IDInsumo,Nombre,Caducidad,Cantidad,Refrigeracion,Tipo) VALUES (76,'mújol rayado','2024-02-05',27,'false','Insecto');
INSERT INTO Alimento(IDInsumo,Nombre,Caducidad,Cantidad,Refrigeracion,Tipo) VALUES (77,'gusanos de harina','2024-09-27',46,'true','Carne');
INSERT INTO Alimento(IDInsumo,Nombre,Caducidad,Cantidad,Refrigeracion,Tipo) VALUES (78,'ciervo','2024-10-04',30,'false','Tuberculo');
INSERT INTO Alimento(IDInsumo,Nombre,Caducidad,Cantidad,Refrigeracion,Tipo) VALUES (79,'zanahoria','2024-09-11',26,'false','Lacteo');
INSERT INTO Alimento(IDInsumo,Nombre,Caducidad,Cantidad,Refrigeracion,Tipo) VALUES (80,'nabo','2024-06-19',17,'false','Verdura');
INSERT INTO Alimento(IDInsumo,Nombre,Caducidad,Cantidad,Refrigeracion,Tipo) VALUES (81,'grillos','2024-07-10',62,'true','Carne');
INSERT INTO Alimento(IDInsumo,Nombre,Caducidad,Cantidad,Refrigeracion,Tipo) VALUES (82,'pavo Narragansett','2024-05-01',65,'false','Pescado');
INSERT INTO Alimento(IDInsumo,Nombre,Caducidad,Cantidad,Refrigeracion,Tipo) VALUES (83,'coliflor','2023-12-14',54,'true','Verdura');
INSERT INTO Alimento(IDInsumo,Nombre,Caducidad,Cantidad,Refrigeracion,Tipo) VALUES (84,'avispa','2024-10-19',7,'true','Carne');
INSERT INTO Alimento(IDInsumo,Nombre,Caducidad,Cantidad,Refrigeracion,Tipo) VALUES (85,'ternera','2023-11-15',97,'false','Verdura');
INSERT INTO Alimento(IDInsumo,Nombre,Caducidad,Cantidad,Refrigeracion,Tipo) VALUES (86,'salmón','2024-01-17',50,'false','Verdura');
INSERT INTO Alimento(IDInsumo,Nombre,Caducidad,Cantidad,Refrigeracion,Tipo) VALUES (87,'quinua negra','2024-06-02',17,'true','Insecto');
INSERT INTO Alimento(IDInsumo,Nombre,Caducidad,Cantidad,Refrigeracion,Tipo) VALUES (88,'repollo','2024-05-13',47,'true','Lacteo');
INSERT INTO Alimento(IDInsumo,Nombre,Caducidad,Cantidad,Refrigeracion,Tipo) VALUES (89,'papaya','2024-06-30',59,'false','Fruta');
INSERT INTO Alimento(IDInsumo,Nombre,Caducidad,Cantidad,Refrigeracion,Tipo) VALUES (90,'calabaza del acantilado','2024-05-23',17,'true','Tuberculo');
INSERT INTO Alimento(IDInsumo,Nombre,Caducidad,Cantidad,Refrigeracion,Tipo) VALUES (91,'nuez','2024-04-16',62,'true','Verdura');
INSERT INTO Alimento(IDInsumo,Nombre,Caducidad,Cantidad,Refrigeracion,Tipo) VALUES (92,'garza real','2023-12-02',51,'true','Tuberculo');
INSERT INTO Alimento(IDInsumo,Nombre,Caducidad,Cantidad,Refrigeracion,Tipo) VALUES (93,'pollo','2023-12-02',48,'true','Fruta');
INSERT INTO Alimento(IDInsumo,Nombre,Caducidad,Cantidad,Refrigeracion,Tipo) VALUES (94,'conejo','2024-01-09',100,'true','Pescado');
INSERT INTO Alimento(IDInsumo,Nombre,Caducidad,Cantidad,Refrigeracion,Tipo) VALUES (95,'abejorro','2024-01-12',56,'false','Pescado');
INSERT INTO Alimento(IDInsumo,Nombre,Caducidad,Cantidad,Refrigeracion,Tipo) VALUES (96,'calabaza cacahuete','2024-07-15',45,'false','Lacteo');
INSERT INTO Alimento(IDInsumo,Nombre,Caducidad,Cantidad,Refrigeracion,Tipo) VALUES (97,'trucha marrón','2024-03-16',64,'false','Semilla');
INSERT INTO Alimento(IDInsumo,Nombre,Caducidad,Cantidad,Refrigeracion,Tipo) VALUES (98,'calabacín de verano','2024-02-25',10,'false','Lacteo');
INSERT INTO Alimento(IDInsumo,Nombre,Caducidad,Cantidad,Refrigeracion,Tipo) VALUES (99,'carpa','2023-11-18',67,'false','Insecto');
INSERT INTO Alimento(IDInsumo,Nombre,Caducidad,Cantidad,Refrigeracion,Tipo) VALUES (100,'garbanzos','2024-08-20',13,'false','Semilla');


INSERT INTO Medicina(IDInsumo,Nombre,Caducidad,Cantidad,Refrigeracion,Tipo,Laboratorio) VALUES (1,'Oxitetraciclina','2026-04-27',246,'true','Antiinflamatorio','VetFarm Labs');
INSERT INTO Medicina(IDInsumo,Nombre,Caducidad,Cantidad,Refrigeracion,Tipo,Laboratorio) VALUES (2,'Neomycin','2025-05-01',764,'true','Antiviral','BioZootecno');
INSERT INTO Medicina(IDInsumo,Nombre,Caducidad,Cantidad,Refrigeracion,Tipo,Laboratorio) VALUES (3,'Omeprazol','2025-03-05',421,'false','Antiviral','ZootecnoMedix');
INSERT INTO Medicina(IDInsumo,Nombre,Caducidad,Cantidad,Refrigeracion,Tipo,Laboratorio) VALUES (4,'Ciclosporina','2024-09-10',783,'true','Antiparasitario','AnimalCure Formulations');
INSERT INTO Medicina(IDInsumo,Nombre,Caducidad,Cantidad,Refrigeracion,Tipo,Laboratorio) VALUES (5,'Fenbendazol','2028-10-27',626,'true','Antibiótico','AnimalGuard Labs');
INSERT INTO Medicina(IDInsumo,Nombre,Caducidad,Cantidad,Refrigeracion,Tipo,Laboratorio) VALUES (6,'Amantadine','2023-02-06',343,'false','Desparasitante','ZootecnoMedix');
INSERT INTO Medicina(IDInsumo,Nombre,Caducidad,Cantidad,Refrigeracion,Tipo,Laboratorio) VALUES (7,'Naproxen','2032-11-22',253,'true','Antibiótico','ZootecnoLife Solutions');
INSERT INTO Medicina(IDInsumo,Nombre,Caducidad,Cantidad,Refrigeracion,Tipo,Laboratorio) VALUES (8,'Dihydrostreptomycin','2026-02-14',720,'false','Vitamina','ZooSafe Formulas');
INSERT INTO Medicina(IDInsumo,Nombre,Caducidad,Cantidad,Refrigeracion,Tipo,Laboratorio) VALUES (9,'Bromhexina','2034-02-12',335,'true','Antihistamínico','FarmAnimal Health');
INSERT INTO Medicina(IDInsumo,Nombre,Caducidad,Cantidad,Refrigeracion,Tipo,Laboratorio) VALUES (10,'Trimethoprim','2020-02-07',979,'false','Vitamina','ZootecnoLife Solutions');
INSERT INTO Medicina(IDInsumo,Nombre,Caducidad,Cantidad,Refrigeracion,Tipo,Laboratorio) VALUES (11,'Prednisone','2027-10-05',308,'true','Inmunosupresor','ZooPharmaTech');
INSERT INTO Medicina(IDInsumo,Nombre,Caducidad,Cantidad,Refrigeracion,Tipo,Laboratorio) VALUES (12,'Famciclovir','2028-03-14',614,'false','Desparasitante','ZooMedicine Solutions');
INSERT INTO Medicina(IDInsumo,Nombre,Caducidad,Cantidad,Refrigeracion,Tipo,Laboratorio) VALUES (13,'Trazodone','2024-10-02',500,'true','Anestesia','ZooPro Health');
INSERT INTO Medicina(IDInsumo,Nombre,Caducidad,Cantidad,Refrigeracion,Tipo,Laboratorio) VALUES (14,'Pentoxifylline','2029-01-10',432,'false','Analgésico','ZooCare Pharmaceuticals');
INSERT INTO Medicina(IDInsumo,Nombre,Caducidad,Cantidad,Refrigeracion,Tipo,Laboratorio) VALUES (15,'Tolazoline','2020-10-14',415,'false','Antihistamínico','AgroVet Labs');
INSERT INTO Medicina(IDInsumo,Nombre,Caducidad,Cantidad,Refrigeracion,Tipo,Laboratorio) VALUES (16,'Dexametasona','2033-04-15',761,'true','Antiinflamatorio','AnimalGuard Labs');
INSERT INTO Medicina(IDInsumo,Nombre,Caducidad,Cantidad,Refrigeracion,Tipo,Laboratorio) VALUES (17,'Sevoflurane','2023-03-08',439,'true','Antiviral','FarmVet Innovations');
INSERT INTO Medicina(IDInsumo,Nombre,Caducidad,Cantidad,Refrigeracion,Tipo,Laboratorio) VALUES (18,'Fluoxetine','2021-07-29',853,'true','Antiviral','FarmAnimal Health');
INSERT INTO Medicina(IDInsumo,Nombre,Caducidad,Cantidad,Refrigeracion,Tipo,Laboratorio) VALUES (19,'Tylosin','2033-12-26',589,'false','Desparasitante','VetPro Research');
INSERT INTO Medicina(IDInsumo,Nombre,Caducidad,Cantidad,Refrigeracion,Tipo,Laboratorio) VALUES (20,'Ketamine','2034-07-03',113,'true','Antibiótico','ZooPro Health');
INSERT INTO Medicina(IDInsumo,Nombre,Caducidad,Cantidad,Refrigeracion,Tipo,Laboratorio) VALUES (21,'Marbofloxacina','2029-07-14',488,'true','Vitamina','LivestockPharma');
INSERT INTO Medicina(IDInsumo,Nombre,Caducidad,Cantidad,Refrigeracion,Tipo,Laboratorio) VALUES (22,'Dihydrostreptomycin','2022-11-29',604,'true','Antiinflamatorio','ZooCare Pharmaceuticals');
INSERT INTO Medicina(IDInsumo,Nombre,Caducidad,Cantidad,Refrigeracion,Tipo,Laboratorio) VALUES (23,'Lansoprazole','2025-02-24',892,'false','Antifúngico','AnimalWise Innovations');
INSERT INTO Medicina(IDInsumo,Nombre,Caducidad,Cantidad,Refrigeracion,Tipo,Laboratorio) VALUES (24,'Famciclovir','2031-12-27',593,'true','Antifúngico','ZooCare Technologies');
INSERT INTO Medicina(IDInsumo,Nombre,Caducidad,Cantidad,Refrigeracion,Tipo,Laboratorio) VALUES (25,'Fenilbutazona','2027-06-22',669,'true','Antiviral','LivestockRx Solutions');
INSERT INTO Medicina(IDInsumo,Nombre,Caducidad,Cantidad,Refrigeracion,Tipo,Laboratorio) VALUES (26,'Ibuprofen','2022-10-20',747,'false','Anestesia','AnimalWise Innovations');
INSERT INTO Medicina(IDInsumo,Nombre,Caducidad,Cantidad,Refrigeracion,Tipo,Laboratorio) VALUES (27,'Loratadina','2023-04-11',309,'false','Analgésico','AnimalLife Labs');
INSERT INTO Medicina(IDInsumo,Nombre,Caducidad,Cantidad,Refrigeracion,Tipo,Laboratorio) VALUES (28,'Tramadol','2025-07-28',229,'true','Antiparasitario','AnimalGuard Labs');
INSERT INTO Medicina(IDInsumo,Nombre,Caducidad,Cantidad,Refrigeracion,Tipo,Laboratorio) VALUES (29,'Toltramate','2033-05-08',873,'true','Antiparasitario','AgriVet Research');
INSERT INTO Medicina(IDInsumo,Nombre,Caducidad,Cantidad,Refrigeracion,Tipo,Laboratorio) VALUES (30,'Fluoxetine','2027-03-10',383,'false','Antibiótico','ZooVet Health');
INSERT INTO Medicina(IDInsumo,Nombre,Caducidad,Cantidad,Refrigeracion,Tipo,Laboratorio) VALUES (31,'Meloxicam','2020-10-15',805,'false','Vitamina','ZooGuard Innovations');
INSERT INTO Medicina(IDInsumo,Nombre,Caducidad,Cantidad,Refrigeracion,Tipo,Laboratorio) VALUES (32,'Penicillin','2033-04-14',838,'false','Inmunosupresor','ZootecnoPharmaTech');
INSERT INTO Medicina(IDInsumo,Nombre,Caducidad,Cantidad,Refrigeracion,Tipo,Laboratorio) VALUES (33,'Dihydrostreptomycin','2023-09-21',851,'false','Antiviral','ZooVet Innovations');
INSERT INTO Medicina(IDInsumo,Nombre,Caducidad,Cantidad,Refrigeracion,Tipo,Laboratorio) VALUES (34,'Chlorpheniramine','2020-01-19',813,'true','Antihistamínico','AgroVet Solutions');
INSERT INTO Medicina(IDInsumo,Nombre,Caducidad,Cantidad,Refrigeracion,Tipo,Laboratorio) VALUES (35,'Roxarsone','2030-11-04',685,'false','Antiviral','AnimalCure Solutions');
INSERT INTO Medicina(IDInsumo,Nombre,Caducidad,Cantidad,Refrigeracion,Tipo,Laboratorio) VALUES (36,'Methimazole','2020-10-18',985,'false','Vitamina','VetAgro Health');
INSERT INTO Medicina(IDInsumo,Nombre,Caducidad,Cantidad,Refrigeracion,Tipo,Laboratorio) VALUES (37,'Zidovudine','2025-09-29',536,'true','Antiviral','ZooVet Health');
INSERT INTO Medicina(IDInsumo,Nombre,Caducidad,Cantidad,Refrigeracion,Tipo,Laboratorio) VALUES (38,'Thiamine','2028-07-22',899,'true','Vitamina','ZooCare Research');
INSERT INTO Medicina(IDInsumo,Nombre,Caducidad,Cantidad,Refrigeracion,Tipo,Laboratorio) VALUES (39,'Procaine','2026-02-03',687,'true','Antifúngico','ZooPro Technologies');
INSERT INTO Medicina(IDInsumo,Nombre,Caducidad,Cantidad,Refrigeracion,Tipo,Laboratorio) VALUES (40,'Roxarsone','2027-11-05',324,'false','Vitamina','AgriVet Innovations');
INSERT INTO Medicina(IDInsumo,Nombre,Caducidad,Cantidad,Refrigeracion,Tipo,Laboratorio) VALUES (41,'Fenbendazol','2033-10-12',857,'false','Inmunosupresor','AnimalGuard Pharmaceuticals');
INSERT INTO Medicina(IDInsumo,Nombre,Caducidad,Cantidad,Refrigeracion,Tipo,Laboratorio) VALUES (42,'Gentamicin','2021-11-17',658,'false','Vitamina','FarmAnimal Solutions');
INSERT INTO Medicina(IDInsumo,Nombre,Caducidad,Cantidad,Refrigeracion,Tipo,Laboratorio) VALUES (43,'Sulfadimethoxine','2025-04-03',293,'true','Inmunosupresor','AnimalGuard Pharmaceuticals');
INSERT INTO Medicina(IDInsumo,Nombre,Caducidad,Cantidad,Refrigeracion,Tipo,Laboratorio) VALUES (44,'Haloperidol','2032-02-05',544,'true','Desparasitante','AnimalGuard Innovations');
INSERT INTO Medicina(IDInsumo,Nombre,Caducidad,Cantidad,Refrigeracion,Tipo,Laboratorio) VALUES (45,'Piperacilina','2034-11-26',144,'true','Antiinflamatorio','VetLife Labs');
INSERT INTO Medicina(IDInsumo,Nombre,Caducidad,Cantidad,Refrigeracion,Tipo,Laboratorio) VALUES (46,'Digoxina','2022-11-15',363,'true','Antiviral','Nombre');
INSERT INTO Medicina(IDInsumo,Nombre,Caducidad,Cantidad,Refrigeracion,Tipo,Laboratorio) VALUES (47,'Doxycycline','2025-07-11',258,'false','Anestesia','AgriLivestock Innovations');
INSERT INTO Medicina(IDInsumo,Nombre,Caducidad,Cantidad,Refrigeracion,Tipo,Laboratorio) VALUES (48,'Sucralfate','2021-06-04',119,'false','Desparasitante','ZooVet Health');
INSERT INTO Medicina(IDInsumo,Nombre,Caducidad,Cantidad,Refrigeracion,Tipo,Laboratorio) VALUES (49,'Toltrazuril','2033-12-27',928,'true','Antiinflamatorio','VetZoo Formulas');
INSERT INTO Medicina(IDInsumo,Nombre,Caducidad,Cantidad,Refrigeracion,Tipo,Laboratorio) VALUES (50,'Ketoprofeno','2020-10-26',899,'true','Antiinflamatorio','FarmGuard Pharmaceuticals');
INSERT INTO Medicina(IDInsumo,Nombre,Caducidad,Cantidad,Refrigeracion,Tipo,Laboratorio) VALUES (51,'Ketamine','2021-02-05',647,'true','Antibiótico','ZooTech Innovations');
INSERT INTO Medicina(IDInsumo,Nombre,Caducidad,Cantidad,Refrigeracion,Tipo,Laboratorio) VALUES (52,'Clomipramine','2029-03-21',777,'false','Anestesia','AgriVet Innovations');
INSERT INTO Medicina(IDInsumo,Nombre,Caducidad,Cantidad,Refrigeracion,Tipo,Laboratorio) VALUES (53,'Sulfadimethoxine','2021-11-19',256,'false','Antifúngico','AnimalLife Labs');
INSERT INTO Medicina(IDInsumo,Nombre,Caducidad,Cantidad,Refrigeracion,Tipo,Laboratorio) VALUES (54,'Toltrazuril','2022-10-29',573,'true','Desparasitante','AgriVet Pharma');
INSERT INTO Medicina(IDInsumo,Nombre,Caducidad,Cantidad,Refrigeracion,Tipo,Laboratorio) VALUES (55,'Sevoflurane','2021-02-20',803,'false','Antibiótico','ZootecnoMedix');
INSERT INTO Medicina(IDInsumo,Nombre,Caducidad,Cantidad,Refrigeracion,Tipo,Laboratorio) VALUES (56,'Rifampicin','2021-01-21',114,'true','Vitamina','ZootecnoLife Pharmaceuticals');
INSERT INTO Medicina(IDInsumo,Nombre,Caducidad,Cantidad,Refrigeracion,Tipo,Laboratorio) VALUES (57,'Ceftiofur','2030-02-09',670,'true','Anestesia','VetZoo Laboratories');
INSERT INTO Medicina(IDInsumo,Nombre,Caducidad,Cantidad,Refrigeracion,Tipo,Laboratorio) VALUES (58,'Dinoprost','2034-10-18',312,'false','Antihistamínico','FarmAnimal Solutions');
INSERT INTO Medicina(IDInsumo,Nombre,Caducidad,Cantidad,Refrigeracion,Tipo,Laboratorio) VALUES (59,'Lorazepam','2022-01-28',659,'true','Antiviral','FarmAnimal Health');
INSERT INTO Medicina(IDInsumo,Nombre,Caducidad,Cantidad,Refrigeracion,Tipo,Laboratorio) VALUES (60,'Levamisole','2023-04-15',551,'false','Desparasitante','AgroGuard Pharmaceuticals');
INSERT INTO Medicina(IDInsumo,Nombre,Caducidad,Cantidad,Refrigeracion,Tipo,Laboratorio) VALUES (61,'Fenbendazole','2022-09-12',450,'false','Antiinflamatorio','ZooWell Innovations');
INSERT INTO Medicina(IDInsumo,Nombre,Caducidad,Cantidad,Refrigeracion,Tipo,Laboratorio) VALUES (62,'Metronidazole','2026-11-05',752,'false','Anestesia','ZooWell Innovations');
INSERT INTO Medicina(IDInsumo,Nombre,Caducidad,Cantidad,Refrigeracion,Tipo,Laboratorio) VALUES (63,'Doxycycline','2020-04-13',395,'true','Antifúngico','ZooTech Innovations');
INSERT INTO Medicina(IDInsumo,Nombre,Caducidad,Cantidad,Refrigeracion,Tipo,Laboratorio) VALUES (64,'Fenbendazole','2034-12-13',802,'false','Antibiótico','AgriVet Sciences');
INSERT INTO Medicina(IDInsumo,Nombre,Caducidad,Cantidad,Refrigeracion,Tipo,Laboratorio) VALUES (65,'Ofloxacin','2025-04-09',201,'true','Analgésico','AnimalPro Formulas');
INSERT INTO Medicina(IDInsumo,Nombre,Caducidad,Cantidad,Refrigeracion,Tipo,Laboratorio) VALUES (66,'Minocycline','2031-08-06',874,'false','Anestesia','AnimalCure Solutions');
INSERT INTO Medicina(IDInsumo,Nombre,Caducidad,Cantidad,Refrigeracion,Tipo,Laboratorio) VALUES (67,'Dinoprost','2025-10-20',431,'false','Anestesia','ZooWell Health');
INSERT INTO Medicina(IDInsumo,Nombre,Caducidad,Cantidad,Refrigeracion,Tipo,Laboratorio) VALUES (68,'Fenilbutazona','2025-01-03',650,'true','Antiinflamatorio','VetLife Pharmaceuticals');
INSERT INTO Medicina(IDInsumo,Nombre,Caducidad,Cantidad,Refrigeracion,Tipo,Laboratorio) VALUES (69,'Levetiracetam','2031-06-13',845,'false','Inmunosupresor','AnimalGuard Innovations');
INSERT INTO Medicina(IDInsumo,Nombre,Caducidad,Cantidad,Refrigeracion,Tipo,Laboratorio) VALUES (70,'Fenilbutazona','2025-05-21',523,'true','Antiinflamatorio','ZootecnoMedix');
INSERT INTO Medicina(IDInsumo,Nombre,Caducidad,Cantidad,Refrigeracion,Tipo,Laboratorio) VALUES (71,'Naproxen','2024-01-05',345,'false','Antiviral','ZootecnoLife Pharmaceuticals');
INSERT INTO Medicina(IDInsumo,Nombre,Caducidad,Cantidad,Refrigeracion,Tipo,Laboratorio) VALUES (72,'Prednisolona','2027-06-21',126,'false','Antihistamínico','VetZoo Formulas');
INSERT INTO Medicina(IDInsumo,Nombre,Caducidad,Cantidad,Refrigeracion,Tipo,Laboratorio) VALUES (73,'Paroxetine','2025-01-13',269,'false','Vitamina','AnimalPharma Research');
INSERT INTO Medicina(IDInsumo,Nombre,Caducidad,Cantidad,Refrigeracion,Tipo,Laboratorio) VALUES (74,'Fipronil','2024-11-12',278,'true','Anestesia','ZootecnoLife Pharmaceuticals');
INSERT INTO Medicina(IDInsumo,Nombre,Caducidad,Cantidad,Refrigeracion,Tipo,Laboratorio) VALUES (75,'Tetracycline','2021-02-21',439,'true','Antiinflamatorio','AgroVet Formulas');
INSERT INTO Medicina(IDInsumo,Nombre,Caducidad,Cantidad,Refrigeracion,Tipo,Laboratorio) VALUES (76,'Pentoxifylline','2022-07-16',163,'false','Desparasitante','VetAnimal Pharmaceuticals');
INSERT INTO Medicina(IDInsumo,Nombre,Caducidad,Cantidad,Refrigeracion,Tipo,Laboratorio) VALUES (77,'Ceftiofur','2024-11-26',454,'false','Desparasitante','LivestockPharma Solutions');
INSERT INTO Medicina(IDInsumo,Nombre,Caducidad,Cantidad,Refrigeracion,Tipo,Laboratorio) VALUES (78,'Fipronil','2028-09-10',642,'true','Desparasitante','AnimalPro Formulas');
INSERT INTO Medicina(IDInsumo,Nombre,Caducidad,Cantidad,Refrigeracion,Tipo,Laboratorio) VALUES (79,'Rifampin','2026-07-10',204,'false','Antiparasitario','LivestockPharma Solutions');
INSERT INTO Medicina(IDInsumo,Nombre,Caducidad,Cantidad,Refrigeracion,Tipo,Laboratorio) VALUES (80,'Clomipramine','2034-02-12',783,'false','Desparasitante','FarmAnimal Labs');
INSERT INTO Medicina(IDInsumo,Nombre,Caducidad,Cantidad,Refrigeracion,Tipo,Laboratorio) VALUES (81,'Pimobendan','2029-11-19',158,'false','Antiparasitario','FarmVet Pharma');
INSERT INTO Medicina(IDInsumo,Nombre,Caducidad,Cantidad,Refrigeracion,Tipo,Laboratorio) VALUES (82,'Tobramycin','2023-02-26',417,'true','Antiinflamatorio','ZooWell Formulations');
INSERT INTO Medicina(IDInsumo,Nombre,Caducidad,Cantidad,Refrigeracion,Tipo,Laboratorio) VALUES (83,'Ciprofloxacina','2029-03-09',251,'false','Vitamina','AgriVet Sciences');
INSERT INTO Medicina(IDInsumo,Nombre,Caducidad,Cantidad,Refrigeracion,Tipo,Laboratorio) VALUES (84,'Cefalexina','2023-12-09',993,'false','Inmunosupresor','ZooSafe Formulas');
INSERT INTO Medicina(IDInsumo,Nombre,Caducidad,Cantidad,Refrigeracion,Tipo,Laboratorio) VALUES (85,'Piperacilina','2024-05-10',360,'false','Desparasitante','Farmavet Science');
INSERT INTO Medicina(IDInsumo,Nombre,Caducidad,Cantidad,Refrigeracion,Tipo,Laboratorio) VALUES (86,'Penicillin','2026-05-31',826,'false','Antihistamínico','LivestockRx Labs');
INSERT INTO Medicina(IDInsumo,Nombre,Caducidad,Cantidad,Refrigeracion,Tipo,Laboratorio) VALUES (87,'Ciclosporina','2020-08-20',575,'false','Anestesia','VetZoo Formulas');
INSERT INTO Medicina(IDInsumo,Nombre,Caducidad,Cantidad,Refrigeracion,Tipo,Laboratorio) VALUES (88,'Fluconazol','2022-01-10',230,'false','Analgésico','ZootecnoLife Solutions');
INSERT INTO Medicina(IDInsumo,Nombre,Caducidad,Cantidad,Refrigeracion,Tipo,Laboratorio) VALUES (89,'Voriconazole','2027-04-11',598,'true','Antifúngico','LivestockPharma');
INSERT INTO Medicina(IDInsumo,Nombre,Caducidad,Cantidad,Refrigeracion,Tipo,Laboratorio) VALUES (90,'Paroxetine','2026-05-01',334,'true','Desparasitante','BioVet Research');
INSERT INTO Medicina(IDInsumo,Nombre,Caducidad,Cantidad,Refrigeracion,Tipo,Laboratorio) VALUES (91,'Naproxen','2020-07-23',967,'true','Anestesia','AgroVet Science');
INSERT INTO Medicina(IDInsumo,Nombre,Caducidad,Cantidad,Refrigeracion,Tipo,Laboratorio) VALUES (92,'Phenylbutazone','2027-05-21',737,'true','Desparasitante','FarmAnimal Labs');
INSERT INTO Medicina(IDInsumo,Nombre,Caducidad,Cantidad,Refrigeracion,Tipo,Laboratorio) VALUES (93,'Amantadine','2028-09-28',412,'true','Antibiótico','LivestockPharma');
INSERT INTO Medicina(IDInsumo,Nombre,Caducidad,Cantidad,Refrigeracion,Tipo,Laboratorio) VALUES (94,'Doxycycline','2030-04-07',760,'true','Anestesia','AgriVet Sciences');
INSERT INTO Medicina(IDInsumo,Nombre,Caducidad,Cantidad,Refrigeracion,Tipo,Laboratorio) VALUES (95,'Nombre','2030-10-20',674,'false','Antiparasitario','ZootecnoMedix');
INSERT INTO Medicina(IDInsumo,Nombre,Caducidad,Cantidad,Refrigeracion,Tipo,Laboratorio) VALUES (96,'Metronidazol','2032-11-22',278,'false','Antibiótico','VetFarm Labs');
INSERT INTO Medicina(IDInsumo,Nombre,Caducidad,Cantidad,Refrigeracion,Tipo,Laboratorio) VALUES (97,'Metronidazole','2023-11-12',987,'true','Antiviral','AgriVet Solutions');
INSERT INTO Medicina(IDInsumo,Nombre,Caducidad,Cantidad,Refrigeracion,Tipo,Laboratorio) VALUES (98,'Zolpidem','2029-06-02',160,'true','Antiviral','ZooMed Research');
INSERT INTO Medicina(IDInsumo,Nombre,Caducidad,Cantidad,Refrigeracion,Tipo,Laboratorio) VALUES (99,'Toltrazuril','2031-03-23',857,'false','Antifúngico','VetLife Pharmaceuticals');
INSERT INTO Medicina(IDInsumo,Nombre,Caducidad,Cantidad,Refrigeracion,Tipo,Laboratorio) VALUES (100,'Paroxetine','2030-01-02',790,'false','Antibiótico','LivestockRx Labs');


INSERT INTO Cuidador(IDPersona,IDBioma,Nombre,ApellidoPaterno,ApellidoMaterno,Nacimiento,RFC,Genero,InicioContrato,FinContrato,NumInt,NumExt,Calle,Colonia,CodigoPostal,Estado,Salario,DiasLabor,Horario) VALUES (1,10,'YOMARA','OREZA','GERVASIO','1968-08-15','OEY680815','M','2023-04-13','2025-06-27',43,22,'Arquimedes','Coyoacán',8476,'Nayarit',12988,5,'9:14 AM');
INSERT INTO Cuidador(IDPersona,IDBioma,Nombre,ApellidoPaterno,ApellidoMaterno,Nacimiento,RFC,Genero,InicioContrato,FinContrato,NumInt,NumExt,Calle,Colonia,CodigoPostal,Estado,Salario,DiasLabor,Horario) VALUES (2,4,'YOVANY','ANLEU','BORRAYO','1965-10-29','AOY651029','M','2012-08-29','2026-12-03',139,4,'Eje 1 Norte Albañiles','Coyoacán',2807,'Campeche',15808,5,'9:42 AM');
INSERT INTO Cuidador(IDPersona,IDBioma,Nombre,ApellidoPaterno,ApellidoMaterno,Nacimiento,RFC,Genero,InicioContrato,FinContrato,NumInt,NumExt,Calle,Colonia,CodigoPostal,Estado,Salario,DiasLabor,Horario) VALUES (3,9,'MARISELA','PARDO','YOSHINO','1982-07-07','POM820707','F','2017-08-23','2023-04-11',34,152,'Av. Jalisco','Cuajimalpa de Morelos',10937,'Puebla',13029,5,'8:25 AM');
INSERT INTO Cuidador(IDPersona,IDBioma,Nombre,ApellidoPaterno,ApellidoMaterno,Nacimiento,RFC,Genero,InicioContrato,FinContrato,NumInt,NumExt,Calle,Colonia,CodigoPostal,Estado,Salario,DiasLabor,Horario) VALUES (4,3,'NEFTALY','ALONSO','XOCUA','1998-12-21','AON981221','M','2013-06-08','2027-08-23',100,60,'Eje 2 Norte Calz. Camarones','Gustavo A. Madero',8809,'Jalisco',18027,5,'6:53 AM');
INSERT INTO Cuidador(IDPersona,IDBioma,Nombre,ApellidoPaterno,ApellidoMaterno,Nacimiento,RFC,Genero,InicioContrato,FinContrato,NumInt,NumExt,Calle,Colonia,CodigoPostal,Estado,Salario,DiasLabor,Horario) VALUES (5,2,'KATERYNE','AHUACTZIN','MARTOS','1983-05-19','AAK830519','F','2010-07-21','2029-04-14',110,97,'Eje 3 Oriente Francisco del Paso y Troncoso','Gustavo A. Madero',7200,'Quintana Roo',19512,6,'11:23 AM');
INSERT INTO Cuidador(IDPersona,IDBioma,Nombre,ApellidoPaterno,ApellidoMaterno,Nacimiento,RFC,Genero,InicioContrato,FinContrato,NumInt,NumExt,Calle,Colonia,CodigoPostal,Estado,Salario,DiasLabor,Horario) VALUES (6,7,'HYUN','FACIO','LOBATOS','1983-11-29','FOH831129','M','2003-06-23','2024-05-21',48,185,'Eje 4 Norte Av. FF.CC. Nacionales','Coyoacán',15734,'Durango',15246,6,'9:52 AM');
INSERT INTO Cuidador(IDPersona,IDBioma,Nombre,ApellidoPaterno,ApellidoMaterno,Nacimiento,RFC,Genero,InicioContrato,FinContrato,NumInt,NumExt,Calle,Colonia,CodigoPostal,Estado,Salario,DiasLabor,Horario) VALUES (7,8,'HILARIA','VIVAR','JUSTINIANO','1982-11-04','VUH821104','F','2020-07-09','2027-10-29',100,184,'Carretera al Olivo','Tlalpan',4557,'Nayarit',14570,5,'7:39 AM');
INSERT INTO Cuidador(IDPersona,IDBioma,Nombre,ApellidoPaterno,ApellidoMaterno,Nacimiento,RFC,Genero,InicioContrato,FinContrato,NumInt,NumExt,Calle,Colonia,CodigoPostal,Estado,Salario,DiasLabor,Horario) VALUES (8,8,'MYLENE','FERRO','CECEÑA','1968-08-01','FEM680801','M','2012-11-23','2028-04-25',99,66,'Circuito Interior Rio Mixcoac','Iztapalapa',12949,'Colima',17146,5,'11:56 AM');
INSERT INTO Cuidador(IDPersona,IDBioma,Nombre,ApellidoPaterno,ApellidoMaterno,Nacimiento,RFC,Genero,InicioContrato,FinContrato,NumInt,NumExt,Calle,Colonia,CodigoPostal,Estado,Salario,DiasLabor,Horario) VALUES (9,7,'DEREC','AROÑA','QUIJAS','1968-09-28','AUD680928','F','2018-03-01','2029-05-18',143,125,'Circuito Interior Rio Churubusco','Cuajimalpa de Morelos',10246,'Tlaxcala',11131,6,'10:45 AM');
INSERT INTO Cuidador(IDPersona,IDBioma,Nombre,ApellidoPaterno,ApellidoMaterno,Nacimiento,RFC,Genero,InicioContrato,FinContrato,NumInt,NumExt,Calle,Colonia,CodigoPostal,Estado,Salario,DiasLabor,Horario) VALUES (10,5,'ARIE','NABOR','CAMOU','1980-07-15','NAA800715','M','2009-09-10','2026-03-15',118,54,'Eje 2 Norte Calz. Camarones','La Magdalena Contreras',12916,'Chiapas',15054,5,'5:23 AM');
INSERT INTO Cuidador(IDPersona,IDBioma,Nombre,ApellidoPaterno,ApellidoMaterno,Nacimiento,RFC,Genero,InicioContrato,FinContrato,NumInt,NumExt,Calle,Colonia,CodigoPostal,Estado,Salario,DiasLabor,Horario) VALUES (11,3,'JAYCEE','VICTORES','LOYOLA','1977-08-08','VOJ770808','F','2004-05-31','2028-08-03',39,55,'Calzada Legaria','Álvaro Obregón',13584,'Morelos',12041,6,'8:48 AM');
INSERT INTO Cuidador(IDPersona,IDBioma,Nombre,ApellidoPaterno,ApellidoMaterno,Nacimiento,RFC,Genero,InicioContrato,FinContrato,NumInt,NumExt,Calle,Colonia,CodigoPostal,Estado,Salario,DiasLabor,Horario) VALUES (12,10,'ASERETH','JOVEL','CHATU','1982-12-27','JHA821227','F','2002-12-22','2029-11-19',113,134,'Viaducto Miguel Aleman','Xochimilco',12169,'Morelos',13823,6,'10:41 AM');
INSERT INTO Cuidador(IDPersona,IDBioma,Nombre,ApellidoPaterno,ApellidoMaterno,Nacimiento,RFC,Genero,InicioContrato,FinContrato,NumInt,NumExt,Calle,Colonia,CodigoPostal,Estado,Salario,DiasLabor,Horario) VALUES (13,1,'KU','HUACASH','CAMARA','1976-10-06','HAK761006','F','2019-09-25','2027-08-30',138,88,'Eje 1 Oriente Via Lactea','Cuajimalpa de Morelos',2363,'Nuevo Leon',10865,6,'6:23 AM');
INSERT INTO Cuidador(IDPersona,IDBioma,Nombre,ApellidoPaterno,ApellidoMaterno,Nacimiento,RFC,Genero,InicioContrato,FinContrato,NumInt,NumExt,Calle,Colonia,CodigoPostal,Estado,Salario,DiasLabor,Horario) VALUES (14,4,'YOSIEL','LLOVERA','MUTHE','1976-12-08','LUY761208','F','2012-12-18','2026-11-26',85,71,'Viaducto Tlalpan','Álvaro Obregón',9567,'Nuevo Leon',18252,6,'9:03 AM');
INSERT INTO Cuidador(IDPersona,IDBioma,Nombre,ApellidoPaterno,ApellidoMaterno,Nacimiento,RFC,Genero,InicioContrato,FinContrato,NumInt,NumExt,Calle,Colonia,CodigoPostal,Estado,Salario,DiasLabor,Horario) VALUES (15,10,'GRISEL','TUYIN','ESGUERRA','1984-09-02','TSG840902','M','2011-05-15','2023-07-16',46,5,'Av. de los Leones','Álvaro Obregón',10709,'Nuevo Leon',10390,6,'8:20 AM');
INSERT INTO Cuidador(IDPersona,IDBioma,Nombre,ApellidoPaterno,ApellidoMaterno,Nacimiento,RFC,Genero,InicioContrato,FinContrato,NumInt,NumExt,Calle,Colonia,CodigoPostal,Estado,Salario,DiasLabor,Horario) VALUES (16,4,'LILU','BALANDRAN','CASTORENA','1992-03-22','BAL920322','M','2015-03-01','2028-06-08',42,159,'Av. Canal de Chalco','Tláhuac',4123,'Guanajuato',16963,5,'6:34 AM');
INSERT INTO Cuidador(IDPersona,IDBioma,Nombre,ApellidoPaterno,ApellidoMaterno,Nacimiento,RFC,Genero,InicioContrato,FinContrato,NumInt,NumExt,Calle,Colonia,CodigoPostal,Estado,Salario,DiasLabor,Horario) VALUES (17,10,'AMETH','TLECUITL','CEBRERO','1997-07-08','TEA970708','F','2013-08-18','2024-10-10',129,186,'Calzada Desierto de los Leones','Tláhuac',11209,'Durango',15225,6,'6:36 AM');
INSERT INTO Cuidador(IDPersona,IDBioma,Nombre,ApellidoPaterno,ApellidoMaterno,Nacimiento,RFC,Genero,InicioContrato,FinContrato,NumInt,NumExt,Calle,Colonia,CodigoPostal,Estado,Salario,DiasLabor,Horario) VALUES (18,6,'ALMA','PALESTINO','SECUNDINO','1970-09-02','PEA700902','M','2014-11-22','2027-07-22',18,76,'Eje 4 Sur Napoleon','Álvaro Obregón',11523,'Chiapas',10854,5,'10:22 AM');
INSERT INTO Cuidador(IDPersona,IDBioma,Nombre,ApellidoPaterno,ApellidoMaterno,Nacimiento,RFC,Genero,InicioContrato,FinContrato,NumInt,NumExt,Calle,Colonia,CodigoPostal,Estado,Salario,DiasLabor,Horario) VALUES (19,2,'NURI','PASQUEL','CORDERO','1983-03-12','PON830312','F','2010-08-02','2027-07-20',111,34,'Calzada Tlahuac Tulyehualco','Tlalpan',7964,'San Luis Potosi',13106,5,'11:58 AM');
INSERT INTO Cuidador(IDPersona,IDBioma,Nombre,ApellidoPaterno,ApellidoMaterno,Nacimiento,RFC,Genero,InicioContrato,FinContrato,NumInt,NumExt,Calle,Colonia,CodigoPostal,Estado,Salario,DiasLabor,Horario) VALUES (20,8,'LOAMI','AGUIÑIGA','SULVARAN','1986-01-13','AUL860113','F','2001-10-11','2024-07-24',85,33,'Ferrocarril de Cuernavaca','Cuajimalpa de Morelos',7725,'Guerrero',15108,6,'7:15 AM');
INSERT INTO Cuidador(IDPersona,IDBioma,Nombre,ApellidoPaterno,ApellidoMaterno,Nacimiento,RFC,Genero,InicioContrato,FinContrato,NumInt,NumExt,Calle,Colonia,CodigoPostal,Estado,Salario,DiasLabor,Horario) VALUES (21,4,'LISETTE','FERREIRO','VEYNA','1968-10-06','FEL681006','F','2011-08-02','2025-01-14',39,123,'Av. Instituto Politecnico Nacional','Iztapalapa',6371,'Quintana Roo',15542,6,'10:59 AM');
INSERT INTO Cuidador(IDPersona,IDBioma,Nombre,ApellidoPaterno,ApellidoMaterno,Nacimiento,RFC,Genero,InicioContrato,FinContrato,NumInt,NumExt,Calle,Colonia,CodigoPostal,Estado,Salario,DiasLabor,Horario) VALUES (22,4,'KEYLIN','FLOTA','MARMOL','1978-10-26','FAK781026','M','2013-09-02','2026-02-17',95,196,'Eje 2A Sur Jose Tomas Cuellar','Gustavo A. Madero',6254,'Campeche',16598,6,'7:47 AM');
INSERT INTO Cuidador(IDPersona,IDBioma,Nombre,ApellidoPaterno,ApellidoMaterno,Nacimiento,RFC,Genero,InicioContrato,FinContrato,NumInt,NumExt,Calle,Colonia,CodigoPostal,Estado,Salario,DiasLabor,Horario) VALUES (23,7,'DILAN','RAYMUNDO','MONTERROSA','1968-08-25','ROD680825','M','2023-10-19','2027-01-28',140,169,'Eje 4 Sur Gobernador Agustin Vicente Eguia','Benito Juárez',14181,'Sinaloa',19112,6,'10:49 AM');
INSERT INTO Cuidador(IDPersona,IDBioma,Nombre,ApellidoPaterno,ApellidoMaterno,Nacimiento,RFC,Genero,InicioContrato,FinContrato,NumInt,NumExt,Calle,Colonia,CodigoPostal,Estado,Salario,DiasLabor,Horario) VALUES (24,1,'JOKABET','TEUTLE','TORTOLERO','1966-07-10','TOJ660710','M','2004-03-18','2029-09-28',132,1,'Eje 6 Norte Oriente 157','Álvaro Obregón',12658,'Tamaulipas',15015,6,'5:20 AM');
INSERT INTO Cuidador(IDPersona,IDBioma,Nombre,ApellidoPaterno,ApellidoMaterno,Nacimiento,RFC,Genero,InicioContrato,FinContrato,NumInt,NumExt,Calle,Colonia,CodigoPostal,Estado,Salario,DiasLabor,Horario) VALUES (25,3,'MICHAELL','ALDAZ','CHAVEZ','1982-05-12','AHM820512','F','2012-05-17','2025-08-23',99,142,'Av. Pdte Plutarco Elias Calles','Álvaro Obregón',11262,'Nuevo Leon',19187,5,'6:34 AM');
INSERT INTO Cuidador(IDPersona,IDBioma,Nombre,ApellidoPaterno,ApellidoMaterno,Nacimiento,RFC,Genero,InicioContrato,FinContrato,NumInt,NumExt,Calle,Colonia,CodigoPostal,Estado,Salario,DiasLabor,Horario) VALUES (26,7,'ANTONNY','ARPAIZ','PASTOR','1972-11-17','AAA721117','F','2003-08-21','2028-10-17',9,49,'Camino al Desierto de los Leones','Coyoacán',5673,'Quintana Roo',19884,6,'9:05 AM');
INSERT INTO Cuidador(IDPersona,IDBioma,Nombre,ApellidoPaterno,ApellidoMaterno,Nacimiento,RFC,Genero,InicioContrato,FinContrato,NumInt,NumExt,Calle,Colonia,CodigoPostal,Estado,Salario,DiasLabor,Horario) VALUES (27,6,'ESTEBAN','BIBRIESCA','ARINES','1968-11-08','BRE681108','M','2002-01-08','2025-09-22',31,166,'Iztaccihuatl','Gustavo A. Madero',13733,'Tabasco',17358,5,'11:14 AM');
INSERT INTO Cuidador(IDPersona,IDBioma,Nombre,ApellidoPaterno,ApellidoMaterno,Nacimiento,RFC,Genero,InicioContrato,FinContrato,NumInt,NumExt,Calle,Colonia,CodigoPostal,Estado,Salario,DiasLabor,Horario) VALUES (28,1,'DAZAETH','UICAB','ARTEAGA','1981-01-03','URD810103','M','2007-01-22','2025-05-19',39,39,'Camino a Santa Teresa','Álvaro Obregón',4263,'Tlaxcala',16638,6,'7:04 AM');
INSERT INTO Cuidador(IDPersona,IDBioma,Nombre,ApellidoPaterno,ApellidoMaterno,Nacimiento,RFC,Genero,InicioContrato,FinContrato,NumInt,NumExt,Calle,Colonia,CodigoPostal,Estado,Salario,DiasLabor,Horario) VALUES (29,9,'TESSA','ARCE','GONZÑLEZ','1970-02-25','AOT700225','M','2003-02-20','2027-03-04',72,160,'Eje 1 Norte Norte 17','Benito Juárez',2320,'Campeche',11058,5,'11:40 AM');
INSERT INTO Cuidador(IDPersona,IDBioma,Nombre,ApellidoPaterno,ApellidoMaterno,Nacimiento,RFC,Genero,InicioContrato,FinContrato,NumInt,NumExt,Calle,Colonia,CodigoPostal,Estado,Salario,DiasLabor,Horario) VALUES (30,4,'YULITZA','COLIMA','MENTADO','1993-07-20','CEY930720','M','2014-04-08','2025-05-27',89,154,'Eje 5 Sur Prolongacion San Antonio','Iztapalapa',5847,'Queretaro',10962,6,'5:38 AM');
INSERT INTO Cuidador(IDPersona,IDBioma,Nombre,ApellidoPaterno,ApellidoMaterno,Nacimiento,RFC,Genero,InicioContrato,FinContrato,NumInt,NumExt,Calle,Colonia,CodigoPostal,Estado,Salario,DiasLabor,Horario) VALUES (31,9,'EIDER','MOTE','TLASECA','1969-11-17','MLE691117','F','2018-01-21','2024-04-21',116,42,'Lago Omega','Iztapalapa',15533,'Nayarit',19631,6,'6:14 AM');
INSERT INTO Cuidador(IDPersona,IDBioma,Nombre,ApellidoPaterno,ApellidoMaterno,Nacimiento,RFC,Genero,InicioContrato,FinContrato,NumInt,NumExt,Calle,Colonia,CodigoPostal,Estado,Salario,DiasLabor,Horario) VALUES (32,4,'IBETH','ITEHUA','VIDAL','1971-07-13','III710713','F','2003-04-12','2029-03-12',109,53,'Calzada General Ignacio Zaragoza','Cuajimalpa de Morelos',4546,'Tlaxcala',14076,5,'11:50 AM');
INSERT INTO Cuidador(IDPersona,IDBioma,Nombre,ApellidoPaterno,ApellidoMaterno,Nacimiento,RFC,Genero,InicioContrato,FinContrato,NumInt,NumExt,Calle,Colonia,CodigoPostal,Estado,Salario,DiasLabor,Horario) VALUES (33,8,'NATHALLY','CALATA','HERAZO','1975-02-03','CEN750203','M','2007-08-17','2024-09-09',45,21,'Calzada de Tlalpan','Miguel Hidalgo',13143,'Coahuila de Zaragoza',10313,5,'5:47 AM');
INSERT INTO Cuidador(IDPersona,IDBioma,Nombre,ApellidoPaterno,ApellidoMaterno,Nacimiento,RFC,Genero,InicioContrato,FinContrato,NumInt,NumExt,Calle,Colonia,CodigoPostal,Estado,Salario,DiasLabor,Horario) VALUES (34,9,'FRANCOIS','BREÑA','ANDONAEGUI','1995-01-28','BNF950128','F','2012-11-12','2025-02-07',70,57,'Eje 3A Norte Calzada San Isidro','Tlalpan',2654,'Zacatecas',11155,5,'5:10 AM');
INSERT INTO Cuidador(IDPersona,IDBioma,Nombre,ApellidoPaterno,ApellidoMaterno,Nacimiento,RFC,Genero,InicioContrato,FinContrato,NumInt,NumExt,Calle,Colonia,CodigoPostal,Estado,Salario,DiasLabor,Horario) VALUES (35,4,'ARLENY','MAYARES','MUT','1993-03-12','MUA930312','F','2011-10-31','2029-01-05',85,200,'Eje 2 Norte Camino a Santa Lucia','Coyoacán',6652,'Michoacan',14701,6,'11:12 AM');
INSERT INTO Cuidador(IDPersona,IDBioma,Nombre,ApellidoPaterno,ApellidoMaterno,Nacimiento,RFC,Genero,InicioContrato,FinContrato,NumInt,NumExt,Calle,Colonia,CodigoPostal,Estado,Salario,DiasLabor,Horario) VALUES (36,5,'AGUSTINA','PADRON','HAAS','1990-10-09','PAA901009','M','2020-08-22','2026-04-16',90,190,'Eje 5 Norte Av. de las Culturas','Coyoacán',8406,'Hidalgo',17125,6,'10:02 AM');
INSERT INTO Cuidador(IDPersona,IDBioma,Nombre,ApellidoPaterno,ApellidoMaterno,Nacimiento,RFC,Genero,InicioContrato,FinContrato,NumInt,NumExt,Calle,Colonia,CodigoPostal,Estado,Salario,DiasLabor,Horario) VALUES (37,2,'JOSHUE','MONTUY','CARRANCO','1979-02-05','MAJ790205','M','2008-09-21','2024-07-12',8,84,'Eje 2 Norte Av. Invierno','Coyoacán',10831,'Nuevo Leon',13206,5,'9:32 AM');
INSERT INTO Cuidador(IDPersona,IDBioma,Nombre,ApellidoPaterno,ApellidoMaterno,Nacimiento,RFC,Genero,InicioContrato,FinContrato,NumInt,NumExt,Calle,Colonia,CodigoPostal,Estado,Salario,DiasLabor,Horario) VALUES (38,7,'JESSAMYN','COTOC','TAMARIZ','1983-04-15','CAJ830415','F','2018-08-10','2027-10-16',19,66,'Eje 6 Sur Holbein','Tlalpan',6741,'Durango',14811,6,'9:02 AM');
INSERT INTO Cuidador(IDPersona,IDBioma,Nombre,ApellidoPaterno,ApellidoMaterno,Nacimiento,RFC,Genero,InicioContrato,FinContrato,NumInt,NumExt,Calle,Colonia,CodigoPostal,Estado,Salario,DiasLabor,Horario) VALUES (39,3,'BRITANY','SUSTAITA','ALEGRE','1993-03-24','SLB930324','F','2016-12-28','2023-11-18',68,53,'Francisco Goytia','Benito Juárez',6329,'Oaxaca',12044,5,'8:29 AM');
INSERT INTO Cuidador(IDPersona,IDBioma,Nombre,ApellidoPaterno,ApellidoMaterno,Nacimiento,RFC,Genero,InicioContrato,FinContrato,NumInt,NumExt,Calle,Colonia,CodigoPostal,Estado,Salario,DiasLabor,Horario) VALUES (40,5,'WESLEY','RIVEROLL','GALEOTE','1995-07-29','RAW950729','F','2009-11-02','2023-07-15',18,128,'Eje 2A Sur Ramon Isaac Aldana','Tlalpan',13984,'Colima',18657,5,'8:38 AM');
INSERT INTO Cuidador(IDPersona,IDBioma,Nombre,ApellidoPaterno,ApellidoMaterno,Nacimiento,RFC,Genero,InicioContrato,FinContrato,NumInt,NumExt,Calle,Colonia,CodigoPostal,Estado,Salario,DiasLabor,Horario) VALUES (41,3,'IRENE','SULVARAN','SALVATIERRA','1986-06-12','SAI860612','M','2019-08-03','2024-12-26',84,82,'Eje 1 Oriente Andres Molina Enriquez','Iztapalapa',10297,'Chihuahua',17351,6,'10:38 AM');
INSERT INTO Cuidador(IDPersona,IDBioma,Nombre,ApellidoPaterno,ApellidoMaterno,Nacimiento,RFC,Genero,InicioContrato,FinContrato,NumInt,NumExt,Calle,Colonia,CodigoPostal,Estado,Salario,DiasLabor,Horario) VALUES (42,9,'KATIE','CAMACHO','TINTOR','1975-11-30','CIK751130','M','2010-02-20','2028-12-24',70,170,'Av. Division del Norte','Tlalpan',2672,'Tlaxcala',19891,5,'6:03 AM');
INSERT INTO Cuidador(IDPersona,IDBioma,Nombre,ApellidoPaterno,ApellidoMaterno,Nacimiento,RFC,Genero,InicioContrato,FinContrato,NumInt,NumExt,Calle,Colonia,CodigoPostal,Estado,Salario,DiasLabor,Horario) VALUES (43,5,'MALINALI','ARZABALA','CALAMACO','1970-01-19','AAM700119','M','2020-05-25','2024-01-09',24,121,'Eje 5 Oriente Av. Lic. Javier Rojo Gomez','Cuajimalpa de Morelos',14266,'Chiapas',18251,6,'11:43 AM');
INSERT INTO Cuidador(IDPersona,IDBioma,Nombre,ApellidoPaterno,ApellidoMaterno,Nacimiento,RFC,Genero,InicioContrato,FinContrato,NumInt,NumExt,Calle,Colonia,CodigoPostal,Estado,Salario,DiasLabor,Horario) VALUES (44,2,'YANDEL','CONDADO','GUZMAN','1989-01-13','CUY890113','M','2022-09-06','2027-11-03',31,40,'Av. Tenochtitlan','Iztapalapa',14895,'Zacatecas',10928,6,'6:23 AM');
INSERT INTO Cuidador(IDPersona,IDBioma,Nombre,ApellidoPaterno,ApellidoMaterno,Nacimiento,RFC,Genero,InicioContrato,FinContrato,NumInt,NumExt,Calle,Colonia,CodigoPostal,Estado,Salario,DiasLabor,Horario) VALUES (45,7,'ENYA','MUNGARRO','VALVERDE','1971-03-24','MAE710324','F','2000-03-01','2023-07-04',83,153,'Eje 2 Sur Juan Escutia','Álvaro Obregón',2010,'Guanajuato',13713,6,'6:59 AM');
INSERT INTO Cuidador(IDPersona,IDBioma,Nombre,ApellidoPaterno,ApellidoMaterno,Nacimiento,RFC,Genero,InicioContrato,FinContrato,NumInt,NumExt,Calle,Colonia,CodigoPostal,Estado,Salario,DiasLabor,Horario) VALUES (46,6,'ANTONIE','MUÑIZ','ILDEFONSO','1978-08-08','MLA780808','M','2006-03-02','2028-05-24',146,178,'Anillo Periferico Rio Churubusco','Gustavo A. Madero',10871,'Queretaro',11220,5,'6:14 AM');
INSERT INTO Cuidador(IDPersona,IDBioma,Nombre,ApellidoPaterno,ApellidoMaterno,Nacimiento,RFC,Genero,InicioContrato,FinContrato,NumInt,NumExt,Calle,Colonia,CodigoPostal,Estado,Salario,DiasLabor,Horario) VALUES (47,10,'YOSGART','LOIDE','VIDES','1982-04-28','LIY820428','F','2018-03-16','2026-06-15',58,159,'Carretera al Olivo','Álvaro Obregón',1349,'Tlaxcala',10137,6,'11:42 AM');
INSERT INTO Cuidador(IDPersona,IDBioma,Nombre,ApellidoPaterno,ApellidoMaterno,Nacimiento,RFC,Genero,InicioContrato,FinContrato,NumInt,NumExt,Calle,Colonia,CodigoPostal,Estado,Salario,DiasLabor,Horario) VALUES (48,3,'MARYLU','NOE','AMADO','1967-01-31','NMM670131','F','2004-05-31','2024-06-07',137,146,'Eje 4 Sur Prolongacion Plutarco Elias Calles','Venustiano Carranza',14440,'Tabasco',19218,6,'8:46 AM');
INSERT INTO Cuidador(IDPersona,IDBioma,Nombre,ApellidoPaterno,ApellidoMaterno,Nacimiento,RFC,Genero,InicioContrato,FinContrato,NumInt,NumExt,Calle,Colonia,CodigoPostal,Estado,Salario,DiasLabor,Horario) VALUES (49,5,'JANAI','CHAGOYA','SESEÑA','1966-12-02','CEJ661202','F','2016-02-18','2029-03-18',77,166,'Eje 4 Norte Calzada Azcapotzalco - La Villa','Álvaro Obregón',10924,'Durango',15253,6,'6:33 AM');
INSERT INTO Cuidador(IDPersona,IDBioma,Nombre,ApellidoPaterno,ApellidoMaterno,Nacimiento,RFC,Genero,InicioContrato,FinContrato,NumInt,NumExt,Calle,Colonia,CodigoPostal,Estado,Salario,DiasLabor,Horario) VALUES (50,7,'GIULIANA','PICHON','KOMUKAI','1966-08-21','POG660821','M','2007-10-20','2024-09-08',54,134,'Calzada de las Bombas','Miguel Hidalgo',1183,'Jalisco',19498,6,'5:30 AM');
INSERT INTO Cuidador(IDPersona,IDBioma,Nombre,ApellidoPaterno,ApellidoMaterno,Nacimiento,RFC,Genero,InicioContrato,FinContrato,NumInt,NumExt,Calle,Colonia,CodigoPostal,Estado,Salario,DiasLabor,Horario) VALUES (51,2,'IXCHETL','LONGINOS','TENANGO','1967-11-02','LEI671102','F','2021-11-11','2027-07-11',48,82,'Calzada Guadalupe I Ramirez','Álvaro Obregón',8767,'Campeche',10454,5,'10:13 AM');
INSERT INTO Cuidador(IDPersona,IDBioma,Nombre,ApellidoPaterno,ApellidoMaterno,Nacimiento,RFC,Genero,InicioContrato,FinContrato,NumInt,NumExt,Calle,Colonia,CodigoPostal,Estado,Salario,DiasLabor,Horario) VALUES (52,1,'ANTON','NETRO','CICOUREL','1981-02-03','NIA810203','F','2015-08-27','2023-03-21',91,193,'Circuito Interior Melchor Ocampo','Gustavo A. Madero',3374,'Zacatecas',16287,6,'7:16 AM');
INSERT INTO Cuidador(IDPersona,IDBioma,Nombre,ApellidoPaterno,ApellidoMaterno,Nacimiento,RFC,Genero,InicioContrato,FinContrato,NumInt,NumExt,Calle,Colonia,CodigoPostal,Estado,Salario,DiasLabor,Horario) VALUES (53,7,'ARIZBE','MENESES','COJ','1966-08-26','MOA660826','M','2019-08-14','2023-09-12',92,55,'Eje 10 Sur Canoa','Álvaro Obregón',13901,'Guerrero',17793,6,'10:41 AM');
INSERT INTO Cuidador(IDPersona,IDBioma,Nombre,ApellidoPaterno,ApellidoMaterno,Nacimiento,RFC,Genero,InicioContrato,FinContrato,NumInt,NumExt,Calle,Colonia,CodigoPostal,Estado,Salario,DiasLabor,Horario) VALUES (54,4,'AREK','LASTIRE','UZARRAGA','1978-08-13','LZA780813','M','2006-01-22','2027-10-12',150,28,'Eje 6 Sur Tintoreto','Coyoacán',2946,'Guanajuato',15622,6,'8:41 AM');
INSERT INTO Cuidador(IDPersona,IDBioma,Nombre,ApellidoPaterno,ApellidoMaterno,Nacimiento,RFC,Genero,InicioContrato,FinContrato,NumInt,NumExt,Calle,Colonia,CodigoPostal,Estado,Salario,DiasLabor,Horario) VALUES (55,2,'KITZYA','SEL','IRALA','1972-08-26','SRK720826','M','2014-05-24','2028-11-28',4,39,'Viaducto Miguel Aleman','Coyoacán',8706,'Baja California Sur',18598,6,'5:53 AM');
INSERT INTO Cuidador(IDPersona,IDBioma,Nombre,ApellidoPaterno,ApellidoMaterno,Nacimiento,RFC,Genero,InicioContrato,FinContrato,NumInt,NumExt,Calle,Colonia,CodigoPostal,Estado,Salario,DiasLabor,Horario) VALUES (56,5,'BRILLET','TOPETE','ZUÑIGA','1971-11-09','TUB711109','M','2015-11-06','2025-12-23',54,158,'Eje 1 Poniente Calzada Vallejo','Venustiano Carranza',11039,'Jalisco',17035,5,'10:24 AM');
INSERT INTO Cuidador(IDPersona,IDBioma,Nombre,ApellidoPaterno,ApellidoMaterno,Nacimiento,RFC,Genero,InicioContrato,FinContrato,NumInt,NumExt,Calle,Colonia,CodigoPostal,Estado,Salario,DiasLabor,Horario) VALUES (57,3,'REN','CUREÑO','TREVIÑO','1991-08-25','CRR910825','M','2001-03-16','2026-04-19',150,46,'Eje 2A Sur Dr. Balmis','Tláhuac',9942,'Hidalgo',14786,5,'11:53 AM');
INSERT INTO Cuidador(IDPersona,IDBioma,Nombre,ApellidoPaterno,ApellidoMaterno,Nacimiento,RFC,Genero,InicioContrato,FinContrato,NumInt,NumExt,Calle,Colonia,CodigoPostal,Estado,Salario,DiasLabor,Horario) VALUES (58,10,'LILIBETH','CHEGUE','ARRIOJA','1994-11-24','CRL941124','M','2021-08-08','2025-09-28',36,193,'Eje 3 Oriente Francisco del Paso y Troncoso','Tlalpan',12656,'Baja California',13044,6,'10:19 AM');
INSERT INTO Cuidador(IDPersona,IDBioma,Nombre,ApellidoPaterno,ApellidoMaterno,Nacimiento,RFC,Genero,InicioContrato,FinContrato,NumInt,NumExt,Calle,Colonia,CodigoPostal,Estado,Salario,DiasLabor,Horario) VALUES (59,6,'EZRA','CAMBRANO','ABASTA','1964-09-01','CBE640901','M','2013-02-16','2024-01-24',122,167,'Av. de la Republica','Iztapalapa',1884,'Chihuahua',16492,6,'8:51 AM');
INSERT INTO Cuidador(IDPersona,IDBioma,Nombre,ApellidoPaterno,ApellidoMaterno,Nacimiento,RFC,Genero,InicioContrato,FinContrato,NumInt,NumExt,Calle,Colonia,CodigoPostal,Estado,Salario,DiasLabor,Horario) VALUES (60,5,'LUKAS','RICANO','ABADIA','1994-05-28','RBL940528','M','2019-12-10','2024-11-04',11,133,'Av. Ejercito Nacional Mexicano','Gustavo A. Madero',9918,'Aguascalientes',11031,6,'8:44 AM');
INSERT INTO Cuidador(IDPersona,IDBioma,Nombre,ApellidoPaterno,ApellidoMaterno,Nacimiento,RFC,Genero,InicioContrato,FinContrato,NumInt,NumExt,Calle,Colonia,CodigoPostal,Estado,Salario,DiasLabor,Horario) VALUES (61,5,'MONICA','MAYAHUA','PEREA','1974-02-02','MEM740202','M','2004-05-10','2025-01-31',94,60,'Eje 2 Norte Calz. Camarones','Iztapalapa',14191,'Chihuahua',11766,5,'5:26 AM');
INSERT INTO Cuidador(IDPersona,IDBioma,Nombre,ApellidoPaterno,ApellidoMaterno,Nacimiento,RFC,Genero,InicioContrato,FinContrato,NumInt,NumExt,Calle,Colonia,CodigoPostal,Estado,Salario,DiasLabor,Horario) VALUES (62,6,'JOFIEL','AVELEYRA','ANIBAL','1982-04-10','ANJ820410','F','2020-06-28','2027-03-29',66,95,'Av. Centenario','Tlalpan',12064,'Jalisco',12556,6,'8:55 AM');
INSERT INTO Cuidador(IDPersona,IDBioma,Nombre,ApellidoPaterno,ApellidoMaterno,Nacimiento,RFC,Genero,InicioContrato,FinContrato,NumInt,NumExt,Calle,Colonia,CodigoPostal,Estado,Salario,DiasLabor,Horario) VALUES (63,1,'SAMADHI','STEPHENS','ARGOT','1996-03-04','SRS960304','F','2003-03-01','2023-03-26',77,15,'Eje 6 Sur Av. Jalisco','Venustiano Carranza',8955,'Campeche',18500,5,'10:10 AM');
INSERT INTO Cuidador(IDPersona,IDBioma,Nombre,ApellidoPaterno,ApellidoMaterno,Nacimiento,RFC,Genero,InicioContrato,FinContrato,NumInt,NumExt,Calle,Colonia,CodigoPostal,Estado,Salario,DiasLabor,Horario) VALUES (64,2,'INDRA','ALDINO','CRISTEN','1989-06-29','ARI890629','M','2010-03-02','2026-08-16',86,87,'Eje 10 Sur Pedro Henriquez Ureña','Venustiano Carranza',15447,'San Luis Potosi',12192,6,'5:26 AM');
INSERT INTO Cuidador(IDPersona,IDBioma,Nombre,ApellidoPaterno,ApellidoMaterno,Nacimiento,RFC,Genero,InicioContrato,FinContrato,NumInt,NumExt,Calle,Colonia,CodigoPostal,Estado,Salario,DiasLabor,Horario) VALUES (65,7,'KARISSA','PATRICIO','BRISEÑO','1987-08-31','PRK870831','F','2010-01-07','2026-05-22',70,124,'Eje 5 Oriente Av. Lic. Javier Rojo Gomez','Álvaro Obregón',4673,'Campeche',13454,6,'7:06 AM');
INSERT INTO Cuidador(IDPersona,IDBioma,Nombre,ApellidoPaterno,ApellidoMaterno,Nacimiento,RFC,Genero,InicioContrato,FinContrato,NumInt,NumExt,Calle,Colonia,CodigoPostal,Estado,Salario,DiasLabor,Horario) VALUES (66,7,'JEOVANNA','MORENO','Y PECH','1982-05-21','M J820521','F','2020-01-05','2025-12-06',42,49,'Av. Cuitlahuac','Iztacalco',1918,'Durango',10012,5,'10:26 AM');
INSERT INTO Cuidador(IDPersona,IDBioma,Nombre,ApellidoPaterno,ApellidoMaterno,Nacimiento,RFC,Genero,InicioContrato,FinContrato,NumInt,NumExt,Calle,Colonia,CodigoPostal,Estado,Salario,DiasLabor,Horario) VALUES (67,3,'HIDEKI','MARCELO','IZABAL','1989-09-26','MZH890926','M','2003-03-26','2029-09-24',122,111,'Av. Miguel Othon de Mendizabal','Azcapotzalco',5652,'Yucatan',14044,5,'5:08 AM');
INSERT INTO Cuidador(IDPersona,IDBioma,Nombre,ApellidoPaterno,ApellidoMaterno,Nacimiento,RFC,Genero,InicioContrato,FinContrato,NumInt,NumExt,Calle,Colonia,CodigoPostal,Estado,Salario,DiasLabor,Horario) VALUES (68,5,'JOSEBETH','HIDALGO','GRADILLA','1992-05-03','HRJ920503','F','2015-08-18','2024-07-16',127,138,'Calzada Gral. Ignacio Zaragoza','Coyoacán',5710,'Sonora',12812,5,'10:28 AM');
INSERT INTO Cuidador(IDPersona,IDBioma,Nombre,ApellidoPaterno,ApellidoMaterno,Nacimiento,RFC,Genero,InicioContrato,FinContrato,NumInt,NumExt,Calle,Colonia,CodigoPostal,Estado,Salario,DiasLabor,Horario) VALUES (69,1,'HERMIONE','LIO','FARELO','1986-04-12','LAH860412','M','2010-04-13','2028-11-02',114,84,'Eje 7A Sur Oriente 172','Gustavo A. Madero',4478,'Campeche',15505,6,'11:09 AM');
INSERT INTO Cuidador(IDPersona,IDBioma,Nombre,ApellidoPaterno,ApellidoMaterno,Nacimiento,RFC,Genero,InicioContrato,FinContrato,NumInt,NumExt,Calle,Colonia,CodigoPostal,Estado,Salario,DiasLabor,Horario) VALUES (70,7,'CAMIL','RENERO','OSTIGUIN','1976-08-27','RSC760827','M','2000-09-14','2029-02-27',130,131,'Eje 6 Norte 306','Coyoacán',13562,'Sinaloa',19177,5,'8:54 AM');
INSERT INTO Cuidador(IDPersona,IDBioma,Nombre,ApellidoPaterno,ApellidoMaterno,Nacimiento,RFC,Genero,InicioContrato,FinContrato,NumInt,NumExt,Calle,Colonia,CodigoPostal,Estado,Salario,DiasLabor,Horario) VALUES (71,3,'D','Y VAZQUEZ','TESTA','1986-03-26','YED860326','F','2008-12-30','2028-03-14',20,87,'Eje 4 Norte Av. Talisman','Gustavo A. Madero',4305,'Coahuila de Zaragoza',18686,6,'8:37 AM');
INSERT INTO Cuidador(IDPersona,IDBioma,Nombre,ApellidoPaterno,ApellidoMaterno,Nacimiento,RFC,Genero,InicioContrato,FinContrato,NumInt,NumExt,Calle,Colonia,CodigoPostal,Estado,Salario,DiasLabor,Horario) VALUES (72,4,'CAROL','BOLDO','LILLO','1990-09-16','BIC900916','F','2000-03-19','2023-02-25',144,83,'Iztaccihuatl','Álvaro Obregón',4411,'Guanajuato',19786,6,'10:08 AM');
INSERT INTO Cuidador(IDPersona,IDBioma,Nombre,ApellidoPaterno,ApellidoMaterno,Nacimiento,RFC,Genero,InicioContrato,FinContrato,NumInt,NumExt,Calle,Colonia,CodigoPostal,Estado,Salario,DiasLabor,Horario) VALUES (73,6,'JAYKO','ARCHILA','PONTAZA','1972-07-31','AOJ720731','F','2018-04-15','2026-05-16',99,79,'Circuito Interior Diagonal Patriotismo','Iztapalapa',8238,'Oaxaca',18097,6,'9:21 AM');
INSERT INTO Cuidador(IDPersona,IDBioma,Nombre,ApellidoPaterno,ApellidoMaterno,Nacimiento,RFC,Genero,InicioContrato,FinContrato,NumInt,NumExt,Calle,Colonia,CodigoPostal,Estado,Salario,DiasLabor,Horario) VALUES (74,9,'HANNYA','AMANTE','HERNNADEZ','1971-09-28','AEH710928','M','2021-02-15','2027-09-05',79,108,'Eje 3 Sur Ferrocarril del Rio Frio','Iztapalapa',8250,'Baja California',11346,6,'11:10 AM');
INSERT INTO Cuidador(IDPersona,IDBioma,Nombre,ApellidoPaterno,ApellidoMaterno,Nacimiento,RFC,Genero,InicioContrato,FinContrato,NumInt,NumExt,Calle,Colonia,CodigoPostal,Estado,Salario,DiasLabor,Horario) VALUES (75,4,'ZUNDURI','MAGAÑA','BOCARANDO','1975-04-05','MOZ750405','F','2017-01-22','2027-06-06',150,170,'5 de Febrero','Venustiano Carranza',2805,'Nuevo Leon',19942,6,'11:52 AM');
INSERT INTO Cuidador(IDPersona,IDBioma,Nombre,ApellidoPaterno,ApellidoMaterno,Nacimiento,RFC,Genero,InicioContrato,FinContrato,NumInt,NumExt,Calle,Colonia,CodigoPostal,Estado,Salario,DiasLabor,Horario) VALUES (76,7,'YULENY','MAZO','BALZAMAR','1964-11-14','MAY641114','M','2007-01-01','2024-06-12',101,12,'Eje 2 Norte Camino a Santa Lucia','Coyoacán',1182,'Campeche',13367,5,'5:33 AM');
INSERT INTO Cuidador(IDPersona,IDBioma,Nombre,ApellidoPaterno,ApellidoMaterno,Nacimiento,RFC,Genero,InicioContrato,FinContrato,NumInt,NumExt,Calle,Colonia,CodigoPostal,Estado,Salario,DiasLabor,Horario) VALUES (77,1,'HERA','TLELO','LIO','1997-07-02','TIH970702','F','2004-02-20','2025-03-07',129,122,'Dr. Jose Maria Vertiz','Benito Juárez',13229,'Guanajuato',11079,6,'10:37 AM');
INSERT INTO Cuidador(IDPersona,IDBioma,Nombre,ApellidoPaterno,ApellidoMaterno,Nacimiento,RFC,Genero,InicioContrato,FinContrato,NumInt,NumExt,Calle,Colonia,CodigoPostal,Estado,Salario,DiasLabor,Horario) VALUES (78,4,'YHOALIBETH','BALTAZAR','FITTA','1971-06-07','BIY710607','F','2020-10-15','2029-09-02',54,15,'Anillo Periferico Av. Rio de los Remedios','Coyoacán',15370,'Jalisco',12606,5,'10:00 AM');
INSERT INTO Cuidador(IDPersona,IDBioma,Nombre,ApellidoPaterno,ApellidoMaterno,Nacimiento,RFC,Genero,InicioContrato,FinContrato,NumInt,NumExt,Calle,Colonia,CodigoPostal,Estado,Salario,DiasLabor,Horario) VALUES (79,9,'DARCY','MIRON','AGUDO','1994-10-21','MGD941021','F','2015-05-10','2029-12-17',141,154,'Av. Sonora','Tlalpan',6076,'Yucatan',15916,5,'6:01 AM');
INSERT INTO Cuidador(IDPersona,IDBioma,Nombre,ApellidoPaterno,ApellidoMaterno,Nacimiento,RFC,Genero,InicioContrato,FinContrato,NumInt,NumExt,Calle,Colonia,CodigoPostal,Estado,Salario,DiasLabor,Horario) VALUES (80,6,'CANDIDO','NANDE','SERRA','1981-04-02','NEC810402','F','2004-01-15','2025-08-08',68,192,'Eje 1 Oriente Mariano Arista','Álvaro Obregón',2454,'Guanajuato',15189,6,'11:47 AM');
INSERT INTO Cuidador(IDPersona,IDBioma,Nombre,ApellidoPaterno,ApellidoMaterno,Nacimiento,RFC,Genero,InicioContrato,FinContrato,NumInt,NumExt,Calle,Colonia,CodigoPostal,Estado,Salario,DiasLabor,Horario) VALUES (81,3,'SAIDI','MOJARRO','GODOS','1991-01-22','MOS910122','F','2011-03-26','2023-02-12',67,138,'Anillo Periferico Acueducto de Tenayuca','La Magdalena Contreras',3496,'San Luis Potosi',16642,6,'11:51 AM');
INSERT INTO Cuidador(IDPersona,IDBioma,Nombre,ApellidoPaterno,ApellidoMaterno,Nacimiento,RFC,Genero,InicioContrato,FinContrato,NumInt,NumExt,Calle,Colonia,CodigoPostal,Estado,Salario,DiasLabor,Horario) VALUES (82,2,'STELLA','DE ROBLES','SAN MIGUEL','1973-09-28','DAS730928','M','2006-01-10','2029-09-25',122,140,'Eje 2 Sur Manuel Jose Othon','Iztacalco',12215,'Sonora',18460,5,'10:45 AM');
INSERT INTO Cuidador(IDPersona,IDBioma,Nombre,ApellidoPaterno,ApellidoMaterno,Nacimiento,RFC,Genero,InicioContrato,FinContrato,NumInt,NumExt,Calle,Colonia,CodigoPostal,Estado,Salario,DiasLabor,Horario) VALUES (83,6,'JUDITH','MAGDALENA','GONZALES','1974-11-10','MOJ741110','F','2005-07-23','2028-07-04',104,62,'Eje 3 Sur Jose Peon Contreras','Álvaro Obregón',6039,'Tabasco',13745,5,'11:03 AM');
INSERT INTO Cuidador(IDPersona,IDBioma,Nombre,ApellidoPaterno,ApellidoMaterno,Nacimiento,RFC,Genero,InicioContrato,FinContrato,NumInt,NumExt,Calle,Colonia,CodigoPostal,Estado,Salario,DiasLabor,Horario) VALUES (84,7,'YENY','ANZO','TLECUITL','1984-04-02','ALY840402','F','2015-10-01','2023-05-07',140,139,'Eje 5 Sur Av. de las Torres','Miguel Hidalgo',8214,'Baja California',11909,5,'11:12 AM');
INSERT INTO Cuidador(IDPersona,IDBioma,Nombre,ApellidoPaterno,ApellidoMaterno,Nacimiento,RFC,Genero,InicioContrato,FinContrato,NumInt,NumExt,Calle,Colonia,CodigoPostal,Estado,Salario,DiasLabor,Horario) VALUES (85,2,'YARITZA','MOSCO','GERTRUDES','1967-09-14','MEY670914','M','2018-08-19','2028-01-02',69,66,'Av. Parque España','Álvaro Obregón',6973,'Ciudad de Mexico',13356,6,'7:57 AM');
INSERT INTO Cuidador(IDPersona,IDBioma,Nombre,ApellidoPaterno,ApellidoMaterno,Nacimiento,RFC,Genero,InicioContrato,FinContrato,NumInt,NumExt,Calle,Colonia,CodigoPostal,Estado,Salario,DiasLabor,Horario) VALUES (86,8,'ELIM','ZAPOTITLA','AYUSO','1975-07-27','ZYE750727','F','2002-09-28','2024-10-01',30,100,'Casa del Obrero Mundial','Gustavo A. Madero',2884,'Veracruz',12411,6,'10:24 AM');
INSERT INTO Cuidador(IDPersona,IDBioma,Nombre,ApellidoPaterno,ApellidoMaterno,Nacimiento,RFC,Genero,InicioContrato,FinContrato,NumInt,NumExt,Calle,Colonia,CodigoPostal,Estado,Salario,DiasLabor,Horario) VALUES (87,6,'ORIANA','ARTEAGA','MONTIJO','1981-09-12','AOO810912','F','2023-09-27','2027-03-04',141,176,'Av. Parque Via','Gustavo A. Madero',12650,'Guanajuato',19073,6,'9:37 AM');
INSERT INTO Cuidador(IDPersona,IDBioma,Nombre,ApellidoPaterno,ApellidoMaterno,Nacimiento,RFC,Genero,InicioContrato,FinContrato,NumInt,NumExt,Calle,Colonia,CodigoPostal,Estado,Salario,DiasLabor,Horario) VALUES (88,3,'JUSTINO','PRIMO','GARZA','1981-12-14','PAJ811214','M','2012-11-20','2026-05-03',137,122,'Av. Instituto Politecnico Nacional','Iztapalapa',2215,'Coahuila de Zaragoza',12396,6,'10:25 AM');
INSERT INTO Cuidador(IDPersona,IDBioma,Nombre,ApellidoPaterno,ApellidoMaterno,Nacimiento,RFC,Genero,InicioContrato,FinContrato,NumInt,NumExt,Calle,Colonia,CodigoPostal,Estado,Salario,DiasLabor,Horario) VALUES (89,8,'CORIN','DELABRA','CASANOVA','1969-10-19','DAC691019','M','2015-04-01','2026-12-16',120,120,'Eje 1 Norte Albañiles','Iztapalapa',4581,'Durango',15866,6,'11:11 AM');
INSERT INTO Cuidador(IDPersona,IDBioma,Nombre,ApellidoPaterno,ApellidoMaterno,Nacimiento,RFC,Genero,InicioContrato,FinContrato,NumInt,NumExt,Calle,Colonia,CodigoPostal,Estado,Salario,DiasLabor,Horario) VALUES (90,2,'MADOX','TZOPITL','AROCHE','1964-11-17','TRM641117','F','2021-09-26','2023-04-08',97,10,'Av. de los Insurgentes Sur','Tlalpan',10651,'Nayarit',10464,6,'6:03 AM');
INSERT INTO Cuidador(IDPersona,IDBioma,Nombre,ApellidoPaterno,ApellidoMaterno,Nacimiento,RFC,Genero,InicioContrato,FinContrato,NumInt,NumExt,Calle,Colonia,CodigoPostal,Estado,Salario,DiasLabor,Horario) VALUES (91,6,'YERIC','EGUILUZ','LEANDRO','1987-02-15','EEY870215','M','2017-11-30','2029-11-23',106,65,'Calzada San Antonio Abad','Azcapotzalco',11180,'Guanajuato',16455,6,'5:16 AM');
INSERT INTO Cuidador(IDPersona,IDBioma,Nombre,ApellidoPaterno,ApellidoMaterno,Nacimiento,RFC,Genero,InicioContrato,FinContrato,NumInt,NumExt,Calle,Colonia,CodigoPostal,Estado,Salario,DiasLabor,Horario) VALUES (92,10,'JOSE','MANCISIDOR','MAGOS','1996-06-30','MAJ960630','M','2002-08-25','2025-11-25',121,114,'Circuito Interior Rio Churubusco','Tlalpan',12944,'Chihuahua',14783,6,'11:50 AM');
INSERT INTO Cuidador(IDPersona,IDBioma,Nombre,ApellidoPaterno,ApellidoMaterno,Nacimiento,RFC,Genero,InicioContrato,FinContrato,NumInt,NumExt,Calle,Colonia,CodigoPostal,Estado,Salario,DiasLabor,Horario) VALUES (93,6,'LINETH','ARBOLEYDA','TOCA','1994-09-01','AOL940901','M','2011-06-22','2023-08-02',59,163,'Eje 2A Sur Jose Tomas Cuellar','Coyoacán',13415,'Yucatan',16707,6,'9:33 AM');
INSERT INTO Cuidador(IDPersona,IDBioma,Nombre,ApellidoPaterno,ApellidoMaterno,Nacimiento,RFC,Genero,InicioContrato,FinContrato,NumInt,NumExt,Calle,Colonia,CodigoPostal,Estado,Salario,DiasLabor,Horario) VALUES (94,9,'MAUREEN','GERTRUDIS','NARCIZO','1993-11-18','GAM931118','M','2013-09-13','2027-06-10',61,71,'Calzada Xochimilco Tulyehualco','Iztapalapa',10324,'Morelos',16548,6,'9:10 AM');
INSERT INTO Cuidador(IDPersona,IDBioma,Nombre,ApellidoPaterno,ApellidoMaterno,Nacimiento,RFC,Genero,InicioContrato,FinContrato,NumInt,NumExt,Calle,Colonia,CodigoPostal,Estado,Salario,DiasLabor,Horario) VALUES (95,6,'HANS','ITURRIOS','QUILES','1974-01-06','IUH740106','M','2008-07-07','2024-07-10',79,5,'Eje 2 Norte Av. Invierno','Álvaro Obregón',5383,'Yucatan',16115,6,'11:25 AM');
INSERT INTO Cuidador(IDPersona,IDBioma,Nombre,ApellidoPaterno,ApellidoMaterno,Nacimiento,RFC,Genero,InicioContrato,FinContrato,NumInt,NumExt,Calle,Colonia,CodigoPostal,Estado,Salario,DiasLabor,Horario) VALUES (96,9,'MAIRANI','ALMA','GARIBO','1977-12-04','AAM771204','M','2012-03-09','2029-05-14',53,114,'Av. de los Insurgentes Sur','Álvaro Obregón',15291,'Durango',10804,5,'8:52 AM');
INSERT INTO Cuidador(IDPersona,IDBioma,Nombre,ApellidoPaterno,ApellidoMaterno,Nacimiento,RFC,Genero,InicioContrato,FinContrato,NumInt,NumExt,Calle,Colonia,CodigoPostal,Estado,Salario,DiasLabor,Horario) VALUES (97,4,'ANYELI','ARVIZU','TERMINEL','1974-05-01','AEA740501','M','2015-11-14','2027-09-10',106,172,'Eje 2 Oriente Calzada de la Viga','Gustavo A. Madero',8664,'Jalisco',16871,6,'5:24 AM');
INSERT INTO Cuidador(IDPersona,IDBioma,Nombre,ApellidoPaterno,ApellidoMaterno,Nacimiento,RFC,Genero,InicioContrato,FinContrato,NumInt,NumExt,Calle,Colonia,CodigoPostal,Estado,Salario,DiasLabor,Horario) VALUES (98,9,'ANAYELY','BOJORQUEZ','RUMUALDO','1968-12-23','BUA681223','M','2000-06-18','2027-06-19',21,152,'Eje 3 Oriente Calzada Gral. Ignacio Zaragoza','Venustiano Carranza',7949,'Zacatecas',10430,6,'5:41 AM');
INSERT INTO Cuidador(IDPersona,IDBioma,Nombre,ApellidoPaterno,ApellidoMaterno,Nacimiento,RFC,Genero,InicioContrato,FinContrato,NumInt,NumExt,Calle,Colonia,CodigoPostal,Estado,Salario,DiasLabor,Horario) VALUES (99,1,'LINETH','ALAYON','GOCOBACHI','1990-11-14','AOL901114','F','2011-02-20','2025-02-02',129,60,'Eje 4 Norte Av. Fortuna','Coyoacán',4454,'Sonora',12415,5,'10:28 AM');
INSERT INTO Cuidador(IDPersona,IDBioma,Nombre,ApellidoPaterno,ApellidoMaterno,Nacimiento,RFC,Genero,InicioContrato,FinContrato,NumInt,NumExt,Calle,Colonia,CodigoPostal,Estado,Salario,DiasLabor,Horario) VALUES (100,2,'MARELY','DURAN','LIZARAN','1978-09-01','DIM780901','M','2002-07-05','2027-11-27',88,76,'Eje 10 Sur Canoa','Azcapotzalco',3947,'Quintana Roo',13602,5,'9:17 AM');

