INSERT INTO Proveedor(IDPersona,Nombre,ApellidoPaterno,ApellidoMaterno,Nacimiento,RFC,Genero,InicioContrato,FinContrato,NumInt,NumExt,Calle,Colonia,CodigoPostal,Estado,Costo,Producto,Frecuencia) VALUES (1,'LUKA','SEVILLANO','ASCENCIO','1998-04-30','SEAL980430','F','2000-07-18','2019-03-12',129,85,'Av. de los Insurgentes Sur','Ctm X Culhuacan (U Hab)',11509,'Juarez',6033.12,'Medicina',3);
INSERT INTO Proveedor(IDPersona,Nombre,ApellidoPaterno,ApellidoMaterno,Nacimiento,RFC,Genero,InicioContrato,FinContrato,NumInt,NumExt,Calle,Colonia,CodigoPostal,Estado,Costo,Producto,Frecuencia) VALUES (2,'HORTENCIA','BELTRAN','CADENGO','1973-04-25','BECH730425','F','2002-05-02','2011-06-19',115,11,'James Sullivan','Jaime S Emiliano G',4951,'Batan Viejo (El Maestro)',8642.1,'Alimento',2);
INSERT INTO Proveedor(IDPersona,Nombre,ApellidoPaterno,ApellidoMaterno,Nacimiento,RFC,Genero,InicioContrato,FinContrato,NumInt,NumExt,Calle,Colonia,CodigoPostal,Estado,Costo,Producto,Frecuencia) VALUES (3,'JADE','DE LA PALMA','CHIMALPOPOCA','1971-07-11','DECJ710711','M','2008-04-28','2010-12-03',103,5,'Eje 2 Poniente Rio Tiber','Cuchilla De Padierna',5959,'Independencia San Ramon (U Hab)',5805.37,'Medicina',1);
INSERT INTO Proveedor(IDPersona,Nombre,ApellidoPaterno,ApellidoMaterno,Nacimiento,RFC,Genero,InicioContrato,FinContrato,NumInt,NumExt,Calle,Colonia,CodigoPostal,Estado,Costo,Producto,Frecuencia) VALUES (4,'NAOMI','NEMER','FIALLO','1986-07-11','NEFN860711','F','2009-10-05','2015-12-04',39,70,'Av. Zacatepetl','San Lucas (Barr)',4556,'Romero De Terreros (Cond)',5615.71,'Alimento',3);
INSERT INTO Proveedor(IDPersona,Nombre,ApellidoPaterno,ApellidoMaterno,Nacimiento,RFC,Genero,InicioContrato,FinContrato,NumInt,NumExt,Calle,Colonia,CodigoPostal,Estado,Costo,Producto,Frecuencia) VALUES (5,'ESLI','MENCHACA','VALLEJON','1987-06-24','MEVE870624','M','2007-09-20','2022-08-20',108,155,'Eje 10A Sur Av. Universidad','Agricola Oriental Viii',7376,'Santa Maria Aztahuacan (Ej)',5084.81,'Medicina',3);
INSERT INTO Proveedor(IDPersona,Nombre,ApellidoPaterno,ApellidoMaterno,Nacimiento,RFC,Genero,InicioContrato,FinContrato,NumInt,NumExt,Calle,Colonia,CodigoPostal,Estado,Costo,Producto,Frecuencia) VALUES (6,'NATHALIA','CAJUN','VERTTI','1999-03-25','CAVN990325','M','2005-09-19','2021-03-16',121,97,'Eje 4 Sur Prolongacion Plutarco Elias Calles','Tenorios (Ampl)',14918,'Nonoalco-Tlatelolco (U Hab)',6372.14,'Alimento',3);
INSERT INTO Proveedor(IDPersona,Nombre,ApellidoPaterno,ApellidoMaterno,Nacimiento,RFC,Genero,InicioContrato,FinContrato,NumInt,NumExt,Calle,Colonia,CodigoPostal,Estado,Costo,Producto,Frecuencia) VALUES (7,'COSME','RACHED','MULATO','1999-12-16','RAMC991216','F','2010-05-14','2022-08-24',145,129,'Eje 3 Poniente Amores','Huasipungo (U Hab)',9330,'Morales Seccion Palmas (Polanco)',10392.95,'Alimento',2);
INSERT INTO Proveedor(IDPersona,Nombre,ApellidoPaterno,ApellidoMaterno,Nacimiento,RFC,Genero,InicioContrato,FinContrato,NumInt,NumExt,Calle,Colonia,CodigoPostal,Estado,Costo,Producto,Frecuencia) VALUES (8,'ARALY','TAMEZ','ASENCION','1988-12-12','TAAA881212','F','2009-12-05','2017-01-18',50,15,'Av. Ejercito Nacional Mexicano','Juristas',11405,'Los  Encinos',12774.75,'Alimento',3);
INSERT INTO Proveedor(IDPersona,Nombre,ApellidoPaterno,ApellidoMaterno,Nacimiento,RFC,Genero,InicioContrato,FinContrato,NumInt,NumExt,Calle,Colonia,CodigoPostal,Estado,Costo,Producto,Frecuencia) VALUES (9,'DOLLY','RIEGO','MURCIA','1967-01-17','RIMD670117','M','2002-03-02','2018-12-28',131,136,'Eje 3 Norte Av. Cuitlahuac','La Joya',9211,'San Antonio Culhuacan (Barr)',5409.07,'Alimento',2);
INSERT INTO Proveedor(IDPersona,Nombre,ApellidoPaterno,ApellidoMaterno,Nacimiento,RFC,Genero,InicioContrato,FinContrato,NumInt,NumExt,Calle,Colonia,CodigoPostal,Estado,Costo,Producto,Frecuencia) VALUES (10,'KENIA','RICARIO','AGUSTIMIANO','1987-01-26','RIAK870126','M','2000-05-16','2022-05-21',75,172,'Av. Ejercito Nacional Mexicano','Atocpa',10677,'Granjas Esmeralda',14596.18,'Medicina',3);
INSERT INTO Proveedor(IDPersona,Nombre,ApellidoPaterno,ApellidoMaterno,Nacimiento,RFC,Genero,InicioContrato,FinContrato,NumInt,NumExt,Calle,Colonia,CodigoPostal,Estado,Costo,Producto,Frecuencia) VALUES (11,'TAILI','NERY','MIXTEGA','1985-08-17','NEMT850817','M','2001-11-01','2019-08-03',20,75,'Molino del Rey','Nueva España',11435,'La Santisima (Barr)',9883.99,'Alimento',1);
INSERT INTO Proveedor(IDPersona,Nombre,ApellidoPaterno,ApellidoMaterno,Nacimiento,RFC,Genero,InicioContrato,FinContrato,NumInt,NumExt,Calle,Colonia,CodigoPostal,Estado,Costo,Producto,Frecuencia) VALUES (12,'TANNYA','BEULO','MIRNA','1965-01-21','BEMT650121','F','2006-04-23','2013-05-16',74,158,'Av. Juan de Dios Batiz','Na Hal Ti (U Hab)',8702,'Camino A San Juan De Aragon (Pblo)',7904.07,'Alimento',2);
INSERT INTO Proveedor(IDPersona,Nombre,ApellidoPaterno,ApellidoMaterno,Nacimiento,RFC,Genero,InicioContrato,FinContrato,NumInt,NumExt,Calle,Colonia,CodigoPostal,Estado,Costo,Producto,Frecuencia) VALUES (13,'ELEAZAR','ABAZAN','TOME','1989-06-23','ABTE890623','F','2004-06-27','2015-04-18',94,135,'Av. 3-A','Ramos Millan Bramadero',15797,'San Bartolo Cahualtongo (Pblo)',7042.22,'Medicina',1);
INSERT INTO Proveedor(IDPersona,Nombre,ApellidoPaterno,ApellidoMaterno,Nacimiento,RFC,Genero,InicioContrato,FinContrato,NumInt,NumExt,Calle,Colonia,CodigoPostal,Estado,Costo,Producto,Frecuencia) VALUES (14,'HORUS','Y YAM','FERRERA','1966-04-16','Y FH660416','F','2001-06-30','2015-05-26',19,138,'Eje 2 A Sur Francisco Javier Clavijero','Villas Azcapotzalco (U Hab)',9614,'Parajes Buenavista (Tetecon)',12778.79,'Medicina',1);
INSERT INTO Proveedor(IDPersona,Nombre,ApellidoPaterno,ApellidoMaterno,Nacimiento,RFC,Genero,InicioContrato,FinContrato,NumInt,NumExt,Calle,Colonia,CodigoPostal,Estado,Costo,Producto,Frecuencia) VALUES (15,'JOSEHP','PELAYO','ORDOÑEZ','1996-06-27','PEOJ960627','M','2007-01-14','2021-12-30',78,105,'Eje 3 Oriente Francisco del Paso y Troncoso','Ojo De Agua',7434,'Mirador',9284.47,'Alimento',2);
INSERT INTO Proveedor(IDPersona,Nombre,ApellidoPaterno,ApellidoMaterno,Nacimiento,RFC,Genero,InicioContrato,FinContrato,NumInt,NumExt,Calle,Colonia,CodigoPostal,Estado,Costo,Producto,Frecuencia) VALUES (16,'SKARLETH','SUNZA','SAUZA','1990-06-12','SUSS900612','M','2001-03-22','2015-05-25',126,117,'Eje 3 Sur Dr. Ignacio Morones Prieto','Jose Lopez Portillo',9843,'San Lorenzo Atemoaya (Pblo)',9582.17,'Alimento',1);
INSERT INTO Proveedor(IDPersona,Nombre,ApellidoPaterno,ApellidoMaterno,Nacimiento,RFC,Genero,InicioContrato,FinContrato,NumInt,NumExt,Calle,Colonia,CodigoPostal,Estado,Costo,Producto,Frecuencia) VALUES (17,'HARUMI','CANELA','NONATO','1971-05-22','CANH710522','F','2003-09-11','2013-10-18',45,114,'Eje 9 Sur Miguel Angel de Quevedo','San Jose Obrero',10076,'San Pedro Zacatenco (Pblo)',11201.4,'Medicina',1);
INSERT INTO Proveedor(IDPersona,Nombre,ApellidoPaterno,ApellidoMaterno,Nacimiento,RFC,Genero,InicioContrato,FinContrato,NumInt,NumExt,Calle,Colonia,CodigoPostal,Estado,Costo,Producto,Frecuencia) VALUES (18,'NEREIDA','BORUNDA','TUT','1990-01-03','BOTN900103','F','2007-06-16','2011-05-25',33,84,'Eje 1 Oriente Vidal Alcocer','Aviacion Civil (Ampl)',3104,'San Mateo (Barr)',11117.99,'Alimento',2);
INSERT INTO Proveedor(IDPersona,Nombre,ApellidoPaterno,ApellidoMaterno,Nacimiento,RFC,Genero,InicioContrato,FinContrato,NumInt,NumExt,Calle,Colonia,CodigoPostal,Estado,Costo,Producto,Frecuencia) VALUES (19,'HANNA','SERRALTA','CALIXTRO','1986-01-21','SECH860121','F','2007-11-20','2014-08-27',26,123,'Anillo Periferico Boulevard Manuel Avila Camacho','Cocoyotes (Ampl)',7848,'Zotoltitla',6522.71,'Alimento',1);
INSERT INTO Proveedor(IDPersona,Nombre,ApellidoPaterno,ApellidoMaterno,Nacimiento,RFC,Genero,InicioContrato,FinContrato,NumInt,NumExt,Calle,Colonia,CodigoPostal,Estado,Costo,Producto,Frecuencia) VALUES (20,'MARLO','DE COSS','URQUIN','1985-03-25','DEUM850325','M','2008-03-29','2015-01-11',75,90,'Prolongacion Bosques de la Reforma','Los Angeles Apanoaya',1965,'Santa Anita',10410.74,'Medicina',2);
INSERT INTO Proveedor(IDPersona,Nombre,ApellidoPaterno,ApellidoMaterno,Nacimiento,RFC,Genero,InicioContrato,FinContrato,NumInt,NumExt,Calle,Colonia,CodigoPostal,Estado,Costo,Producto,Frecuencia) VALUES (21,'NIKOOL','CALIHUA','GRANIEL','1988-07-10','CAGN880710','M','2000-03-14','2014-04-11',84,131,'Eje 5 Norte Cantera','Corpus Christy',14155,'Na Hal Ti (U Hab)',9311.21,'Alimento',2);
INSERT INTO Proveedor(IDPersona,Nombre,ApellidoPaterno,ApellidoMaterno,Nacimiento,RFC,Genero,InicioContrato,FinContrato,NumInt,NumExt,Calle,Colonia,CodigoPostal,Estado,Costo,Producto,Frecuencia) VALUES (22,'KARIN','MULATO','Y ORTEGA','1993-02-09','MUYK930209','M','2008-12-04','2015-05-19',48,44,'Av. Marina Nacional','San Francisco Tlalnepantla (Pblo)',12654,'Olimpica',8691.45,'Medicina',3);
INSERT INTO Proveedor(IDPersona,Nombre,ApellidoPaterno,ApellidoMaterno,Nacimiento,RFC,Genero,InicioContrato,FinContrato,NumInt,NumExt,Calle,Colonia,CodigoPostal,Estado,Costo,Producto,Frecuencia) VALUES (23,'MARLON','ROMANO','AC','1985-07-23','ROAM850723','F','2001-11-22','2021-05-02',16,19,'Av. Industria Militar','Indeco (U Hab)',13097,'Manuel Rivera Anaya Croc  (U Hab)',11861.72,'Medicina',3);
INSERT INTO Proveedor(IDPersona,Nombre,ApellidoPaterno,ApellidoMaterno,Nacimiento,RFC,Genero,InicioContrato,FinContrato,NumInt,NumExt,Calle,Colonia,CodigoPostal,Estado,Costo,Producto,Frecuencia) VALUES (24,'EVERARDO','MONTAÑEZ','ALMONACI','1984-08-11','MOAE840811','F','2010-05-25','2017-05-21',121,64,'Eje 6 Sur Angel Urraza','San Juan Tlihuaca (Pblo)',7902,'Popo (Ampl)',13791.63,'Medicina',1);
INSERT INTO Proveedor(IDPersona,Nombre,ApellidoPaterno,ApellidoMaterno,Nacimiento,RFC,Genero,InicioContrato,FinContrato,NumInt,NumExt,Calle,Colonia,CodigoPostal,Estado,Costo,Producto,Frecuencia) VALUES (25,'SALOMON','MEGCHUN','LINARTE','1981-02-17','MELS810217','M','2007-04-01','2012-06-23',140,144,'Av. Zacatepetl','Emancipacion Del Pueblo (U Hab)',1096,'Guadalupe Insurgentes',5200.92,'Alimento',1);
INSERT INTO Proveedor(IDPersona,Nombre,ApellidoPaterno,ApellidoMaterno,Nacimiento,RFC,Genero,InicioContrato,FinContrato,NumInt,NumExt,Calle,Colonia,CodigoPostal,Estado,Costo,Producto,Frecuencia) VALUES (26,'ANETH','AVELLA','MARCELINA','1999-04-19','AVMA990419','F','2000-11-20','2017-12-28',102,90,'Eje 3 Oriente Calzada Gral. Ignacio Zaragoza','Pasteros',15564,'Cuatro Arboles',14214.1,'Alimento',3);
INSERT INTO Proveedor(IDPersona,Nombre,ApellidoPaterno,ApellidoMaterno,Nacimiento,RFC,Genero,InicioContrato,FinContrato,NumInt,NumExt,Calle,Colonia,CodigoPostal,Estado,Costo,Producto,Frecuencia) VALUES (27,'BRITANY','ORAN','BARNET','1991-07-12','ORBB910712','M','2002-06-18','2012-12-09',53,18,'Eje 3 Norte 16 de Septiembre','Narvarte',4775,'El Arbolillo 1 (U Hab)',14723.01,'Alimento',2);
INSERT INTO Proveedor(IDPersona,Nombre,ApellidoPaterno,ApellidoMaterno,Nacimiento,RFC,Genero,InicioContrato,FinContrato,NumInt,NumExt,Calle,Colonia,CodigoPostal,Estado,Costo,Producto,Frecuencia) VALUES (28,'PATRIK','CALERO','SARTIAGUIN','1992-03-18','CASP920318','M','2006-08-13','2015-09-01',62,172,'Calzada General Ignacio Zaragoza','Irrigacion',7616,'Transito',10850.78,'Medicina',1);
INSERT INTO Proveedor(IDPersona,Nombre,ApellidoPaterno,ApellidoMaterno,Nacimiento,RFC,Genero,InicioContrato,FinContrato,NumInt,NumExt,Calle,Colonia,CodigoPostal,Estado,Costo,Producto,Frecuencia) VALUES (29,'CHRISTELLE','ALVA','ARMIENTA','1996-04-06','ALAC960406','F','2003-01-25','2018-07-24',92,49,'Camino a Nativitas','Los Gamitos',9058,'Barrio Oxtopulco Universidad',7277.73,'Medicina',2);
INSERT INTO Proveedor(IDPersona,Nombre,ApellidoPaterno,ApellidoMaterno,Nacimiento,RFC,Genero,InicioContrato,FinContrato,NumInt,NumExt,Calle,Colonia,CodigoPostal,Estado,Costo,Producto,Frecuencia) VALUES (30,'LENYN','ESPAÑA','MELCHI','1998-03-26','ESML980326','F','2007-10-18','2019-09-05',87,154,'Av. Ceylan','Belvedere',5026,'Tres Estrellas',15256.1,'Alimento',3);
INSERT INTO Proveedor(IDPersona,Nombre,ApellidoPaterno,ApellidoMaterno,Nacimiento,RFC,Genero,InicioContrato,FinContrato,NumInt,NumExt,Calle,Colonia,CodigoPostal,Estado,Costo,Producto,Frecuencia) VALUES (31,'ANTOINE','BRIBIESCAS','HUARACHA','2001-04-20','BRHA010420','F','2008-01-15','2017-10-09',48,3,'Av. Oceania','San Salvador Cuauhtenco (Pblo)',6118,'Moctezuma 1a Seccion',11708.3,'Alimento',2);
INSERT INTO Proveedor(IDPersona,Nombre,ApellidoPaterno,ApellidoMaterno,Nacimiento,RFC,Genero,InicioContrato,FinContrato,NumInt,NumExt,Calle,Colonia,CodigoPostal,Estado,Costo,Producto,Frecuencia) VALUES (32,'ARIANE','DEFERIA','BENITO','1979-04-03','DEBA790403','F','2003-04-28','2019-03-31',11,41,'Eje 1A Sur Av. Chapultepec','Parque Residencial San Antonio (U Hab)',1159,'Ecologica Novedades Impacto (U Hab)',9441.73,'Alimento',1);
INSERT INTO Proveedor(IDPersona,Nombre,ApellidoPaterno,ApellidoMaterno,Nacimiento,RFC,Genero,InicioContrato,FinContrato,NumInt,NumExt,Calle,Colonia,CodigoPostal,Estado,Costo,Producto,Frecuencia) VALUES (33,'ANAELI','MAGADAN','LAVENANT','2004-03-31','MALA040331','F','2007-10-07','2015-04-13',111,181,'Eje 7 Sur Extremadura','Piloto (Adolfo Lopez Mateos)',12158,'Nueva Generacion 103',13668.09,'Alimento',1);
INSERT INTO Proveedor(IDPersona,Nombre,ApellidoPaterno,ApellidoMaterno,Nacimiento,RFC,Genero,InicioContrato,FinContrato,NumInt,NumExt,Calle,Colonia,CodigoPostal,Estado,Costo,Producto,Frecuencia) VALUES (34,'ISMERAI','RESCALVO','XULUC','1996-08-16','REXI960816','F','2009-06-05','2016-11-15',52,80,'Eje 2 A Sur San Luis Potosi','Minerva',1472,'La Pera Xochinahuac (U Hab)',10853.86,'Medicina',2);
INSERT INTO Proveedor(IDPersona,Nombre,ApellidoPaterno,ApellidoMaterno,Nacimiento,RFC,Genero,InicioContrato,FinContrato,NumInt,NumExt,Calle,Colonia,CodigoPostal,Estado,Costo,Producto,Frecuencia) VALUES (35,'EILEN','LOMAN','LIGONIO','1998-02-18','LOLE980218','F','2007-05-04','2023-07-11',103,58,'Circuito Interior Boulevard Puerto Aereo','Tempiluli',1309,'Santa Fe Km 8.5',9777.38,'Alimento',2);
INSERT INTO Proveedor(IDPersona,Nombre,ApellidoPaterno,ApellidoMaterno,Nacimiento,RFC,Genero,InicioContrato,FinContrato,NumInt,NumExt,Calle,Colonia,CodigoPostal,Estado,Costo,Producto,Frecuencia) VALUES (36,'JESICA','L','LIVERA','1966-06-12','LLJ660612','M','2008-01-19','2020-12-21',96,158,'Eje 1A Sur Jose Maria Izazaga','Infonavit (U Hab)',1378,'Pedregal De Sto Domingo Iv',10942.2,'Alimento',2);
INSERT INTO Proveedor(IDPersona,Nombre,ApellidoPaterno,ApellidoMaterno,Nacimiento,RFC,Genero,InicioContrato,FinContrato,NumInt,NumExt,Calle,Colonia,CodigoPostal,Estado,Costo,Producto,Frecuencia) VALUES (37,'ATZURI','OCAÑO','OTAÑEZ','1968-11-06','OCOA681106','M','2003-12-16','2013-10-21',71,155,'Calzada Coyuya','San Miguel  Xicalco (Pblo)',13574,'Atlampa',7244.3,'Medicina',3);
INSERT INTO Proveedor(IDPersona,Nombre,ApellidoPaterno,ApellidoMaterno,Nacimiento,RFC,Genero,InicioContrato,FinContrato,NumInt,NumExt,Calle,Colonia,CodigoPostal,Estado,Costo,Producto,Frecuencia) VALUES (38,'FIORELLA','ESTEBANEZ','ELENES','2001-03-27','ESEF010327','M','2008-03-26','2017-12-19',143,27,'Av. Altavista','Presidente Madero (U Hab)',10264,'Lomas De Plateros (U Hab)',6575.27,'Alimento',2);
INSERT INTO Proveedor(IDPersona,Nombre,ApellidoPaterno,ApellidoMaterno,Nacimiento,RFC,Genero,InicioContrato,FinContrato,NumInt,NumExt,Calle,Colonia,CodigoPostal,Estado,Costo,Producto,Frecuencia) VALUES (39,'ABIGAIL','ATECPANECATL','MOO','1965-01-05','ATMA650105','F','2006-10-06','2016-09-23',77,35,'Eje 1 Oriente Mariano Arista','San Antonio (Fracc)',10162,'Cañada Del Olivar (U Hab)',14749.11,'Alimento',3);
INSERT INTO Proveedor(IDPersona,Nombre,ApellidoPaterno,ApellidoMaterno,Nacimiento,RFC,Genero,InicioContrato,FinContrato,NumInt,NumExt,Calle,Colonia,CodigoPostal,Estado,Costo,Producto,Frecuencia) VALUES (40,'RUT','TISNADO','MAAS','1969-08-01','TIMR690801','F','2003-05-29','2020-08-29',11,181,'Año de Juarez','Valle De Luces (U Hab)',6885,'Canal Once (U Hab)',13045.25,'Alimento',3);
INSERT INTO Proveedor(IDPersona,Nombre,ApellidoPaterno,ApellidoMaterno,Nacimiento,RFC,Genero,InicioContrato,FinContrato,NumInt,NumExt,Calle,Colonia,CodigoPostal,Estado,Costo,Producto,Frecuencia) VALUES (41,'KERIN','NORATO','PIÑUELAS','1992-08-13','NOPK920813','M','2005-01-23','2017-12-13',45,102,'Eje 4 Sur Av. Te','Culhuacan (Pblo)',8362,'Mexico Nuevo',5185.45,'Medicina',3);
INSERT INTO Proveedor(IDPersona,Nombre,ApellidoPaterno,ApellidoMaterno,Nacimiento,RFC,Genero,InicioContrato,FinContrato,NumInt,NumExt,Calle,Colonia,CodigoPostal,Estado,Costo,Producto,Frecuencia) VALUES (42,'NATASHA','CORREO','BLANDO','1995-06-03','COBN950603','F','2001-04-25','2015-04-25',67,175,'Eje 3 Norte Angel Albino Corzo','Guadalupe Tepeyac',9635,'Potrerillo (Ampl)',5446.55,'Alimento',3);
INSERT INTO Proveedor(IDPersona,Nombre,ApellidoPaterno,ApellidoMaterno,Nacimiento,RFC,Genero,InicioContrato,FinContrato,NumInt,NumExt,Calle,Colonia,CodigoPostal,Estado,Costo,Producto,Frecuencia) VALUES (43,'ROMANE','ESCALONA','ABITIA','1972-04-23','ESAR720423','F','2007-03-07','2015-07-09',7,126,'Eje 2 Norte Canal del Norte','Jardines Tecma',12049,'San Salvador Cuauhtenco (Pblo)',15826.97,'Alimento',2);
INSERT INTO Proveedor(IDPersona,Nombre,ApellidoPaterno,ApellidoMaterno,Nacimiento,RFC,Genero,InicioContrato,FinContrato,NumInt,NumExt,Calle,Colonia,CodigoPostal,Estado,Costo,Producto,Frecuencia) VALUES (44,'ASENET','TINAJERO','ESTEBANEZ','1979-11-04','TIEA791104','F','2005-09-03','2014-11-20',118,136,'Canal Nacional','Bella Vista',13433,'Prado Coapa 2a Seccion',14448.82,'Alimento',3);
INSERT INTO Proveedor(IDPersona,Nombre,ApellidoPaterno,ApellidoMaterno,Nacimiento,RFC,Genero,InicioContrato,FinContrato,NumInt,NumExt,Calle,Colonia,CodigoPostal,Estado,Costo,Producto,Frecuencia) VALUES (45,'AHMED','MOYSEN','MAPEL','1988-02-10','MOMA880210','F','2009-07-15','2017-10-13',136,94,'Eje Central Av. del Iman','Sinatel (Ampl)',11386,'Graciano Sanchez',6296.86,'Medicina',3);
INSERT INTO Proveedor(IDPersona,Nombre,ApellidoPaterno,ApellidoMaterno,Nacimiento,RFC,Genero,InicioContrato,FinContrato,NumInt,NumExt,Calle,Colonia,CodigoPostal,Estado,Costo,Producto,Frecuencia) VALUES (46,'CHELSEE','BRISEÑO','CAPORAL','1999-01-26','BRCC990126','M','2009-11-06','2015-01-24',46,136,'Cumbres de Maltrata','San Marcos (Barr)',2881,'Portal Del Sol',13997.57,'Medicina',3);
INSERT INTO Proveedor(IDPersona,Nombre,ApellidoPaterno,ApellidoMaterno,Nacimiento,RFC,Genero,InicioContrato,FinContrato,NumInt,NumExt,Calle,Colonia,CodigoPostal,Estado,Costo,Producto,Frecuencia) VALUES (47,'LEVI','MINDER','ECHAURI','1990-08-31','MIEL900831','F','2008-10-29','2017-05-19',83,68,'Av. Oceania','Merced Balbuena',9265,'Milpa Del Cedro',12769.41,'Alimento',2);
INSERT INTO Proveedor(IDPersona,Nombre,ApellidoPaterno,ApellidoMaterno,Nacimiento,RFC,Genero,InicioContrato,FinContrato,NumInt,NumExt,Calle,Colonia,CodigoPostal,Estado,Costo,Producto,Frecuencia) VALUES (48,'ROSENDA','ROSSETE','ALEJANDRI','1969-12-06','ROAR691206','F','2006-02-21','2015-07-08',67,25,'Paseo de la Reforma','San Lorenzo Acopilco (Pblo)',11451,'Residencial Maria Isabel',8806.36,'Alimento',3);
INSERT INTO Proveedor(IDPersona,Nombre,ApellidoPaterno,ApellidoMaterno,Nacimiento,RFC,Genero,InicioContrato,FinContrato,NumInt,NumExt,Calle,Colonia,CodigoPostal,Estado,Costo,Producto,Frecuencia) VALUES (49,'SORA','ESCORCIA','HERNANDEZ','1995-12-08','ESHS951208','M','2003-01-04','2011-08-02',94,181,'Via Expres TAPO','Moctezuma 1a Seccion',15397,'Real Del Monte',8996.26,'Alimento',2);
INSERT INTO Proveedor(IDPersona,Nombre,ApellidoPaterno,ApellidoMaterno,Nacimiento,RFC,Genero,InicioContrato,FinContrato,NumInt,NumExt,Calle,Colonia,CodigoPostal,Estado,Costo,Producto,Frecuencia) VALUES (50,'NERIK','COCOTLE','CAÑEDO','1974-12-26','COCN741226','F','2004-03-16','2022-06-02',50,80,'Eje 4 Norte Mimosas','La Asuncion (Barr)',5228,'Nueva Atzacoalco',12066.22,'Alimento',2);
INSERT INTO Proveedor(IDPersona,Nombre,ApellidoPaterno,ApellidoMaterno,Nacimiento,RFC,Genero,InicioContrato,FinContrato,NumInt,NumExt,Calle,Colonia,CodigoPostal,Estado,Costo,Producto,Frecuencia) VALUES (51,'ANALY','PORTUGAL','DEL PILAR','2001-10-25','PODA011025','M','2010-06-06','2020-01-14',70,183,'Av. Rio de Tacubaya','Cuitlahuac (U Hab)',10394,'Mexicaltzingo (Pblo)',9778.14,'Medicina',2);
INSERT INTO Proveedor(IDPersona,Nombre,ApellidoPaterno,ApellidoMaterno,Nacimiento,RFC,Genero,InicioContrato,FinContrato,NumInt,NumExt,Calle,Colonia,CodigoPostal,Estado,Costo,Producto,Frecuencia) VALUES (52,'JANE','TRUJANO','RIOFRIO','2001-10-21','TRRJ011021','F','2001-01-12','2013-05-29',39,31,'Av. Ferrocarril San Rafael Atlixco','Jardines Del Sur',2212,'Lomas De  Padierna',12507.5,'Alimento',1);
INSERT INTO Proveedor(IDPersona,Nombre,ApellidoPaterno,ApellidoMaterno,Nacimiento,RFC,Genero,InicioContrato,FinContrato,NumInt,NumExt,Calle,Colonia,CodigoPostal,Estado,Costo,Producto,Frecuencia) VALUES (53,'SERGI','QUI','GODINEZ','1968-02-27','QUGS680227','M','2005-07-14','2020-07-05',5,23,'Eje 4 Sur Benjamin Franklin','Rincon Del Bosque',13760,'Progreso Tlalpan',6590.35,'Medicina',3);
INSERT INTO Proveedor(IDPersona,Nombre,ApellidoPaterno,ApellidoMaterno,Nacimiento,RFC,Genero,InicioContrato,FinContrato,NumInt,NumExt,Calle,Colonia,CodigoPostal,Estado,Costo,Producto,Frecuencia) VALUES (54,'NOUR','SANTILLANEZ','GALERA','1965-10-21','SAGN651021','F','2002-12-11','2022-06-29',26,65,'Cumbres de Maltrata','La Forestal 1',2900,'El Rosario (Barr)',5068.4,'Medicina',2);
INSERT INTO Proveedor(IDPersona,Nombre,ApellidoPaterno,ApellidoMaterno,Nacimiento,RFC,Genero,InicioContrato,FinContrato,NumInt,NumExt,Calle,Colonia,CodigoPostal,Estado,Costo,Producto,Frecuencia) VALUES (55,'FROYLAN','MONTERREY','COLMENARES','1990-02-28','MOCF900228','M','2010-05-13','2022-06-09',73,38,'Eje 5 Sur Av. Circunvalacion','Infonavit (U Hab)',5840,'Santa Ines',12463.38,'Medicina',1);
INSERT INTO Proveedor(IDPersona,Nombre,ApellidoPaterno,ApellidoMaterno,Nacimiento,RFC,Genero,InicioContrato,FinContrato,NumInt,NumExt,Calle,Colonia,CodigoPostal,Estado,Costo,Producto,Frecuencia) VALUES (56,'ABY','PALANCARES','HEBREO','1972-09-07','PAHA720907','F','2006-02-03','2015-04-05',112,43,'Eje 3 Poniente Av. Colonia del Valle','Independencia',5891,'Narciso Mendoza-Villa',5618.27,'Alimento',1);
INSERT INTO Proveedor(IDPersona,Nombre,ApellidoPaterno,ApellidoMaterno,Nacimiento,RFC,Genero,InicioContrato,FinContrato,NumInt,NumExt,Calle,Colonia,CodigoPostal,Estado,Costo,Producto,Frecuencia) VALUES (57,'ARISHA','SILVEYRA','ARGUETA','1966-11-20','SIAA661120','M','2007-09-08','2017-10-23',120,29,'Boulevard Nuevo Leon','Alfalfar',1933,'Justo Sierra',7163.25,'Alimento',3);
INSERT INTO Proveedor(IDPersona,Nombre,ApellidoPaterno,ApellidoMaterno,Nacimiento,RFC,Genero,InicioContrato,FinContrato,NumInt,NumExt,Calle,Colonia,CodigoPostal,Estado,Costo,Producto,Frecuencia) VALUES (58,'JACOB','OAXACA','YAH','1985-01-08','OAYJ850108','M','2000-10-20','2021-12-15',90,75,'Av. Hidalgo','Agricola Oriental Iv',7986,'Lomas De Centenario (U Hab)',14508.67,'Alimento',2);
INSERT INTO Proveedor(IDPersona,Nombre,ApellidoPaterno,ApellidoMaterno,Nacimiento,RFC,Genero,InicioContrato,FinContrato,NumInt,NumExt,Calle,Colonia,CodigoPostal,Estado,Costo,Producto,Frecuencia) VALUES (59,'AZUSENA','GOLLAZ','CHOC','1984-11-16','GOCA841116','M','2002-07-11','2014-02-09',128,94,'Eje 2 Norte Av. Transvaal','Alcanfores (U Hab)',4837,'Aldana',6244.15,'Medicina',3);
INSERT INTO Proveedor(IDPersona,Nombre,ApellidoPaterno,ApellidoMaterno,Nacimiento,RFC,Genero,InicioContrato,FinContrato,NumInt,NumExt,Calle,Colonia,CodigoPostal,Estado,Costo,Producto,Frecuencia) VALUES (60,'EDU','ALBAREZ','SANTO','1971-05-19','ALSE710519','M','2000-12-17','2019-03-12',88,131,'Av. de los Insurgentes Norte','Esperanza',10006,'Petrolera',9733.71,'Alimento',3);
INSERT INTO Proveedor(IDPersona,Nombre,ApellidoPaterno,ApellidoMaterno,Nacimiento,RFC,Genero,InicioContrato,FinContrato,NumInt,NumExt,Calle,Colonia,CodigoPostal,Estado,Costo,Producto,Frecuencia) VALUES (61,'HASEL','PRUDENCIANO','MASTRANZO','1981-07-23','PRMH810723','F','2002-03-26','2018-10-16',73,111,'Eje 4 Sur Tehuantepec','Ignacio Allende',5578,'Granjas Estrella',13124.29,'Alimento',2);
INSERT INTO Proveedor(IDPersona,Nombre,ApellidoPaterno,ApellidoMaterno,Nacimiento,RFC,Genero,InicioContrato,FinContrato,NumInt,NumExt,Calle,Colonia,CodigoPostal,Estado,Costo,Producto,Frecuencia) VALUES (62,'LORETTA','UCO','ESCARREGA','1977-01-13','UCEL770113','M','2000-07-03','2015-11-09',11,117,'Av. Vasco de Quiroga','Azteca',4666,'Plazuela Del Pedregal',11285.8,'Medicina',1);
INSERT INTO Proveedor(IDPersona,Nombre,ApellidoPaterno,ApellidoMaterno,Nacimiento,RFC,Genero,InicioContrato,FinContrato,NumInt,NumExt,Calle,Colonia,CodigoPostal,Estado,Costo,Producto,Frecuencia) VALUES (63,'JOSHIMAR','GARRAFA','RUIZ','1982-12-12','GARJ821212','M','2001-12-26','2012-11-10',7,49,'Calzada Gral. Ignacio Zaragoza','La Concepcion (Barr)',1796,'El Prado',9566.6,'Medicina',3);
INSERT INTO Proveedor(IDPersona,Nombre,ApellidoPaterno,ApellidoMaterno,Nacimiento,RFC,Genero,InicioContrato,FinContrato,NumInt,NumExt,Calle,Colonia,CodigoPostal,Estado,Costo,Producto,Frecuencia) VALUES (64,'IKEER','MONTEJANO','COSTA','1966-12-25','MOCI661225','M','2009-04-09','2013-12-21',60,23,'Eje 10 Sur Av. Copilco','Petrolera Taxqueña',9713,'Pedregal De Sto Domingo Viii',8606.9,'Alimento',3);
INSERT INTO Proveedor(IDPersona,Nombre,ApellidoPaterno,ApellidoMaterno,Nacimiento,RFC,Genero,InicioContrato,FinContrato,NumInt,NumExt,Calle,Colonia,CodigoPostal,Estado,Costo,Producto,Frecuencia) VALUES (65,'BARUCK','MONTOR','NAHUACATL','2004-09-14','MONB040914','M','2001-04-08','2018-08-27',29,74,'Av. Aquiles Serdan','Country Club',4690,'Angel Zimbron',15120.95,'Alimento',3);
INSERT INTO Proveedor(IDPersona,Nombre,ApellidoPaterno,ApellidoMaterno,Nacimiento,RFC,Genero,InicioContrato,FinContrato,NumInt,NumExt,Calle,Colonia,CodigoPostal,Estado,Costo,Producto,Frecuencia) VALUES (66,'FRANCO','LARGO','CEFERINO','1991-01-03','LACF910103','F','2001-04-01','2013-07-10',51,50,'Eje 5 Sur Av. de las Torres','Popo (Ampl)',8603,'La Habana',14704.79,'Alimento',3);
INSERT INTO Proveedor(IDPersona,Nombre,ApellidoPaterno,ApellidoMaterno,Nacimiento,RFC,Genero,InicioContrato,FinContrato,NumInt,NumExt,Calle,Colonia,CodigoPostal,Estado,Costo,Producto,Frecuencia) VALUES (67,'LARA','PERDOMO','MARINES','1996-11-29','PEML961129','M','2000-12-26','2017-08-07',31,117,'Anillo Periferico Acueducto de Tenayuca','Barrio Oxtopulco Universidad',15991,'El Pocito',12297.78,'Alimento',1);
INSERT INTO Proveedor(IDPersona,Nombre,ApellidoPaterno,ApellidoMaterno,Nacimiento,RFC,Genero,InicioContrato,FinContrato,NumInt,NumExt,Calle,Colonia,CodigoPostal,Estado,Costo,Producto,Frecuencia) VALUES (68,'JEROME','LOPES','MUÑIZ','1996-08-27','LOMJ960827','M','2000-04-23','2013-11-16',45,185,'Calzada Chivatito','6 De Junio',12671,'Cerro Grande',7291.87,'Alimento',3);
INSERT INTO Proveedor(IDPersona,Nombre,ApellidoPaterno,ApellidoMaterno,Nacimiento,RFC,Genero,InicioContrato,FinContrato,NumInt,NumExt,Calle,Colonia,CodigoPostal,Estado,Costo,Producto,Frecuencia) VALUES (69,'LAWRENCE','PASAYE','QUISTIANO','1995-05-20','PAQL950520','F','2003-02-16','2020-09-21',26,84,'Eje 3 Norte 16 de Septiembre','San Lorenzo Tezonco  (U Hab)',5646,'Anahuac Dos Lagos',14409.21,'Medicina',1);
INSERT INTO Proveedor(IDPersona,Nombre,ApellidoPaterno,ApellidoMaterno,Nacimiento,RFC,Genero,InicioContrato,FinContrato,NumInt,NumExt,Calle,Colonia,CodigoPostal,Estado,Costo,Producto,Frecuencia) VALUES (70,'SIGRID','ANSELMO','LUGARDO','1994-10-22','ANLS941022','M','2004-07-05','2017-07-09',12,139,'Circuito Interior Paseo de las Jacarandas','Lomas De Puerta Grande',9497,'Presidentes 1ra (Ampl)',9240.28,'Alimento',3);
INSERT INTO Proveedor(IDPersona,Nombre,ApellidoPaterno,ApellidoMaterno,Nacimiento,RFC,Genero,InicioContrato,FinContrato,NumInt,NumExt,Calle,Colonia,CodigoPostal,Estado,Costo,Producto,Frecuencia) VALUES (71,'JUVENTINO','TARIN','BURGOIN','1993-11-27','TABJ931127','M','2007-08-10','2020-04-11',120,181,'Mazatlan','Union Popular Emiliano Zapata (U Hab)',6030,'Tlatilco (U Hab)',12482.28,'Alimento',2);
INSERT INTO Proveedor(IDPersona,Nombre,ApellidoPaterno,ApellidoMaterno,Nacimiento,RFC,Genero,InicioContrato,FinContrato,NumInt,NumExt,Calle,Colonia,CodigoPostal,Estado,Costo,Producto,Frecuencia) VALUES (72,'DULCINEA','RON','MONTORES','1967-10-17','ROMD671017','M','2001-03-27','2013-10-04',19,9,'Eje 3 Oriente Francisco del Paso y Troncoso','Jardines Del Pedregal',10802,'Villa De Aragon (Fracc)',11638.29,'Medicina',3);
INSERT INTO Proveedor(IDPersona,Nombre,ApellidoPaterno,ApellidoMaterno,Nacimiento,RFC,Genero,InicioContrato,FinContrato,NumInt,NumExt,Calle,Colonia,CodigoPostal,Estado,Costo,Producto,Frecuencia) VALUES (73,'NICOOLE','LINAREZ','NUÑEZ','1972-07-17','LINN720717','M','2009-11-30','2017-12-14',76,109,'Calzada Mexico Tacuba','Villa Milpa Alta (Pblo)',12610,'Carlos Hank Gonzalez',7330.11,'Alimento',2);
INSERT INTO Proveedor(IDPersona,Nombre,ApellidoPaterno,ApellidoMaterno,Nacimiento,RFC,Genero,InicioContrato,FinContrato,NumInt,NumExt,Calle,Colonia,CodigoPostal,Estado,Costo,Producto,Frecuencia) VALUES (74,'NURITH','SICAIROS','SIQUEIROS','1981-01-21','SISN810121','F','2002-03-03','2013-03-31',74,29,'Viaducto Rio de la Piedad','Pemex Prados Del Rosario (U Hab)',6972,'Miguel Aleman',8099.68,'Medicina',2);
INSERT INTO Proveedor(IDPersona,Nombre,ApellidoPaterno,ApellidoMaterno,Nacimiento,RFC,Genero,InicioContrato,FinContrato,NumInt,NumExt,Calle,Colonia,CodigoPostal,Estado,Costo,Producto,Frecuencia) VALUES (75,'ENNA','TECO','DE LA PARRA','1985-11-30','TEDE851130','F','2010-01-18','2010-12-21',82,18,'Eje 5 Norte Lic. Andres Henestrosa','Abraham Gonzalez',11307,'Ctm Ix Culhuacan Zona 29-30 (U Hab)',11528.6,'Alimento',3);
INSERT INTO Proveedor(IDPersona,Nombre,ApellidoPaterno,ApellidoMaterno,Nacimiento,RFC,Genero,InicioContrato,FinContrato,NumInt,NumExt,Calle,Colonia,CodigoPostal,Estado,Costo,Producto,Frecuencia) VALUES (76,'KATARA','BLAKE','GUERECA','1963-07-23','BLGK630723','F','2007-10-14','2017-07-13',62,132,'Av. Queretaro','Margarita M De Juarez',2539,'Chinampac De Juarez',6581.44,'Medicina',1);
INSERT INTO Proveedor(IDPersona,Nombre,ApellidoPaterno,ApellidoMaterno,Nacimiento,RFC,Genero,InicioContrato,FinContrato,NumInt,NumExt,Calle,Colonia,CodigoPostal,Estado,Costo,Producto,Frecuencia) VALUES (77,'SAORI','LUERA','LAU','1995-11-29','LULS951129','F','2001-09-28','2015-06-27',98,90,'Av. Acueducto de Guadalupe','Dos Rios',4918,'Emilio Portes Gil Pemex Picacho (U Hab)',14068.64,'Alimento',2);
INSERT INTO Proveedor(IDPersona,Nombre,ApellidoPaterno,ApellidoMaterno,Nacimiento,RFC,Genero,InicioContrato,FinContrato,NumInt,NumExt,Calle,Colonia,CodigoPostal,Estado,Costo,Producto,Frecuencia) VALUES (78,'ENYEL','BASTIDA','MENDIZABAL','1986-03-16','BAME860316','M','2008-09-12','2017-12-01',129,62,'5 de Mayo','Cerro Grande',2910,'Quetzalcoatl 3',8769.95,'Alimento',3);
INSERT INTO Proveedor(IDPersona,Nombre,ApellidoPaterno,ApellidoMaterno,Nacimiento,RFC,Genero,InicioContrato,FinContrato,NumInt,NumExt,Calle,Colonia,CodigoPostal,Estado,Costo,Producto,Frecuencia) VALUES (79,'CEDRIC','CANABAL','CARLOCK','1976-11-07','CACC761107','M','2006-10-06','2014-06-29',73,67,'Eje 3 Oriente Francisco del Paso y Troncoso','Sta Cruz Atoyac',3838,'Valentin Gomez Farias',5267.97,'Alimento',1);
INSERT INTO Proveedor(IDPersona,Nombre,ApellidoPaterno,ApellidoMaterno,Nacimiento,RFC,Genero,InicioContrato,FinContrato,NumInt,NumExt,Calle,Colonia,CodigoPostal,Estado,Costo,Producto,Frecuencia) VALUES (80,'YORLENI','DOÑU','ARCIQUE','1975-02-09','DOAY750209','F','2010-06-07','2018-04-25',83,186,'Eje 6 Norte 306','Zacahuitzco',6139,'Sn Juan  Tepeximilpa (Ampl)',12826.93,'Medicina',1);
INSERT INTO Proveedor(IDPersona,Nombre,ApellidoPaterno,ApellidoMaterno,Nacimiento,RFC,Genero,InicioContrato,FinContrato,NumInt,NumExt,Calle,Colonia,CodigoPostal,Estado,Costo,Producto,Frecuencia) VALUES (81,'YARETSI','FOSADO','BENITES','1967-03-28','FOBY670328','M','2010-07-30','2023-05-24',18,98,'Eje 2 Poniente Rio Tiber','Cuitlahuac 1 Y 2 (U Hab)',11544,'San Juan',9344.37,'Medicina',3);
INSERT INTO Proveedor(IDPersona,Nombre,ApellidoPaterno,ApellidoMaterno,Nacimiento,RFC,Genero,InicioContrato,FinContrato,NumInt,NumExt,Calle,Colonia,CodigoPostal,Estado,Costo,Producto,Frecuencia) VALUES (82,'JASER','MAGLAH','NIETO','1992-11-05','MANJ921105','M','2006-08-07','2015-03-29',49,150,'Eje 7 Sur Benvenuto Cellini','Industrial Puerto Aereo (Fracc)',15289,'Escuadron 201',13241.45,'Medicina',2);
INSERT INTO Proveedor(IDPersona,Nombre,ApellidoPaterno,ApellidoMaterno,Nacimiento,RFC,Genero,InicioContrato,FinContrato,NumInt,NumExt,Calle,Colonia,CodigoPostal,Estado,Costo,Producto,Frecuencia) VALUES (83,'JOSHUAN','PURATA','CHAVERO','1973-04-05','PUCJ730405','F','2005-11-11','2020-01-04',95,159,'Eje 5 Norte 5 de Febrero','San Francisco Apolocalco',5518,'Arturo Gamiz',8732.77,'Medicina',3);
INSERT INTO Proveedor(IDPersona,Nombre,ApellidoPaterno,ApellidoMaterno,Nacimiento,RFC,Genero,InicioContrato,FinContrato,NumInt,NumExt,Calle,Colonia,CodigoPostal,Estado,Costo,Producto,Frecuencia) VALUES (84,'IRVING','ARGAEZ','JARA','2000-02-26','ARJI000226','M','2004-07-21','2017-02-06',10,138,'Circuito Interior Av. Patriotismo','Ma Esther Zuno De Echeverria-Tlalpuente',9265,'Barrio Norte',5286.31,'Alimento',3);
INSERT INTO Proveedor(IDPersona,Nombre,ApellidoPaterno,ApellidoMaterno,Nacimiento,RFC,Genero,InicioContrato,FinContrato,NumInt,NumExt,Calle,Colonia,CodigoPostal,Estado,Costo,Producto,Frecuencia) VALUES (85,'ARIT','JACINTO','BALDOMERO','1987-05-25','JABA870525','F','2001-10-28','2023-06-05',112,101,'Paseo de la Reforma','Olivar De Los Padres',5349,'Atlamaya',5189.79,'Alimento',1);
INSERT INTO Proveedor(IDPersona,Nombre,ApellidoPaterno,ApellidoMaterno,Nacimiento,RFC,Genero,InicioContrato,FinContrato,NumInt,NumExt,Calle,Colonia,CodigoPostal,Estado,Costo,Producto,Frecuencia) VALUES (86,'JOEN','PITOL','WARD','1994-12-20','PIWJ941220','M','2000-11-16','2021-01-09',76,172,'Av. de las Civilizaciones','Emiliano Zapata',14462,'Villa Hermosa',15321.75,'Alimento',2);
INSERT INTO Proveedor(IDPersona,Nombre,ApellidoPaterno,ApellidoMaterno,Nacimiento,RFC,Genero,InicioContrato,FinContrato,NumInt,NumExt,Calle,Colonia,CodigoPostal,Estado,Costo,Producto,Frecuencia) VALUES (87,'ZELZIN','TABOADA','CHUNGA','2002-03-16','TACZ020316','M','2009-12-11','2016-04-17',72,6,'Eje 5 Norte Cantera','Romero Rubio',5145,'Zenon Delgado',6849.05,'Alimento',1);
INSERT INTO Proveedor(IDPersona,Nombre,ApellidoPaterno,ApellidoMaterno,Nacimiento,RFC,Genero,InicioContrato,FinContrato,NumInt,NumExt,Calle,Colonia,CodigoPostal,Estado,Costo,Producto,Frecuencia) VALUES (88,'ASGARD','CASTAÑEDA','BLASS','1980-07-16','CABA800716','M','2000-10-03','2023-01-17',97,111,'Av. Vito Alessio Robles','Lomas De  Padierna',7637,'Mosco Chinampa',13878.11,'Medicina',1);
INSERT INTO Proveedor(IDPersona,Nombre,ApellidoPaterno,ApellidoMaterno,Nacimiento,RFC,Genero,InicioContrato,FinContrato,NumInt,NumExt,Calle,Colonia,CodigoPostal,Estado,Costo,Producto,Frecuencia) VALUES (89,'JAANAI','TECPANECATL','CALLADO','2001-03-03','TECJ010303','F','2002-09-25','2016-12-09',107,135,'Canal de Miramontes','La Cañada',8856,'Los Cerrillos',5958.47,'Alimento',1);
INSERT INTO Proveedor(IDPersona,Nombre,ApellidoPaterno,ApellidoMaterno,Nacimiento,RFC,Genero,InicioContrato,FinContrato,NumInt,NumExt,Calle,Colonia,CodigoPostal,Estado,Costo,Producto,Frecuencia) VALUES (90,'XQUENDA','LABRADOR','CARRIZAL','1966-01-03','LACX660103','F','2006-11-15','2023-05-11',126,62,'Eje 4 Sur Gobernador Agustin Vicente Eguia','Ignacio Zaragoza',15268,'Potrero De San Bernardino',14650.98,'Alimento',2);
INSERT INTO Proveedor(IDPersona,Nombre,ApellidoPaterno,ApellidoMaterno,Nacimiento,RFC,Genero,InicioContrato,FinContrato,NumInt,NumExt,Calle,Colonia,CodigoPostal,Estado,Costo,Producto,Frecuencia) VALUES (91,'XIMENNA','BELMONT','MONTALVAN','1995-01-12','BEMX950112','F','2009-02-21','2014-06-26',13,44,'Eje 3 Oriente Francisco del Paso y Troncoso','Potrero De San Bernardino',15308,'Nueva Diaz Ordaz',10332.31,'Medicina',1);
INSERT INTO Proveedor(IDPersona,Nombre,ApellidoPaterno,ApellidoMaterno,Nacimiento,RFC,Genero,InicioContrato,FinContrato,NumInt,NumExt,Calle,Colonia,CodigoPostal,Estado,Costo,Producto,Frecuencia) VALUES (92,'KALIL','ONTAMUCHA','ECHEGARAY','1998-04-05','ONEK980405','F','2003-11-04','2020-10-04',81,159,'Eje 1 Sur Dr. Rio de la Loza','Palmas',11897,'San Pedro (Barr)',11926.93,'Alimento',1);
INSERT INTO Proveedor(IDPersona,Nombre,ApellidoPaterno,ApellidoMaterno,Nacimiento,RFC,Genero,InicioContrato,FinContrato,NumInt,NumExt,Calle,Colonia,CodigoPostal,Estado,Costo,Producto,Frecuencia) VALUES (93,'ARETZY','VILLASEÑOR','SANTOSCOY','1965-04-11','VISA650411','M','2010-03-11','2011-04-22',65,141,'Boulevard Miguel de Cervantes Saavedra','Zapote-Luis Donaldo Colosio (U Habs)',1332,'La Huerta',8852.77,'Alimento',3);
INSERT INTO Proveedor(IDPersona,Nombre,ApellidoPaterno,ApellidoMaterno,Nacimiento,RFC,Genero,InicioContrato,FinContrato,NumInt,NumExt,Calle,Colonia,CodigoPostal,Estado,Costo,Producto,Frecuencia) VALUES (94,'ROSELINE','REYNOSA','STENNER','2003-01-21','RESR030121','M','2001-08-19','2015-08-11',4,178,'Eje 3 Norte Alfredo Robles Dominguez','Guadalupe (Barr)',14052,'Residencial Los Pinos (U Hab)',15897.39,'Alimento',1);
INSERT INTO Proveedor(IDPersona,Nombre,ApellidoPaterno,ApellidoMaterno,Nacimiento,RFC,Genero,InicioContrato,FinContrato,NumInt,NumExt,Calle,Colonia,CodigoPostal,Estado,Costo,Producto,Frecuencia) VALUES (95,'JENNY','POPOCATL','SANTISTEBAN','2001-03-24','POSJ010324','F','2004-05-27','2021-12-04',76,100,'Eje 7 Sur Municipio Libre','Tepepan (Ampl)',6447,'El Molinito',15152.84,'Alimento',2);
INSERT INTO Proveedor(IDPersona,Nombre,ApellidoPaterno,ApellidoMaterno,Nacimiento,RFC,Genero,InicioContrato,FinContrato,NumInt,NumExt,Calle,Colonia,CodigoPostal,Estado,Costo,Producto,Frecuencia) VALUES (96,'JASON','BACAB','PUCH','2002-03-31','BAPJ020331','M','2007-02-11','2023-02-28',36,55,'Av. Rio San Joaquin','Minas De Cristo',1976,'Lomas De San Angel Inn',9336.15,'Medicina',2);
INSERT INTO Proveedor(IDPersona,Nombre,ApellidoPaterno,ApellidoMaterno,Nacimiento,RFC,Genero,InicioContrato,FinContrato,NumInt,NumExt,Calle,Colonia,CodigoPostal,Estado,Costo,Producto,Frecuencia) VALUES (97,'PAOLINA','JURADO','CUAMANI','2004-10-05','JUCP041005','M','2009-04-29','2022-11-25',98,5,'Plaza de la Constitucion','Los Cedros (Fracc)',7736,'Centro Urbano Tlalpan (U Hab)',5296.85,'Alimento',3);
INSERT INTO Proveedor(IDPersona,Nombre,ApellidoPaterno,ApellidoMaterno,Nacimiento,RFC,Genero,InicioContrato,FinContrato,NumInt,NumExt,Calle,Colonia,CodigoPostal,Estado,Costo,Producto,Frecuencia) VALUES (98,'ITAN','BARCENA','ALMEDA','1963-09-10','BAAI630910','M','2006-10-13','2020-07-13',32,63,'Av. Estanislao Ramirez Ruiz','El Toro',1677,'Pedregal De San Angel (Ampl)',11011.15,'Medicina',2);
INSERT INTO Proveedor(IDPersona,Nombre,ApellidoPaterno,ApellidoMaterno,Nacimiento,RFC,Genero,InicioContrato,FinContrato,NumInt,NumExt,Calle,Colonia,CodigoPostal,Estado,Costo,Producto,Frecuencia) VALUES (99,'CARIDAD','CARRO','COELLO','1989-07-19','CACC890719','F','2005-10-23','2011-08-27',125,195,'Eje 2 Sur Av. Alvaro Obregon','El Parque',15625,'Francisco Villa (Ejercito Constitucionalista)',8914.03,'Alimento',1);
INSERT INTO Proveedor(IDPersona,Nombre,ApellidoPaterno,ApellidoMaterno,Nacimiento,RFC,Genero,InicioContrato,FinContrato,NumInt,NumExt,Calle,Colonia,CodigoPostal,Estado,Costo,Producto,Frecuencia) VALUES (100,'XALLI','CENTENO','AYAR','1988-09-13','CEAX880913','M','2004-12-12','2017-05-26',124,45,'Av. Tezozomoc','El Rosario',9835,'La Malinche',15499.26,'Alimento',1);

INSERT INTO CorreoProveedor(IDPersona,Correo) VALUES (1,'tcorryer0@nbcnews.com');
INSERT INTO CorreoProveedor(IDPersona,Correo) VALUES (2,'mfrarey1@omniture.com');
INSERT INTO CorreoProveedor(IDPersona,Correo) VALUES (3,'mlonie2@so-net.ne.jp');
INSERT INTO CorreoProveedor(IDPersona,Correo) VALUES (4,'cpapaminas3@princeton.edu');
INSERT INTO CorreoProveedor(IDPersona,Correo) VALUES (5,'ljackling4@washington.edu');
INSERT INTO CorreoProveedor(IDPersona,Correo) VALUES (6,'odottrell5@flickr.com');
INSERT INTO CorreoProveedor(IDPersona,Correo) VALUES (7,'vmasedon6@oaic.gov.au');
INSERT INTO CorreoProveedor(IDPersona,Correo) VALUES (8,'mstirland7@ifeng.com');
INSERT INTO CorreoProveedor(IDPersona,Correo) VALUES (9,'kgribben8@comsenz.com');
INSERT INTO CorreoProveedor(IDPersona,Correo) VALUES (10,'shuntall9@admin.ch');
INSERT INTO CorreoProveedor(IDPersona,Correo) VALUES (11,'lmacphaila@ox.ac.uk');
INSERT INTO CorreoProveedor(IDPersona,Correo) VALUES (12,'wgainforthb@huffingtonpost.com');
INSERT INTO CorreoProveedor(IDPersona,Correo) VALUES (13,'tshimonc@nps.gov');
INSERT INTO CorreoProveedor(IDPersona,Correo) VALUES (14,'egreendaled@thetimes.co.uk');
INSERT INTO CorreoProveedor(IDPersona,Correo) VALUES (15,'padamsone@apache.org');
INSERT INTO CorreoProveedor(IDPersona,Correo) VALUES (16,'tplayhillf@google.com.hk');
INSERT INTO CorreoProveedor(IDPersona,Correo) VALUES (17,'fosiring@forbes.com');
INSERT INTO CorreoProveedor(IDPersona,Correo) VALUES (18,'kdunbletonh@wix.com');
INSERT INTO CorreoProveedor(IDPersona,Correo) VALUES (19,'soharei@eventbrite.com');
INSERT INTO CorreoProveedor(IDPersona,Correo) VALUES (20,'talyukinj@addthis.com');
INSERT INTO CorreoProveedor(IDPersona,Correo) VALUES (21,'cferneleyk@pbs.org');
INSERT INTO CorreoProveedor(IDPersona,Correo) VALUES (22,'jzupol@edublogs.org');
INSERT INTO CorreoProveedor(IDPersona,Correo) VALUES (23,'tanfossim@yellowpages.com');
INSERT INTO CorreoProveedor(IDPersona,Correo) VALUES (24,'mparelln@patch.com');
INSERT INTO CorreoProveedor(IDPersona,Correo) VALUES (25,'mivanshintsevo@prweb.com');
INSERT INTO CorreoProveedor(IDPersona,Correo) VALUES (26,'ubewp@squidoo.com');
INSERT INTO CorreoProveedor(IDPersona,Correo) VALUES (27,'mvlasyevq@omniture.com');
INSERT INTO CorreoProveedor(IDPersona,Correo) VALUES (28,'fissettr@163.com');
INSERT INTO CorreoProveedor(IDPersona,Correo) VALUES (29,'culyets@fc2.com');
INSERT INTO CorreoProveedor(IDPersona,Correo) VALUES (30,'ehawsbyt@irs.gov');
INSERT INTO CorreoProveedor(IDPersona,Correo) VALUES (31,'sisaacsu@pagesperso-orange.fr');
INSERT INTO CorreoProveedor(IDPersona,Correo) VALUES (32,'ksulterv@ning.com');
INSERT INTO CorreoProveedor(IDPersona,Correo) VALUES (33,'fpictonw@addthis.com');
INSERT INTO CorreoProveedor(IDPersona,Correo) VALUES (34,'aokinedyx@sohu.com');
INSERT INTO CorreoProveedor(IDPersona,Correo) VALUES (35,'jlimery@house.gov');
INSERT INTO CorreoProveedor(IDPersona,Correo) VALUES (36,'narnowiczz@discovery.com');
INSERT INTO CorreoProveedor(IDPersona,Correo) VALUES (37,'jchapelle10@nasa.gov');
INSERT INTO CorreoProveedor(IDPersona,Correo) VALUES (38,'mvelareal11@dropbox.com');
INSERT INTO CorreoProveedor(IDPersona,Correo) VALUES (39,'markcoll12@symantec.com');
INSERT INTO CorreoProveedor(IDPersona,Correo) VALUES (40,'sliggins13@purevolume.com');
INSERT INTO CorreoProveedor(IDPersona,Correo) VALUES (41,'ddelascy14@acquirethisname.com');
INSERT INTO CorreoProveedor(IDPersona,Correo) VALUES (42,'smcenery15@businessweek.com');
INSERT INTO CorreoProveedor(IDPersona,Correo) VALUES (43,'ddavidovsky16@state.tx.us');
INSERT INTO CorreoProveedor(IDPersona,Correo) VALUES (44,'crodell17@newsvine.com');
INSERT INTO CorreoProveedor(IDPersona,Correo) VALUES (45,'rstanmore18@uol.com.br');
INSERT INTO CorreoProveedor(IDPersona,Correo) VALUES (46,'arappoport19@vinaora.com');
INSERT INTO CorreoProveedor(IDPersona,Correo) VALUES (47,'mkyncl1a@sohu.com');
INSERT INTO CorreoProveedor(IDPersona,Correo) VALUES (48,'afarman1b@smugmug.com');
INSERT INTO CorreoProveedor(IDPersona,Correo) VALUES (49,'tlascell1c@quantcast.com');
INSERT INTO CorreoProveedor(IDPersona,Correo) VALUES (50,'aheustace1d@youku.com');
INSERT INTO CorreoProveedor(IDPersona,Correo) VALUES (51,'pwilcox1e@cloudflare.com');
INSERT INTO CorreoProveedor(IDPersona,Correo) VALUES (52,'hjasik1f@ucoz.ru');
INSERT INTO CorreoProveedor(IDPersona,Correo) VALUES (53,'mhallen1g@wikispaces.com');
INSERT INTO CorreoProveedor(IDPersona,Correo) VALUES (54,'ljankovsky1h@illinois.edu');
INSERT INTO CorreoProveedor(IDPersona,Correo) VALUES (55,'bsloper1i@sina.com.cn');
INSERT INTO CorreoProveedor(IDPersona,Correo) VALUES (56,'jroberti1j@posterous.com');
INSERT INTO CorreoProveedor(IDPersona,Correo) VALUES (57,'ecobbin1k@nymag.com');
INSERT INTO CorreoProveedor(IDPersona,Correo) VALUES (58,'asplaven1l@nbcnews.com');
INSERT INTO CorreoProveedor(IDPersona,Correo) VALUES (59,'bstorror1m@edublogs.org');
INSERT INTO CorreoProveedor(IDPersona,Correo) VALUES (60,'swindas1n@fastcompany.com');
INSERT INTO CorreoProveedor(IDPersona,Correo) VALUES (61,'nhacaud1o@weebly.com');
INSERT INTO CorreoProveedor(IDPersona,Correo) VALUES (62,'tspehr1p@bloomberg.com');
INSERT INTO CorreoProveedor(IDPersona,Correo) VALUES (63,'gclemente1q@youtube.com');
INSERT INTO CorreoProveedor(IDPersona,Correo) VALUES (64,'ccotgrave1r@vistaprint.com');
INSERT INTO CorreoProveedor(IDPersona,Correo) VALUES (65,'emountford1s@umich.edu');
INSERT INTO CorreoProveedor(IDPersona,Correo) VALUES (66,'mkordovani1t@slate.com');
INSERT INTO CorreoProveedor(IDPersona,Correo) VALUES (67,'sblenkinship1u@livejournal.com');
INSERT INTO CorreoProveedor(IDPersona,Correo) VALUES (68,'egladwell1v@ucsd.edu');
INSERT INTO CorreoProveedor(IDPersona,Correo) VALUES (69,'lmaccarter1w@hibu.com');
INSERT INTO CorreoProveedor(IDPersona,Correo) VALUES (70,'lpostgate1x@yellowbook.com');
INSERT INTO CorreoProveedor(IDPersona,Correo) VALUES (71,'esmedmoor1y@nps.gov');
INSERT INTO CorreoProveedor(IDPersona,Correo) VALUES (72,'nmadle1z@psu.edu');
INSERT INTO CorreoProveedor(IDPersona,Correo) VALUES (73,'npantecost20@desdev.cn');
INSERT INTO CorreoProveedor(IDPersona,Correo) VALUES (74,'mhamnet21@cbslocal.com');
INSERT INTO CorreoProveedor(IDPersona,Correo) VALUES (75,'kblunsden22@soundcloud.com');
INSERT INTO CorreoProveedor(IDPersona,Correo) VALUES (76,'hsage23@altervista.org');
INSERT INTO CorreoProveedor(IDPersona,Correo) VALUES (77,'ncuttle24@jimdo.com');
INSERT INTO CorreoProveedor(IDPersona,Correo) VALUES (78,'dharbar25@sohu.com');
INSERT INTO CorreoProveedor(IDPersona,Correo) VALUES (79,'lpechet26@sogou.com');
INSERT INTO CorreoProveedor(IDPersona,Correo) VALUES (80,'jmaccauley27@europa.eu');
INSERT INTO CorreoProveedor(IDPersona,Correo) VALUES (81,'mkmiec28@fda.gov');
INSERT INTO CorreoProveedor(IDPersona,Correo) VALUES (82,'wcreber29@oaic.gov.au');
INSERT INTO CorreoProveedor(IDPersona,Correo) VALUES (83,'kpoppleston2a@gnu.org');
INSERT INTO CorreoProveedor(IDPersona,Correo) VALUES (84,'hwooderson2b@nps.gov');
INSERT INTO CorreoProveedor(IDPersona,Correo) VALUES (85,'ndibbert2c@istockphoto.com');
INSERT INTO CorreoProveedor(IDPersona,Correo) VALUES (86,'lgraundisson2d@liveinternet.ru');
INSERT INTO CorreoProveedor(IDPersona,Correo) VALUES (87,'pridolfo2e@cyberchimps.com');
INSERT INTO CorreoProveedor(IDPersona,Correo) VALUES (88,'fabbatucci2f@homestead.com');
INSERT INTO CorreoProveedor(IDPersona,Correo) VALUES (89,'thryniewicki2g@yale.edu');
INSERT INTO CorreoProveedor(IDPersona,Correo) VALUES (90,'cferby2h@comcast.net');
INSERT INTO CorreoProveedor(IDPersona,Correo) VALUES (91,'bstaddom2i@amazon.com');
INSERT INTO CorreoProveedor(IDPersona,Correo) VALUES (92,'bmadsen2j@walmart.com');
INSERT INTO CorreoProveedor(IDPersona,Correo) VALUES (93,'pkiellor2k@friendfeed.com');
INSERT INTO CorreoProveedor(IDPersona,Correo) VALUES (94,'rmulholland2l@macromedia.com');
INSERT INTO CorreoProveedor(IDPersona,Correo) VALUES (95,'epotkin2m@seesaa.net');
INSERT INTO CorreoProveedor(IDPersona,Correo) VALUES (96,'mweldrake2n@cocolog-nifty.com');
INSERT INTO CorreoProveedor(IDPersona,Correo) VALUES (97,'chutcheon2o@illinois.edu');
INSERT INTO CorreoProveedor(IDPersona,Correo) VALUES (98,'cdangelo2p@ameblo.jp');
INSERT INTO CorreoProveedor(IDPersona,Correo) VALUES (99,'memerine2q@stumbleupon.com');
INSERT INTO CorreoProveedor(IDPersona,Correo) VALUES (100,'cbartolommeo2r@github.com');

INSERT INTO TelefonoProveedor(IDPersona,Telefono) VALUES (1,5502359245);
INSERT INTO TelefonoProveedor(IDPersona,Telefono) VALUES (2,5592167926);
INSERT INTO TelefonoProveedor(IDPersona,Telefono) VALUES (3,5571891408);
INSERT INTO TelefonoProveedor(IDPersona,Telefono) VALUES (4,5565668100);
INSERT INTO TelefonoProveedor(IDPersona,Telefono) VALUES (5,5523700651);
INSERT INTO TelefonoProveedor(IDPersona,Telefono) VALUES (6,5554293282);
INSERT INTO TelefonoProveedor(IDPersona,Telefono) VALUES (7,5572491759);
INSERT INTO TelefonoProveedor(IDPersona,Telefono) VALUES (8,5593876501);
INSERT INTO TelefonoProveedor(IDPersona,Telefono) VALUES (9,5561469928);
INSERT INTO TelefonoProveedor(IDPersona,Telefono) VALUES (10,5527432308);
INSERT INTO TelefonoProveedor(IDPersona,Telefono) VALUES (11,5505488516);
INSERT INTO TelefonoProveedor(IDPersona,Telefono) VALUES (12,5528305043);
INSERT INTO TelefonoProveedor(IDPersona,Telefono) VALUES (13,5546239404);
INSERT INTO TelefonoProveedor(IDPersona,Telefono) VALUES (14,5522387695);
INSERT INTO TelefonoProveedor(IDPersona,Telefono) VALUES (15,5548507192);
INSERT INTO TelefonoProveedor(IDPersona,Telefono) VALUES (16,5565818247);
INSERT INTO TelefonoProveedor(IDPersona,Telefono) VALUES (17,5587840978);
INSERT INTO TelefonoProveedor(IDPersona,Telefono) VALUES (18,5588241353);
INSERT INTO TelefonoProveedor(IDPersona,Telefono) VALUES (19,5532091361);
INSERT INTO TelefonoProveedor(IDPersona,Telefono) VALUES (20,5546972730);
INSERT INTO TelefonoProveedor(IDPersona,Telefono) VALUES (21,5505750653);
INSERT INTO TelefonoProveedor(IDPersona,Telefono) VALUES (22,5590816072);
INSERT INTO TelefonoProveedor(IDPersona,Telefono) VALUES (23,5507656781);
INSERT INTO TelefonoProveedor(IDPersona,Telefono) VALUES (24,5560610175);
INSERT INTO TelefonoProveedor(IDPersona,Telefono) VALUES (25,5502647946);
INSERT INTO TelefonoProveedor(IDPersona,Telefono) VALUES (26,5502650808);
INSERT INTO TelefonoProveedor(IDPersona,Telefono) VALUES (27,5513337299);
INSERT INTO TelefonoProveedor(IDPersona,Telefono) VALUES (28,5523104739);
INSERT INTO TelefonoProveedor(IDPersona,Telefono) VALUES (29,5579719610);
INSERT INTO TelefonoProveedor(IDPersona,Telefono) VALUES (30,5510202873);
INSERT INTO TelefonoProveedor(IDPersona,Telefono) VALUES (31,5572128439);
INSERT INTO TelefonoProveedor(IDPersona,Telefono) VALUES (32,5592259895);
INSERT INTO TelefonoProveedor(IDPersona,Telefono) VALUES (33,5570529088);
INSERT INTO TelefonoProveedor(IDPersona,Telefono) VALUES (34,5581948781);
INSERT INTO TelefonoProveedor(IDPersona,Telefono) VALUES (35,5555440951);
INSERT INTO TelefonoProveedor(IDPersona,Telefono) VALUES (36,5506899086);
INSERT INTO TelefonoProveedor(IDPersona,Telefono) VALUES (37,5566061508);
INSERT INTO TelefonoProveedor(IDPersona,Telefono) VALUES (38,5558428198);
INSERT INTO TelefonoProveedor(IDPersona,Telefono) VALUES (39,5524073177);
INSERT INTO TelefonoProveedor(IDPersona,Telefono) VALUES (40,5584566987);
INSERT INTO TelefonoProveedor(IDPersona,Telefono) VALUES (41,5579729841);
INSERT INTO TelefonoProveedor(IDPersona,Telefono) VALUES (42,5504059766);
INSERT INTO TelefonoProveedor(IDPersona,Telefono) VALUES (43,5544620725);
INSERT INTO TelefonoProveedor(IDPersona,Telefono) VALUES (44,5514632242);
INSERT INTO TelefonoProveedor(IDPersona,Telefono) VALUES (45,5508114610);
INSERT INTO TelefonoProveedor(IDPersona,Telefono) VALUES (46,5521051473);
INSERT INTO TelefonoProveedor(IDPersona,Telefono) VALUES (47,5546178486);
INSERT INTO TelefonoProveedor(IDPersona,Telefono) VALUES (48,5532797256);
INSERT INTO TelefonoProveedor(IDPersona,Telefono) VALUES (49,5519716331);
INSERT INTO TelefonoProveedor(IDPersona,Telefono) VALUES (50,5520527468);
INSERT INTO TelefonoProveedor(IDPersona,Telefono) VALUES (51,5586867955);
INSERT INTO TelefonoProveedor(IDPersona,Telefono) VALUES (52,5500417197);
INSERT INTO TelefonoProveedor(IDPersona,Telefono) VALUES (53,5561870569);
INSERT INTO TelefonoProveedor(IDPersona,Telefono) VALUES (54,5545105083);
INSERT INTO TelefonoProveedor(IDPersona,Telefono) VALUES (55,5562904072);
INSERT INTO TelefonoProveedor(IDPersona,Telefono) VALUES (56,5571095362);
INSERT INTO TelefonoProveedor(IDPersona,Telefono) VALUES (57,5597568961);
INSERT INTO TelefonoProveedor(IDPersona,Telefono) VALUES (58,5503623101);
INSERT INTO TelefonoProveedor(IDPersona,Telefono) VALUES (59,5502251887);
INSERT INTO TelefonoProveedor(IDPersona,Telefono) VALUES (60,5554539250);
INSERT INTO TelefonoProveedor(IDPersona,Telefono) VALUES (61,5527872802);
INSERT INTO TelefonoProveedor(IDPersona,Telefono) VALUES (62,5509713099);
INSERT INTO TelefonoProveedor(IDPersona,Telefono) VALUES (63,5597391714);
INSERT INTO TelefonoProveedor(IDPersona,Telefono) VALUES (64,5504983026);
INSERT INTO TelefonoProveedor(IDPersona,Telefono) VALUES (65,5583330375);
INSERT INTO TelefonoProveedor(IDPersona,Telefono) VALUES (66,5535761462);
INSERT INTO TelefonoProveedor(IDPersona,Telefono) VALUES (67,5502054983);
INSERT INTO TelefonoProveedor(IDPersona,Telefono) VALUES (68,5568258588);
INSERT INTO TelefonoProveedor(IDPersona,Telefono) VALUES (69,5587851938);
INSERT INTO TelefonoProveedor(IDPersona,Telefono) VALUES (70,5565097738);
INSERT INTO TelefonoProveedor(IDPersona,Telefono) VALUES (71,5507304117);
INSERT INTO TelefonoProveedor(IDPersona,Telefono) VALUES (72,5594690567);
INSERT INTO TelefonoProveedor(IDPersona,Telefono) VALUES (73,5565351404);
INSERT INTO TelefonoProveedor(IDPersona,Telefono) VALUES (74,5529011607);
INSERT INTO TelefonoProveedor(IDPersona,Telefono) VALUES (75,5542974920);
INSERT INTO TelefonoProveedor(IDPersona,Telefono) VALUES (76,5555790326);
INSERT INTO TelefonoProveedor(IDPersona,Telefono) VALUES (77,5554544060);
INSERT INTO TelefonoProveedor(IDPersona,Telefono) VALUES (78,5563593378);
INSERT INTO TelefonoProveedor(IDPersona,Telefono) VALUES (79,5525612070);
INSERT INTO TelefonoProveedor(IDPersona,Telefono) VALUES (80,5525187085);
INSERT INTO TelefonoProveedor(IDPersona,Telefono) VALUES (81,5523278876);
INSERT INTO TelefonoProveedor(IDPersona,Telefono) VALUES (82,5541831348);
INSERT INTO TelefonoProveedor(IDPersona,Telefono) VALUES (83,5566926505);
INSERT INTO TelefonoProveedor(IDPersona,Telefono) VALUES (84,5580562572);
INSERT INTO TelefonoProveedor(IDPersona,Telefono) VALUES (85,5556350132);
INSERT INTO TelefonoProveedor(IDPersona,Telefono) VALUES (86,5597567557);
INSERT INTO TelefonoProveedor(IDPersona,Telefono) VALUES (87,5543006365);
INSERT INTO TelefonoProveedor(IDPersona,Telefono) VALUES (88,5505352611);
INSERT INTO TelefonoProveedor(IDPersona,Telefono) VALUES (89,5525510247);
INSERT INTO TelefonoProveedor(IDPersona,Telefono) VALUES (90,5506813329);
INSERT INTO TelefonoProveedor(IDPersona,Telefono) VALUES (91,5514997143);
INSERT INTO TelefonoProveedor(IDPersona,Telefono) VALUES (92,5513857394);
INSERT INTO TelefonoProveedor(IDPersona,Telefono) VALUES (93,5574517641);
INSERT INTO TelefonoProveedor(IDPersona,Telefono) VALUES (94,5532739996);
INSERT INTO TelefonoProveedor(IDPersona,Telefono) VALUES (95,5568834548);
INSERT INTO TelefonoProveedor(IDPersona,Telefono) VALUES (96,5530042775);
INSERT INTO TelefonoProveedor(IDPersona,Telefono) VALUES (97,5582913123);
INSERT INTO TelefonoProveedor(IDPersona,Telefono) VALUES (98,5582570822);
INSERT INTO TelefonoProveedor(IDPersona,Telefono) VALUES (99,5597927910);
INSERT INTO TelefonoProveedor(IDPersona,Telefono) VALUES (100,5539262191);


INSERT INTO Bioma(IDBioma,Tipo) VALUES (1,'Desierto');
INSERT INTO Bioma(IDBioma,Tipo) VALUES (2,'Pastizales');
INSERT INTO Bioma(IDBioma,Tipo) VALUES (3,'Franja');
INSERT INTO Bioma(IDBioma,Tipo) VALUES (4,'Costera');
INSERT INTO Bioma(IDBioma,Tipo) VALUES (5,'Tundra');
INSERT INTO Bioma(IDBioma,Tipo) VALUES (6,'Aviario');
INSERT INTO Bioma(IDBioma,Tipo) VALUES (7,'Bosque templado');
INSERT INTO Bioma(IDBioma,Tipo) VALUES (8,'Bosque Tropical');


INSERT INTO Jaula(IDBioma,NumJaula) VALUES (1,1);
INSERT INTO Jaula(IDBioma,NumJaula) VALUES (8,2);
INSERT INTO Jaula(IDBioma,NumJaula) VALUES (4,3);
INSERT INTO Jaula(IDBioma,NumJaula) VALUES (3,4);
INSERT INTO Jaula(IDBioma,NumJaula) VALUES (8,5);
INSERT INTO Jaula(IDBioma,NumJaula) VALUES (5,6);
INSERT INTO Jaula(IDBioma,NumJaula) VALUES (5,7);
INSERT INTO Jaula(IDBioma,NumJaula) VALUES (4,8);
INSERT INTO Jaula(IDBioma,NumJaula) VALUES (8,9);
INSERT INTO Jaula(IDBioma,NumJaula) VALUES (3,10);
INSERT INTO Jaula(IDBioma,NumJaula) VALUES (5,11);
INSERT INTO Jaula(IDBioma,NumJaula) VALUES (2,12);
INSERT INTO Jaula(IDBioma,NumJaula) VALUES (8,13);
INSERT INTO Jaula(IDBioma,NumJaula) VALUES (4,14);
INSERT INTO Jaula(IDBioma,NumJaula) VALUES (6,15);
INSERT INTO Jaula(IDBioma,NumJaula) VALUES (7,16);
INSERT INTO Jaula(IDBioma,NumJaula) VALUES (4,17);
INSERT INTO Jaula(IDBioma,NumJaula) VALUES (3,18);
INSERT INTO Jaula(IDBioma,NumJaula) VALUES (6,19);
INSERT INTO Jaula(IDBioma,NumJaula) VALUES (6,20);
INSERT INTO Jaula(IDBioma,NumJaula) VALUES (1,21);
INSERT INTO Jaula(IDBioma,NumJaula) VALUES (6,22);
INSERT INTO Jaula(IDBioma,NumJaula) VALUES (3,23);
INSERT INTO Jaula(IDBioma,NumJaula) VALUES (5,24);
INSERT INTO Jaula(IDBioma,NumJaula) VALUES (6,25);
INSERT INTO Jaula(IDBioma,NumJaula) VALUES (6,26);
INSERT INTO Jaula(IDBioma,NumJaula) VALUES (5,27);
INSERT INTO Jaula(IDBioma,NumJaula) VALUES (8,28);
INSERT INTO Jaula(IDBioma,NumJaula) VALUES (1,29);
INSERT INTO Jaula(IDBioma,NumJaula) VALUES (7,30);
INSERT INTO Jaula(IDBioma,NumJaula) VALUES (6,31);
INSERT INTO Jaula(IDBioma,NumJaula) VALUES (7,32);
INSERT INTO Jaula(IDBioma,NumJaula) VALUES (1,33);
INSERT INTO Jaula(IDBioma,NumJaula) VALUES (4,34);
INSERT INTO Jaula(IDBioma,NumJaula) VALUES (5,35);
INSERT INTO Jaula(IDBioma,NumJaula) VALUES (5,36);
INSERT INTO Jaula(IDBioma,NumJaula) VALUES (5,37);
INSERT INTO Jaula(IDBioma,NumJaula) VALUES (7,38);
INSERT INTO Jaula(IDBioma,NumJaula) VALUES (3,39);
INSERT INTO Jaula(IDBioma,NumJaula) VALUES (4,40);
INSERT INTO Jaula(IDBioma,NumJaula) VALUES (2,41);
INSERT INTO Jaula(IDBioma,NumJaula) VALUES (6,42);
INSERT INTO Jaula(IDBioma,NumJaula) VALUES (6,43);
INSERT INTO Jaula(IDBioma,NumJaula) VALUES (2,44);
INSERT INTO Jaula(IDBioma,NumJaula) VALUES (4,45);
INSERT INTO Jaula(IDBioma,NumJaula) VALUES (6,46);
INSERT INTO Jaula(IDBioma,NumJaula) VALUES (3,47);
INSERT INTO Jaula(IDBioma,NumJaula) VALUES (2,48);
INSERT INTO Jaula(IDBioma,NumJaula) VALUES (3,49);
INSERT INTO Jaula(IDBioma,NumJaula) VALUES (6,50);
INSERT INTO Jaula(IDBioma,NumJaula) VALUES (7,51);
INSERT INTO Jaula(IDBioma,NumJaula) VALUES (8,52);
INSERT INTO Jaula(IDBioma,NumJaula) VALUES (4,53);
INSERT INTO Jaula(IDBioma,NumJaula) VALUES (6,54);
INSERT INTO Jaula(IDBioma,NumJaula) VALUES (2,55);
INSERT INTO Jaula(IDBioma,NumJaula) VALUES (5,56);
INSERT INTO Jaula(IDBioma,NumJaula) VALUES (7,57);
INSERT INTO Jaula(IDBioma,NumJaula) VALUES (1,58);
INSERT INTO Jaula(IDBioma,NumJaula) VALUES (2,59);
INSERT INTO Jaula(IDBioma,NumJaula) VALUES (7,60);
INSERT INTO Jaula(IDBioma,NumJaula) VALUES (7,61);
INSERT INTO Jaula(IDBioma,NumJaula) VALUES (2,62);
INSERT INTO Jaula(IDBioma,NumJaula) VALUES (5,63);
INSERT INTO Jaula(IDBioma,NumJaula) VALUES (5,64);
INSERT INTO Jaula(IDBioma,NumJaula) VALUES (5,65);
INSERT INTO Jaula(IDBioma,NumJaula) VALUES (8,66);
INSERT INTO Jaula(IDBioma,NumJaula) VALUES (4,67);
INSERT INTO Jaula(IDBioma,NumJaula) VALUES (7,68);
INSERT INTO Jaula(IDBioma,NumJaula) VALUES (2,69);
INSERT INTO Jaula(IDBioma,NumJaula) VALUES (2,70);
INSERT INTO Jaula(IDBioma,NumJaula) VALUES (8,71);
INSERT INTO Jaula(IDBioma,NumJaula) VALUES (5,72);
INSERT INTO Jaula(IDBioma,NumJaula) VALUES (3,73);
INSERT INTO Jaula(IDBioma,NumJaula) VALUES (2,74);
INSERT INTO Jaula(IDBioma,NumJaula) VALUES (4,75);
INSERT INTO Jaula(IDBioma,NumJaula) VALUES (5,76);
INSERT INTO Jaula(IDBioma,NumJaula) VALUES (7,77);
INSERT INTO Jaula(IDBioma,NumJaula) VALUES (4,78);
INSERT INTO Jaula(IDBioma,NumJaula) VALUES (7,79);
INSERT INTO Jaula(IDBioma,NumJaula) VALUES (2,80);
INSERT INTO Jaula(IDBioma,NumJaula) VALUES (7,81);
INSERT INTO Jaula(IDBioma,NumJaula) VALUES (8,82);
INSERT INTO Jaula(IDBioma,NumJaula) VALUES (6,83);
INSERT INTO Jaula(IDBioma,NumJaula) VALUES (2,84);
INSERT INTO Jaula(IDBioma,NumJaula) VALUES (6,85);
INSERT INTO Jaula(IDBioma,NumJaula) VALUES (8,86);
INSERT INTO Jaula(IDBioma,NumJaula) VALUES (6,87);
INSERT INTO Jaula(IDBioma,NumJaula) VALUES (1,88);
INSERT INTO Jaula(IDBioma,NumJaula) VALUES (5,89);
INSERT INTO Jaula(IDBioma,NumJaula) VALUES (1,90);
INSERT INTO Jaula(IDBioma,NumJaula) VALUES (4,91);
INSERT INTO Jaula(IDBioma,NumJaula) VALUES (2,92);
INSERT INTO Jaula(IDBioma,NumJaula) VALUES (4,93);
INSERT INTO Jaula(IDBioma,NumJaula) VALUES (6,94);
INSERT INTO Jaula(IDBioma,NumJaula) VALUES (3,95);
INSERT INTO Jaula(IDBioma,NumJaula) VALUES (4,96);
INSERT INTO Jaula(IDBioma,NumJaula) VALUES (5,97);
INSERT INTO Jaula(IDBioma,NumJaula) VALUES (1,98);
INSERT INTO Jaula(IDBioma,NumJaula) VALUES (4,99);
INSERT INTO Jaula(IDBioma,NumJaula) VALUES (6,100);


INSERT INTO Alimento(IDInsumo,Nombre,Caducidad,Cantidad,Refrigeracion,Tipo) VALUES (1,'ciervo','2024-08-13',38,'false','Verdura');
INSERT INTO Alimento(IDInsumo,Nombre,Caducidad,Cantidad,Refrigeracion,Tipo) VALUES (2,'gusanos de seda','2024-09-03',38,'false','Pescado');
INSERT INTO Alimento(IDInsumo,Nombre,Caducidad,Cantidad,Refrigeracion,Tipo) VALUES (3,'cerezas','2024-09-09',74,'true','Semilla');
INSERT INTO Alimento(IDInsumo,Nombre,Caducidad,Cantidad,Refrigeracion,Tipo) VALUES (4,'nabo daikon','2024-09-05',11,'false','Tuberculo');
INSERT INTO Alimento(IDInsumo,Nombre,Caducidad,Cantidad,Refrigeracion,Tipo) VALUES (5,'papa','2024-05-04',37,'false','Carne');
INSERT INTO Alimento(IDInsumo,Nombre,Caducidad,Cantidad,Refrigeracion,Tipo) VALUES (6,'gorgojos de palma','2024-10-11',51,'false','Verdura');
INSERT INTO Alimento(IDInsumo,Nombre,Caducidad,Cantidad,Refrigeracion,Tipo) VALUES (7,'pargo rojo del Pacífico','2024-04-11',95,'false','Carne');
INSERT INTO Alimento(IDInsumo,Nombre,Caducidad,Cantidad,Refrigeracion,Tipo) VALUES (8,'plátano','2024-09-08',80,'true','Tuberculo');
INSERT INTO Alimento(IDInsumo,Nombre,Caducidad,Cantidad,Refrigeracion,Tipo) VALUES (9,'linaza dorada','2023-11-08',77,'true','Tuberculo');
INSERT INTO Alimento(IDInsumo,Nombre,Caducidad,Cantidad,Refrigeracion,Tipo) VALUES (10,'calabaza del acantilado','2024-10-13',29,'false','Tuberculo');
INSERT INTO Alimento(IDInsumo,Nombre,Caducidad,Cantidad,Refrigeracion,Tipo) VALUES (11,'ciruela negra','2024-07-04',7,'false','Semilla');
INSERT INTO Alimento(IDInsumo,Nombre,Caducidad,Cantidad,Refrigeracion,Tipo) VALUES (12,'judía verde','2024-07-16',68,'false','Pescado');
INSERT INTO Alimento(IDInsumo,Nombre,Caducidad,Cantidad,Refrigeracion,Tipo) VALUES (13,'pavo','2024-09-14',71,'true','Fruta');
INSERT INTO Alimento(IDInsumo,Nombre,Caducidad,Cantidad,Refrigeracion,Tipo) VALUES (14,'gallina de Cornualles','2024-05-31',39,'false','Tuberculo');
INSERT INTO Alimento(IDInsumo,Nombre,Caducidad,Cantidad,Refrigeracion,Tipo) VALUES (15,'berro de agua','2024-04-24',3,'true','Fruta');
INSERT INTO Alimento(IDInsumo,Nombre,Caducidad,Cantidad,Refrigeracion,Tipo) VALUES (16,'calabaza de bellota','2024-10-16',3,'false','Insecto');
INSERT INTO Alimento(IDInsumo,Nombre,Caducidad,Cantidad,Refrigeracion,Tipo) VALUES (17,'durazno amarillo','2023-11-02',3,'false','Insecto');
INSERT INTO Alimento(IDInsumo,Nombre,Caducidad,Cantidad,Refrigeracion,Tipo) VALUES (18,'frambuesa','2023-11-17',65,'true','Carne');
INSERT INTO Alimento(IDInsumo,Nombre,Caducidad,Cantidad,Refrigeracion,Tipo) VALUES (19,'larvas de langosta','2023-12-31',36,'false','Insecto');
INSERT INTO Alimento(IDInsumo,Nombre,Caducidad,Cantidad,Refrigeracion,Tipo) VALUES (20,'zanahoria morada','2024-04-08',25,'true','Pescado');
INSERT INTO Alimento(IDInsumo,Nombre,Caducidad,Cantidad,Refrigeracion,Tipo) VALUES (21,'calabacín','2024-10-19',57,'false','Fruta');
INSERT INTO Alimento(IDInsumo,Nombre,Caducidad,Cantidad,Refrigeracion,Tipo) VALUES (22,'rábano daikon','2024-07-13',10,'true','Lacteo');
INSERT INTO Alimento(IDInsumo,Nombre,Caducidad,Cantidad,Refrigeracion,Tipo) VALUES (23,'dorada rayada del Atlántico','2024-05-03',66,'false','Tuberculo');
INSERT INTO Alimento(IDInsumo,Nombre,Caducidad,Cantidad,Refrigeracion,Tipo) VALUES (24,'pollo de Cornualles gigante','2023-11-23',72,'true','Carne');
INSERT INTO Alimento(IDInsumo,Nombre,Caducidad,Cantidad,Refrigeracion,Tipo) VALUES (25,'ciruela roja japonesa','2024-10-08',27,'true','Semilla');
INSERT INTO Alimento(IDInsumo,Nombre,Caducidad,Cantidad,Refrigeracion,Tipo) VALUES (26,'soja','2024-08-10',33,'false','Lacteo');
INSERT INTO Alimento(IDInsumo,Nombre,Caducidad,Cantidad,Refrigeracion,Tipo) VALUES (27,'ciruela santa rosa','2024-07-30',35,'false','Tuberculo');
INSERT INTO Alimento(IDInsumo,Nombre,Caducidad,Cantidad,Refrigeracion,Tipo) VALUES (28,'kiwi','2023-12-14',26,'true','Pescado');
INSERT INTO Alimento(IDInsumo,Nombre,Caducidad,Cantidad,Refrigeracion,Tipo) VALUES (29,'calabaza espagueti','2024-08-02',90,'false','Carne');
INSERT INTO Alimento(IDInsumo,Nombre,Caducidad,Cantidad,Refrigeracion,Tipo) VALUES (30,'larvas de abeja de miel','2024-01-31',80,'false','Carne');
INSERT INTO Alimento(IDInsumo,Nombre,Caducidad,Cantidad,Refrigeracion,Tipo) VALUES (31,'ciruela italiana','2024-10-05',6,'true','Tuberculo');
INSERT INTO Alimento(IDInsumo,Nombre,Caducidad,Cantidad,Refrigeracion,Tipo) VALUES (32,'cordero','2024-05-25',67,'false','Carne');
INSERT INTO Alimento(IDInsumo,Nombre,Caducidad,Cantidad,Refrigeracion,Tipo) VALUES (33,'rábano chino','2023-11-17',93,'true','Carne');
INSERT INTO Alimento(IDInsumo,Nombre,Caducidad,Cantidad,Refrigeracion,Tipo) VALUES (34,'berro de agua','2024-10-19',100,'true','Verdura');
INSERT INTO Alimento(IDInsumo,Nombre,Caducidad,Cantidad,Refrigeracion,Tipo) VALUES (35,'ganso del Canadá','2024-09-20',15,'false','Tuberculo');
INSERT INTO Alimento(IDInsumo,Nombre,Caducidad,Cantidad,Refrigeracion,Tipo) VALUES (36,'pimiento','2023-11-18',50,'true','Tuberculo');
INSERT INTO Alimento(IDInsumo,Nombre,Caducidad,Cantidad,Refrigeracion,Tipo) VALUES (37,'sésamo negro','2024-09-20',74,'false','Fruta');
INSERT INTO Alimento(IDInsumo,Nombre,Caducidad,Cantidad,Refrigeracion,Tipo) VALUES (38,'linaza dorada','2023-11-30',34,'true','Carne');
INSERT INTO Alimento(IDInsumo,Nombre,Caducidad,Cantidad,Refrigeracion,Tipo) VALUES (39,'ciruela pasa','2023-12-23',26,'false','Lacteo');
INSERT INTO Alimento(IDInsumo,Nombre,Caducidad,Cantidad,Refrigeracion,Tipo) VALUES (40,'larvas de polilla de la seda','2024-01-03',20,'true','Fruta');
INSERT INTO Alimento(IDInsumo,Nombre,Caducidad,Cantidad,Refrigeracion,Tipo) VALUES (41,'nabo sueco','2024-01-23',30,'true','Semilla');
INSERT INTO Alimento(IDInsumo,Nombre,Caducidad,Cantidad,Refrigeracion,Tipo) VALUES (42,'lubina','2024-02-29',35,'false','Carne');
INSERT INTO Alimento(IDInsumo,Nombre,Caducidad,Cantidad,Refrigeracion,Tipo) VALUES (43,'ciruela roja japonesa','2023-12-08',40,'true','Fruta');
INSERT INTO Alimento(IDInsumo,Nombre,Caducidad,Cantidad,Refrigeracion,Tipo) VALUES (44,'nabo largo','2024-03-06',13,'false','Carne');
INSERT INTO Alimento(IDInsumo,Nombre,Caducidad,Cantidad,Refrigeracion,Tipo) VALUES (45,'pato de Pekín','2024-05-19',84,'true','Verdura');
INSERT INTO Alimento(IDInsumo,Nombre,Caducidad,Cantidad,Refrigeracion,Tipo) VALUES (46,'pargo dentón','2023-11-14',30,'false','Pescado');
INSERT INTO Alimento(IDInsumo,Nombre,Caducidad,Cantidad,Refrigeracion,Tipo) VALUES (47,'mújol del Atlántico','2024-10-23',53,'false','Semilla');
INSERT INTO Alimento(IDInsumo,Nombre,Caducidad,Cantidad,Refrigeracion,Tipo) VALUES (48,'nabo daikon','2024-01-12',59,'true','Insecto');
INSERT INTO Alimento(IDInsumo,Nombre,Caducidad,Cantidad,Refrigeracion,Tipo) VALUES (49,'pollo','2024-03-23',98,'false','Pescado');
INSERT INTO Alimento(IDInsumo,Nombre,Caducidad,Cantidad,Refrigeracion,Tipo) VALUES (50,'mazorca de maíz','2023-12-04',35,'false','Semilla');
INSERT INTO Alimento(IDInsumo,Nombre,Caducidad,Cantidad,Refrigeracion,Tipo) VALUES (51,'cordero','2024-09-09',63,'true','Insecto');
INSERT INTO Alimento(IDInsumo,Nombre,Caducidad,Cantidad,Refrigeracion,Tipo) VALUES (52,'durazno amarillo','2024-06-21',26,'false','Carne');
INSERT INTO Alimento(IDInsumo,Nombre,Caducidad,Cantidad,Refrigeracion,Tipo) VALUES (53,'garza blanca grande','2023-12-16',37,'false','Verdura');
INSERT INTO Alimento(IDInsumo,Nombre,Caducidad,Cantidad,Refrigeracion,Tipo) VALUES (54,'rábano','2024-04-13',25,'true','Pescado');
INSERT INTO Alimento(IDInsumo,Nombre,Caducidad,Cantidad,Refrigeracion,Tipo) VALUES (55,'rábano','2024-03-01',3,'false','Carne');
INSERT INTO Alimento(IDInsumo,Nombre,Caducidad,Cantidad,Refrigeracion,Tipo) VALUES (56,'pimiento verde','2024-08-05',50,'false','Tuberculo');
INSERT INTO Alimento(IDInsumo,Nombre,Caducidad,Cantidad,Refrigeracion,Tipo) VALUES (57,'lentejas','2023-12-20',100,'false','Carne');
INSERT INTO Alimento(IDInsumo,Nombre,Caducidad,Cantidad,Refrigeracion,Tipo) VALUES (58,'chía','2024-02-09',89,'false','Insecto');
INSERT INTO Alimento(IDInsumo,Nombre,Caducidad,Cantidad,Refrigeracion,Tipo) VALUES (59,'pavo Bourbon Red','2024-06-14',61,'true','Fruta');
INSERT INTO Alimento(IDInsumo,Nombre,Caducidad,Cantidad,Refrigeracion,Tipo) VALUES (60,'calabaza','2024-03-22',17,'true','Pescado');
INSERT INTO Alimento(IDInsumo,Nombre,Caducidad,Cantidad,Refrigeracion,Tipo) VALUES (61,'larvas de escarabajo de la harina','2023-11-23',88,'false','Semilla');
INSERT INTO Alimento(IDInsumo,Nombre,Caducidad,Cantidad,Refrigeracion,Tipo) VALUES (62,'saltamontes','2024-09-21',1,'true','Insecto');
INSERT INTO Alimento(IDInsumo,Nombre,Caducidad,Cantidad,Refrigeracion,Tipo) VALUES (63,'anguila','2024-07-10',100,'false','Insecto');
INSERT INTO Alimento(IDInsumo,Nombre,Caducidad,Cantidad,Refrigeracion,Tipo) VALUES (64,'pollo de Cornualles blanco','2024-05-21',14,'true','Lacteo');
INSERT INTO Alimento(IDInsumo,Nombre,Caducidad,Cantidad,Refrigeracion,Tipo) VALUES (65,'coliflor','2024-07-22',31,'true','Lacteo');
INSERT INTO Alimento(IDInsumo,Nombre,Caducidad,Cantidad,Refrigeracion,Tipo) VALUES (66,'nabo daikon','2023-11-22',46,'true','Insecto');
INSERT INTO Alimento(IDInsumo,Nombre,Caducidad,Cantidad,Refrigeracion,Tipo) VALUES (67,'mijo perla','2024-08-23',38,'true','Insecto');
INSERT INTO Alimento(IDInsumo,Nombre,Caducidad,Cantidad,Refrigeracion,Tipo) VALUES (68,'pavo','2023-12-18',49,'false','Fruta');
INSERT INTO Alimento(IDInsumo,Nombre,Caducidad,Cantidad,Refrigeracion,Tipo) VALUES (69,'conejo de monte','2024-05-21',13,'true','Carne');
INSERT INTO Alimento(IDInsumo,Nombre,Caducidad,Cantidad,Refrigeracion,Tipo) VALUES (70,'mújol rayado','2024-07-16',47,'false','Fruta');
INSERT INTO Alimento(IDInsumo,Nombre,Caducidad,Cantidad,Refrigeracion,Tipo) VALUES (71,'ciruela roja japonesa','2024-10-14',39,'false','Insecto');
INSERT INTO Alimento(IDInsumo,Nombre,Caducidad,Cantidad,Refrigeracion,Tipo) VALUES (72,'papaya','2023-12-15',56,'true','Carne');
INSERT INTO Alimento(IDInsumo,Nombre,Caducidad,Cantidad,Refrigeracion,Tipo) VALUES (73,'mijo','2024-09-24',29,'false','Verdura');
INSERT INTO Alimento(IDInsumo,Nombre,Caducidad,Cantidad,Refrigeracion,Tipo) VALUES (74,'nabo daikon','2024-05-07',11,'false','Carne');
INSERT INTO Alimento(IDInsumo,Nombre,Caducidad,Cantidad,Refrigeracion,Tipo) VALUES (75,'chía blanca','2024-04-01',80,'true','Carne');
INSERT INTO Alimento(IDInsumo,Nombre,Caducidad,Cantidad,Refrigeracion,Tipo) VALUES (76,'mújol rayado','2024-02-05',27,'false','Insecto');
INSERT INTO Alimento(IDInsumo,Nombre,Caducidad,Cantidad,Refrigeracion,Tipo) VALUES (77,'gusanos de harina','2024-09-27',46,'true','Carne');
INSERT INTO Alimento(IDInsumo,Nombre,Caducidad,Cantidad,Refrigeracion,Tipo) VALUES (78,'ciervo','2024-10-04',30,'false','Tuberculo');
INSERT INTO Alimento(IDInsumo,Nombre,Caducidad,Cantidad,Refrigeracion,Tipo) VALUES (79,'zanahoria','2024-09-11',26,'false','Lacteo');
INSERT INTO Alimento(IDInsumo,Nombre,Caducidad,Cantidad,Refrigeracion,Tipo) VALUES (80,'nabo','2024-06-19',17,'false','Verdura');
INSERT INTO Alimento(IDInsumo,Nombre,Caducidad,Cantidad,Refrigeracion,Tipo) VALUES (81,'grillos','2024-07-10',62,'true','Carne');
INSERT INTO Alimento(IDInsumo,Nombre,Caducidad,Cantidad,Refrigeracion,Tipo) VALUES (82,'pavo Narragansett','2024-05-01',65,'false','Pescado');
INSERT INTO Alimento(IDInsumo,Nombre,Caducidad,Cantidad,Refrigeracion,Tipo) VALUES (83,'coliflor','2023-12-14',54,'true','Verdura');
INSERT INTO Alimento(IDInsumo,Nombre,Caducidad,Cantidad,Refrigeracion,Tipo) VALUES (84,'avispa','2024-10-19',7,'true','Carne');
INSERT INTO Alimento(IDInsumo,Nombre,Caducidad,Cantidad,Refrigeracion,Tipo) VALUES (85,'ternera','2023-11-15',97,'false','Verdura');
INSERT INTO Alimento(IDInsumo,Nombre,Caducidad,Cantidad,Refrigeracion,Tipo) VALUES (86,'salmón','2024-01-17',50,'false','Verdura');
INSERT INTO Alimento(IDInsumo,Nombre,Caducidad,Cantidad,Refrigeracion,Tipo) VALUES (87,'quinua negra','2024-06-02',17,'true','Insecto');
INSERT INTO Alimento(IDInsumo,Nombre,Caducidad,Cantidad,Refrigeracion,Tipo) VALUES (88,'repollo','2024-05-13',47,'true','Lacteo');
INSERT INTO Alimento(IDInsumo,Nombre,Caducidad,Cantidad,Refrigeracion,Tipo) VALUES (89,'papaya','2024-06-30',59,'false','Fruta');
INSERT INTO Alimento(IDInsumo,Nombre,Caducidad,Cantidad,Refrigeracion,Tipo) VALUES (90,'calabaza del acantilado','2024-05-23',17,'true','Tuberculo');
INSERT INTO Alimento(IDInsumo,Nombre,Caducidad,Cantidad,Refrigeracion,Tipo) VALUES (91,'nuez','2024-04-16',62,'true','Verdura');
INSERT INTO Alimento(IDInsumo,Nombre,Caducidad,Cantidad,Refrigeracion,Tipo) VALUES (92,'garza real','2023-12-02',51,'true','Tuberculo');
INSERT INTO Alimento(IDInsumo,Nombre,Caducidad,Cantidad,Refrigeracion,Tipo) VALUES (93,'pollo','2023-12-02',48,'true','Fruta');
INSERT INTO Alimento(IDInsumo,Nombre,Caducidad,Cantidad,Refrigeracion,Tipo) VALUES (94,'conejo','2024-01-09',100,'true','Pescado');
INSERT INTO Alimento(IDInsumo,Nombre,Caducidad,Cantidad,Refrigeracion,Tipo) VALUES (95,'abejorro','2024-01-12',56,'false','Pescado');
INSERT INTO Alimento(IDInsumo,Nombre,Caducidad,Cantidad,Refrigeracion,Tipo) VALUES (96,'calabaza cacahuete','2024-07-15',45,'false','Lacteo');
INSERT INTO Alimento(IDInsumo,Nombre,Caducidad,Cantidad,Refrigeracion,Tipo) VALUES (97,'trucha marrón','2024-03-16',64,'false','Semilla');
INSERT INTO Alimento(IDInsumo,Nombre,Caducidad,Cantidad,Refrigeracion,Tipo) VALUES (98,'calabacín de verano','2024-02-25',10,'false','Lacteo');
INSERT INTO Alimento(IDInsumo,Nombre,Caducidad,Cantidad,Refrigeracion,Tipo) VALUES (99,'carpa','2023-11-18',67,'false','Insecto');
INSERT INTO Alimento(IDInsumo,Nombre,Caducidad,Cantidad,Refrigeracion,Tipo) VALUES (100,'garbanzos','2024-08-20',13,'false','Semilla');


INSERT INTO Medicina(IDInsumo,Nombre,Caducidad,Cantidad,Refrigeracion,Tipo,Laboratorio) VALUES (1,'Oxitetraciclina','2026-04-27',246,'true','Antiinflamatorio','VetFarm Labs');
INSERT INTO Medicina(IDInsumo,Nombre,Caducidad,Cantidad,Refrigeracion,Tipo,Laboratorio) VALUES (2,'Neomycin','2025-05-01',764,'true','Antiviral','BioZootecno');
INSERT INTO Medicina(IDInsumo,Nombre,Caducidad,Cantidad,Refrigeracion,Tipo,Laboratorio) VALUES (3,'Omeprazol','2025-03-05',421,'false','Antiviral','ZootecnoMedix');
INSERT INTO Medicina(IDInsumo,Nombre,Caducidad,Cantidad,Refrigeracion,Tipo,Laboratorio) VALUES (4,'Ciclosporina','2024-09-10',783,'true','Antiparasitario','AnimalCure Formulations');
INSERT INTO Medicina(IDInsumo,Nombre,Caducidad,Cantidad,Refrigeracion,Tipo,Laboratorio) VALUES (5,'Fenbendazol','2028-10-27',626,'true','Antibiótico','AnimalGuard Labs');
INSERT INTO Medicina(IDInsumo,Nombre,Caducidad,Cantidad,Refrigeracion,Tipo,Laboratorio) VALUES (6,'Amantadine','2023-02-06',343,'false','Desparasitante','ZootecnoMedix');
INSERT INTO Medicina(IDInsumo,Nombre,Caducidad,Cantidad,Refrigeracion,Tipo,Laboratorio) VALUES (7,'Naproxen','2032-11-22',253,'true','Antibiótico','ZootecnoLife Solutions');
INSERT INTO Medicina(IDInsumo,Nombre,Caducidad,Cantidad,Refrigeracion,Tipo,Laboratorio) VALUES (8,'Dihydrostreptomycin','2026-02-14',720,'false','Vitamina','ZooSafe Formulas');
INSERT INTO Medicina(IDInsumo,Nombre,Caducidad,Cantidad,Refrigeracion,Tipo,Laboratorio) VALUES (9,'Bromhexina','2034-02-12',335,'true','Antihistamínico','FarmAnimal Health');
INSERT INTO Medicina(IDInsumo,Nombre,Caducidad,Cantidad,Refrigeracion,Tipo,Laboratorio) VALUES (10,'Trimethoprim','2020-02-07',979,'false','Vitamina','ZootecnoLife Solutions');
INSERT INTO Medicina(IDInsumo,Nombre,Caducidad,Cantidad,Refrigeracion,Tipo,Laboratorio) VALUES (11,'Prednisone','2027-10-05',308,'true','Inmunosupresor','ZooPharmaTech');
INSERT INTO Medicina(IDInsumo,Nombre,Caducidad,Cantidad,Refrigeracion,Tipo,Laboratorio) VALUES (12,'Famciclovir','2028-03-14',614,'false','Desparasitante','ZooMedicine Solutions');
INSERT INTO Medicina(IDInsumo,Nombre,Caducidad,Cantidad,Refrigeracion,Tipo,Laboratorio) VALUES (13,'Trazodone','2024-10-02',500,'true','Anestesia','ZooPro Health');
INSERT INTO Medicina(IDInsumo,Nombre,Caducidad,Cantidad,Refrigeracion,Tipo,Laboratorio) VALUES (14,'Pentoxifylline','2029-01-10',432,'false','Analgésico','ZooCare Pharmaceuticals');
INSERT INTO Medicina(IDInsumo,Nombre,Caducidad,Cantidad,Refrigeracion,Tipo,Laboratorio) VALUES (15,'Tolazoline','2020-10-14',415,'false','Antihistamínico','AgroVet Labs');
INSERT INTO Medicina(IDInsumo,Nombre,Caducidad,Cantidad,Refrigeracion,Tipo,Laboratorio) VALUES (16,'Dexametasona','2033-04-15',761,'true','Antiinflamatorio','AnimalGuard Labs');
INSERT INTO Medicina(IDInsumo,Nombre,Caducidad,Cantidad,Refrigeracion,Tipo,Laboratorio) VALUES (17,'Sevoflurane','2023-03-08',439,'true','Antiviral','FarmVet Innovations');
INSERT INTO Medicina(IDInsumo,Nombre,Caducidad,Cantidad,Refrigeracion,Tipo,Laboratorio) VALUES (18,'Fluoxetine','2021-07-29',853,'true','Antiviral','FarmAnimal Health');
INSERT INTO Medicina(IDInsumo,Nombre,Caducidad,Cantidad,Refrigeracion,Tipo,Laboratorio) VALUES (19,'Tylosin','2033-12-26',589,'false','Desparasitante','VetPro Research');
INSERT INTO Medicina(IDInsumo,Nombre,Caducidad,Cantidad,Refrigeracion,Tipo,Laboratorio) VALUES (20,'Ketamine','2034-07-03',113,'true','Antibiótico','ZooPro Health');
INSERT INTO Medicina(IDInsumo,Nombre,Caducidad,Cantidad,Refrigeracion,Tipo,Laboratorio) VALUES (21,'Marbofloxacina','2029-07-14',488,'true','Vitamina','LivestockPharma');
INSERT INTO Medicina(IDInsumo,Nombre,Caducidad,Cantidad,Refrigeracion,Tipo,Laboratorio) VALUES (22,'Dihydrostreptomycin','2022-11-29',604,'true','Antiinflamatorio','ZooCare Pharmaceuticals');
INSERT INTO Medicina(IDInsumo,Nombre,Caducidad,Cantidad,Refrigeracion,Tipo,Laboratorio) VALUES (23,'Lansoprazole','2025-02-24',892,'false','Antifúngico','AnimalWise Innovations');
INSERT INTO Medicina(IDInsumo,Nombre,Caducidad,Cantidad,Refrigeracion,Tipo,Laboratorio) VALUES (24,'Famciclovir','2031-12-27',593,'true','Antifúngico','ZooCare Technologies');
INSERT INTO Medicina(IDInsumo,Nombre,Caducidad,Cantidad,Refrigeracion,Tipo,Laboratorio) VALUES (25,'Fenilbutazona','2027-06-22',669,'true','Antiviral','LivestockRx Solutions');
INSERT INTO Medicina(IDInsumo,Nombre,Caducidad,Cantidad,Refrigeracion,Tipo,Laboratorio) VALUES (26,'Ibuprofen','2022-10-20',747,'false','Anestesia','AnimalWise Innovations');
INSERT INTO Medicina(IDInsumo,Nombre,Caducidad,Cantidad,Refrigeracion,Tipo,Laboratorio) VALUES (27,'Loratadina','2023-04-11',309,'false','Analgésico','AnimalLife Labs');
INSERT INTO Medicina(IDInsumo,Nombre,Caducidad,Cantidad,Refrigeracion,Tipo,Laboratorio) VALUES (28,'Tramadol','2025-07-28',229,'true','Antiparasitario','AnimalGuard Labs');
INSERT INTO Medicina(IDInsumo,Nombre,Caducidad,Cantidad,Refrigeracion,Tipo,Laboratorio) VALUES (29,'Toltramate','2033-05-08',873,'true','Antiparasitario','AgriVet Research');
INSERT INTO Medicina(IDInsumo,Nombre,Caducidad,Cantidad,Refrigeracion,Tipo,Laboratorio) VALUES (30,'Fluoxetine','2027-03-10',383,'false','Antibiótico','ZooVet Health');
INSERT INTO Medicina(IDInsumo,Nombre,Caducidad,Cantidad,Refrigeracion,Tipo,Laboratorio) VALUES (31,'Meloxicam','2020-10-15',805,'false','Vitamina','ZooGuard Innovations');
INSERT INTO Medicina(IDInsumo,Nombre,Caducidad,Cantidad,Refrigeracion,Tipo,Laboratorio) VALUES (32,'Penicillin','2033-04-14',838,'false','Inmunosupresor','ZootecnoPharmaTech');
INSERT INTO Medicina(IDInsumo,Nombre,Caducidad,Cantidad,Refrigeracion,Tipo,Laboratorio) VALUES (33,'Dihydrostreptomycin','2023-09-21',851,'false','Antiviral','ZooVet Innovations');
INSERT INTO Medicina(IDInsumo,Nombre,Caducidad,Cantidad,Refrigeracion,Tipo,Laboratorio) VALUES (34,'Chlorpheniramine','2020-01-19',813,'true','Antihistamínico','AgroVet Solutions');
INSERT INTO Medicina(IDInsumo,Nombre,Caducidad,Cantidad,Refrigeracion,Tipo,Laboratorio) VALUES (35,'Roxarsone','2030-11-04',685,'false','Antiviral','AnimalCure Solutions');
INSERT INTO Medicina(IDInsumo,Nombre,Caducidad,Cantidad,Refrigeracion,Tipo,Laboratorio) VALUES (36,'Methimazole','2020-10-18',985,'false','Vitamina','VetAgro Health');
INSERT INTO Medicina(IDInsumo,Nombre,Caducidad,Cantidad,Refrigeracion,Tipo,Laboratorio) VALUES (37,'Zidovudine','2025-09-29',536,'true','Antiviral','ZooVet Health');
INSERT INTO Medicina(IDInsumo,Nombre,Caducidad,Cantidad,Refrigeracion,Tipo,Laboratorio) VALUES (38,'Thiamine','2028-07-22',899,'true','Vitamina','ZooCare Research');
INSERT INTO Medicina(IDInsumo,Nombre,Caducidad,Cantidad,Refrigeracion,Tipo,Laboratorio) VALUES (39,'Procaine','2026-02-03',687,'true','Antifúngico','ZooPro Technologies');
INSERT INTO Medicina(IDInsumo,Nombre,Caducidad,Cantidad,Refrigeracion,Tipo,Laboratorio) VALUES (40,'Roxarsone','2027-11-05',324,'false','Vitamina','AgriVet Innovations');
INSERT INTO Medicina(IDInsumo,Nombre,Caducidad,Cantidad,Refrigeracion,Tipo,Laboratorio) VALUES (41,'Fenbendazol','2033-10-12',857,'false','Inmunosupresor','AnimalGuard Pharmaceuticals');
INSERT INTO Medicina(IDInsumo,Nombre,Caducidad,Cantidad,Refrigeracion,Tipo,Laboratorio) VALUES (42,'Gentamicin','2021-11-17',658,'false','Vitamina','FarmAnimal Solutions');
INSERT INTO Medicina(IDInsumo,Nombre,Caducidad,Cantidad,Refrigeracion,Tipo,Laboratorio) VALUES (43,'Sulfadimethoxine','2025-04-03',293,'true','Inmunosupresor','AnimalGuard Pharmaceuticals');
INSERT INTO Medicina(IDInsumo,Nombre,Caducidad,Cantidad,Refrigeracion,Tipo,Laboratorio) VALUES (44,'Haloperidol','2032-02-05',544,'true','Desparasitante','AnimalGuard Innovations');
INSERT INTO Medicina(IDInsumo,Nombre,Caducidad,Cantidad,Refrigeracion,Tipo,Laboratorio) VALUES (45,'Piperacilina','2034-11-26',144,'true','Antiinflamatorio','VetLife Labs');
INSERT INTO Medicina(IDInsumo,Nombre,Caducidad,Cantidad,Refrigeracion,Tipo,Laboratorio) VALUES (46,'Digoxina','2022-11-15',363,'true','Antiviral','Nombre');
INSERT INTO Medicina(IDInsumo,Nombre,Caducidad,Cantidad,Refrigeracion,Tipo,Laboratorio) VALUES (47,'Doxycycline','2025-07-11',258,'false','Anestesia','AgriLivestock Innovations');
INSERT INTO Medicina(IDInsumo,Nombre,Caducidad,Cantidad,Refrigeracion,Tipo,Laboratorio) VALUES (48,'Sucralfate','2021-06-04',119,'false','Desparasitante','ZooVet Health');
INSERT INTO Medicina(IDInsumo,Nombre,Caducidad,Cantidad,Refrigeracion,Tipo,Laboratorio) VALUES (49,'Toltrazuril','2033-12-27',928,'true','Antiinflamatorio','VetZoo Formulas');
INSERT INTO Medicina(IDInsumo,Nombre,Caducidad,Cantidad,Refrigeracion,Tipo,Laboratorio) VALUES (50,'Ketoprofeno','2020-10-26',899,'true','Antiinflamatorio','FarmGuard Pharmaceuticals');
INSERT INTO Medicina(IDInsumo,Nombre,Caducidad,Cantidad,Refrigeracion,Tipo,Laboratorio) VALUES (51,'Ketamine','2021-02-05',647,'true','Antibiótico','ZooTech Innovations');
INSERT INTO Medicina(IDInsumo,Nombre,Caducidad,Cantidad,Refrigeracion,Tipo,Laboratorio) VALUES (52,'Clomipramine','2029-03-21',777,'false','Anestesia','AgriVet Innovations');
INSERT INTO Medicina(IDInsumo,Nombre,Caducidad,Cantidad,Refrigeracion,Tipo,Laboratorio) VALUES (53,'Sulfadimethoxine','2021-11-19',256,'false','Antifúngico','AnimalLife Labs');
INSERT INTO Medicina(IDInsumo,Nombre,Caducidad,Cantidad,Refrigeracion,Tipo,Laboratorio) VALUES (54,'Toltrazuril','2022-10-29',573,'true','Desparasitante','AgriVet Pharma');
INSERT INTO Medicina(IDInsumo,Nombre,Caducidad,Cantidad,Refrigeracion,Tipo,Laboratorio) VALUES (55,'Sevoflurane','2021-02-20',803,'false','Antibiótico','ZootecnoMedix');
INSERT INTO Medicina(IDInsumo,Nombre,Caducidad,Cantidad,Refrigeracion,Tipo,Laboratorio) VALUES (56,'Rifampicin','2021-01-21',114,'true','Vitamina','ZootecnoLife Pharmaceuticals');
INSERT INTO Medicina(IDInsumo,Nombre,Caducidad,Cantidad,Refrigeracion,Tipo,Laboratorio) VALUES (57,'Ceftiofur','2030-02-09',670,'true','Anestesia','VetZoo Laboratories');
INSERT INTO Medicina(IDInsumo,Nombre,Caducidad,Cantidad,Refrigeracion,Tipo,Laboratorio) VALUES (58,'Dinoprost','2034-10-18',312,'false','Antihistamínico','FarmAnimal Solutions');
INSERT INTO Medicina(IDInsumo,Nombre,Caducidad,Cantidad,Refrigeracion,Tipo,Laboratorio) VALUES (59,'Lorazepam','2022-01-28',659,'true','Antiviral','FarmAnimal Health');
INSERT INTO Medicina(IDInsumo,Nombre,Caducidad,Cantidad,Refrigeracion,Tipo,Laboratorio) VALUES (60,'Levamisole','2023-04-15',551,'false','Desparasitante','AgroGuard Pharmaceuticals');
INSERT INTO Medicina(IDInsumo,Nombre,Caducidad,Cantidad,Refrigeracion,Tipo,Laboratorio) VALUES (61,'Fenbendazole','2022-09-12',450,'false','Antiinflamatorio','ZooWell Innovations');
INSERT INTO Medicina(IDInsumo,Nombre,Caducidad,Cantidad,Refrigeracion,Tipo,Laboratorio) VALUES (62,'Metronidazole','2026-11-05',752,'false','Anestesia','ZooWell Innovations');
INSERT INTO Medicina(IDInsumo,Nombre,Caducidad,Cantidad,Refrigeracion,Tipo,Laboratorio) VALUES (63,'Doxycycline','2020-04-13',395,'true','Antifúngico','ZooTech Innovations');
INSERT INTO Medicina(IDInsumo,Nombre,Caducidad,Cantidad,Refrigeracion,Tipo,Laboratorio) VALUES (64,'Fenbendazole','2034-12-13',802,'false','Antibiótico','AgriVet Sciences');
INSERT INTO Medicina(IDInsumo,Nombre,Caducidad,Cantidad,Refrigeracion,Tipo,Laboratorio) VALUES (65,'Ofloxacin','2025-04-09',201,'true','Analgésico','AnimalPro Formulas');
INSERT INTO Medicina(IDInsumo,Nombre,Caducidad,Cantidad,Refrigeracion,Tipo,Laboratorio) VALUES (66,'Minocycline','2031-08-06',874,'false','Anestesia','AnimalCure Solutions');
INSERT INTO Medicina(IDInsumo,Nombre,Caducidad,Cantidad,Refrigeracion,Tipo,Laboratorio) VALUES (67,'Dinoprost','2025-10-20',431,'false','Anestesia','ZooWell Health');
INSERT INTO Medicina(IDInsumo,Nombre,Caducidad,Cantidad,Refrigeracion,Tipo,Laboratorio) VALUES (68,'Fenilbutazona','2025-01-03',650,'true','Antiinflamatorio','VetLife Pharmaceuticals');
INSERT INTO Medicina(IDInsumo,Nombre,Caducidad,Cantidad,Refrigeracion,Tipo,Laboratorio) VALUES (69,'Levetiracetam','2031-06-13',845,'false','Inmunosupresor','AnimalGuard Innovations');
INSERT INTO Medicina(IDInsumo,Nombre,Caducidad,Cantidad,Refrigeracion,Tipo,Laboratorio) VALUES (70,'Fenilbutazona','2025-05-21',523,'true','Antiinflamatorio','ZootecnoMedix');
INSERT INTO Medicina(IDInsumo,Nombre,Caducidad,Cantidad,Refrigeracion,Tipo,Laboratorio) VALUES (71,'Naproxen','2024-01-05',345,'false','Antiviral','ZootecnoLife Pharmaceuticals');
INSERT INTO Medicina(IDInsumo,Nombre,Caducidad,Cantidad,Refrigeracion,Tipo,Laboratorio) VALUES (72,'Prednisolona','2027-06-21',126,'false','Antihistamínico','VetZoo Formulas');
INSERT INTO Medicina(IDInsumo,Nombre,Caducidad,Cantidad,Refrigeracion,Tipo,Laboratorio) VALUES (73,'Paroxetine','2025-01-13',269,'false','Vitamina','AnimalPharma Research');
INSERT INTO Medicina(IDInsumo,Nombre,Caducidad,Cantidad,Refrigeracion,Tipo,Laboratorio) VALUES (74,'Fipronil','2024-11-12',278,'true','Anestesia','ZootecnoLife Pharmaceuticals');
INSERT INTO Medicina(IDInsumo,Nombre,Caducidad,Cantidad,Refrigeracion,Tipo,Laboratorio) VALUES (75,'Tetracycline','2021-02-21',439,'true','Antiinflamatorio','AgroVet Formulas');
INSERT INTO Medicina(IDInsumo,Nombre,Caducidad,Cantidad,Refrigeracion,Tipo,Laboratorio) VALUES (76,'Pentoxifylline','2022-07-16',163,'false','Desparasitante','VetAnimal Pharmaceuticals');
INSERT INTO Medicina(IDInsumo,Nombre,Caducidad,Cantidad,Refrigeracion,Tipo,Laboratorio) VALUES (77,'Ceftiofur','2024-11-26',454,'false','Desparasitante','LivestockPharma Solutions');
INSERT INTO Medicina(IDInsumo,Nombre,Caducidad,Cantidad,Refrigeracion,Tipo,Laboratorio) VALUES (78,'Fipronil','2028-09-10',642,'true','Desparasitante','AnimalPro Formulas');
INSERT INTO Medicina(IDInsumo,Nombre,Caducidad,Cantidad,Refrigeracion,Tipo,Laboratorio) VALUES (79,'Rifampin','2026-07-10',204,'false','Antiparasitario','LivestockPharma Solutions');
INSERT INTO Medicina(IDInsumo,Nombre,Caducidad,Cantidad,Refrigeracion,Tipo,Laboratorio) VALUES (80,'Clomipramine','2034-02-12',783,'false','Desparasitante','FarmAnimal Labs');
INSERT INTO Medicina(IDInsumo,Nombre,Caducidad,Cantidad,Refrigeracion,Tipo,Laboratorio) VALUES (81,'Pimobendan','2029-11-19',158,'false','Antiparasitario','FarmVet Pharma');
INSERT INTO Medicina(IDInsumo,Nombre,Caducidad,Cantidad,Refrigeracion,Tipo,Laboratorio) VALUES (82,'Tobramycin','2023-02-26',417,'true','Antiinflamatorio','ZooWell Formulations');
INSERT INTO Medicina(IDInsumo,Nombre,Caducidad,Cantidad,Refrigeracion,Tipo,Laboratorio) VALUES (83,'Ciprofloxacina','2029-03-09',251,'false','Vitamina','AgriVet Sciences');
INSERT INTO Medicina(IDInsumo,Nombre,Caducidad,Cantidad,Refrigeracion,Tipo,Laboratorio) VALUES (84,'Cefalexina','2023-12-09',993,'false','Inmunosupresor','ZooSafe Formulas');
INSERT INTO Medicina(IDInsumo,Nombre,Caducidad,Cantidad,Refrigeracion,Tipo,Laboratorio) VALUES (85,'Piperacilina','2024-05-10',360,'false','Desparasitante','Farmavet Science');
INSERT INTO Medicina(IDInsumo,Nombre,Caducidad,Cantidad,Refrigeracion,Tipo,Laboratorio) VALUES (86,'Penicillin','2026-05-31',826,'false','Antihistamínico','LivestockRx Labs');
INSERT INTO Medicina(IDInsumo,Nombre,Caducidad,Cantidad,Refrigeracion,Tipo,Laboratorio) VALUES (87,'Ciclosporina','2020-08-20',575,'false','Anestesia','VetZoo Formulas');
INSERT INTO Medicina(IDInsumo,Nombre,Caducidad,Cantidad,Refrigeracion,Tipo,Laboratorio) VALUES (88,'Fluconazol','2022-01-10',230,'false','Analgésico','ZootecnoLife Solutions');
INSERT INTO Medicina(IDInsumo,Nombre,Caducidad,Cantidad,Refrigeracion,Tipo,Laboratorio) VALUES (89,'Voriconazole','2027-04-11',598,'true','Antifúngico','LivestockPharma');
INSERT INTO Medicina(IDInsumo,Nombre,Caducidad,Cantidad,Refrigeracion,Tipo,Laboratorio) VALUES (90,'Paroxetine','2026-05-01',334,'true','Desparasitante','BioVet Research');
INSERT INTO Medicina(IDInsumo,Nombre,Caducidad,Cantidad,Refrigeracion,Tipo,Laboratorio) VALUES (91,'Naproxen','2020-07-23',967,'true','Anestesia','AgroVet Science');
INSERT INTO Medicina(IDInsumo,Nombre,Caducidad,Cantidad,Refrigeracion,Tipo,Laboratorio) VALUES (92,'Phenylbutazone','2027-05-21',737,'true','Desparasitante','FarmAnimal Labs');
INSERT INTO Medicina(IDInsumo,Nombre,Caducidad,Cantidad,Refrigeracion,Tipo,Laboratorio) VALUES (93,'Amantadine','2028-09-28',412,'true','Antibiótico','LivestockPharma');
INSERT INTO Medicina(IDInsumo,Nombre,Caducidad,Cantidad,Refrigeracion,Tipo,Laboratorio) VALUES (94,'Doxycycline','2030-04-07',760,'true','Anestesia','AgriVet Sciences');
INSERT INTO Medicina(IDInsumo,Nombre,Caducidad,Cantidad,Refrigeracion,Tipo,Laboratorio) VALUES (95,'Nombre','2030-10-20',674,'false','Antiparasitario','ZootecnoMedix');
INSERT INTO Medicina(IDInsumo,Nombre,Caducidad,Cantidad,Refrigeracion,Tipo,Laboratorio) VALUES (96,'Metronidazol','2032-11-22',278,'false','Antibiótico','VetFarm Labs');
INSERT INTO Medicina(IDInsumo,Nombre,Caducidad,Cantidad,Refrigeracion,Tipo,Laboratorio) VALUES (97,'Metronidazole','2023-11-12',987,'true','Antiviral','AgriVet Solutions');
INSERT INTO Medicina(IDInsumo,Nombre,Caducidad,Cantidad,Refrigeracion,Tipo,Laboratorio) VALUES (98,'Zolpidem','2029-06-02',160,'true','Antiviral','ZooMed Research');
INSERT INTO Medicina(IDInsumo,Nombre,Caducidad,Cantidad,Refrigeracion,Tipo,Laboratorio) VALUES (99,'Toltrazuril','2031-03-23',857,'false','Antifúngico','VetLife Pharmaceuticals');
INSERT INTO Medicina(IDInsumo,Nombre,Caducidad,Cantidad,Refrigeracion,Tipo,Laboratorio) VALUES (100,'Paroxetine','2030-01-02',790,'false','Antibiótico','LivestockRx Labs');


INSERT INTO Cuidador(IDPersona,IDBioma,Nombre,ApellidoPaterno,ApellidoMaterno,Nacimiento,RFC,Genero,InicioContrato,FinContrato,NumInt,NumExt,Calle,Colonia,CodigoPostal,Estado,Salario,DiasLabor,Horario) VALUES (1,1,'EBENEZER','CEBADA','TORNEZ','1990-11-26','COE901126','F','2016-04-21','2029-09-11',90,136,'Av. Ceylan','Venustiano Carranza',5192,'Ciudad de Mexico',17749,6,'11:14 AM');
INSERT INTO Cuidador(IDPersona,IDBioma,Nombre,ApellidoPaterno,ApellidoMaterno,Nacimiento,RFC,Genero,InicioContrato,FinContrato,NumInt,NumExt,Calle,Colonia,CodigoPostal,Estado,Salario,DiasLabor,Horario) VALUES (2,8,'ELIA','OVALLE','VILLAFRANCO','1993-12-09','OIE931209','F','2019-11-05','2026-05-25',108,56,'Av. Sonora','Álvaro Obregón',2547,'Hidalgo',16891,6,'5:00 AM');
INSERT INTO Cuidador(IDPersona,IDBioma,Nombre,ApellidoPaterno,ApellidoMaterno,Nacimiento,RFC,Genero,InicioContrato,FinContrato,NumInt,NumExt,Calle,Colonia,CodigoPostal,Estado,Salario,DiasLabor,Horario) VALUES (3,3,'AYONECTILI','OBANDO','ZUCCOLOTTO','1985-04-26','OUA850426','F','2021-02-26','2024-08-23',46,182,'Eje 4 Sur Canal de Tezontle','Álvaro Obregón',11812,'Tamaulipas',15670,6,'8:25 AM');
INSERT INTO Cuidador(IDPersona,IDBioma,Nombre,ApellidoPaterno,ApellidoMaterno,Nacimiento,RFC,Genero,InicioContrato,FinContrato,NumInt,NumExt,Calle,Colonia,CodigoPostal,Estado,Salario,DiasLabor,Horario) VALUES (4,2,'YAAKOV','BUENTELLO','NOPALA','1983-01-23','BOY830123','M','2005-11-30','2024-07-30',58,196,'Av. Ejercito Nacional Mexicano','Álvaro Obregón',5026,'Jalisco',14534,5,'11:34 AM');
INSERT INTO Cuidador(IDPersona,IDBioma,Nombre,ApellidoPaterno,ApellidoMaterno,Nacimiento,RFC,Genero,InicioContrato,FinContrato,NumInt,NumExt,Calle,Colonia,CodigoPostal,Estado,Salario,DiasLabor,Horario) VALUES (5,2,'QUIAHUITZIN','MERLIN','LUQUIN','1993-11-17','MUQ931117','F','2004-03-21','2024-02-06',81,200,'Dr. Jose Maria Vertiz','Iztacalco',5186,'San Luis Potosi',16345,5,'10:56 AM');
INSERT INTO Cuidador(IDPersona,IDBioma,Nombre,ApellidoPaterno,ApellidoMaterno,Nacimiento,RFC,Genero,InicioContrato,FinContrato,NumInt,NumExt,Calle,Colonia,CodigoPostal,Estado,Salario,DiasLabor,Horario) VALUES (6,6,'GABRIELLE','TELLO','PALEMONTE','1984-02-04','TAG840204','F','2017-01-26','2029-07-10',77,129,'Av. de los Insurgentes Sur','La Magdalena Contreras',5660,'Morelos',18646,6,'5:08 AM');
INSERT INTO Cuidador(IDPersona,IDBioma,Nombre,ApellidoPaterno,ApellidoMaterno,Nacimiento,RFC,Genero,InicioContrato,FinContrato,NumInt,NumExt,Calle,Colonia,CodigoPostal,Estado,Salario,DiasLabor,Horario) VALUES (7,2,'ANY','LUENGAS','CODALLOS','1990-11-30','LOA901130','M','2014-05-30','2023-02-12',149,189,'Viaducto Miguel Aleman','Álvaro Obregón',3749,'Hidalgo',16158,6,'9:22 AM');
INSERT INTO Cuidador(IDPersona,IDBioma,Nombre,ApellidoPaterno,ApellidoMaterno,Nacimiento,RFC,Genero,InicioContrato,FinContrato,NumInt,NumExt,Calle,Colonia,CodigoPostal,Estado,Salario,DiasLabor,Horario) VALUES (8,4,'ANTONINO','AVELINO','ROSEY','1997-10-12','AOA971012','M','2013-11-16','2025-05-04',35,200,'Av. de la Republica','Iztapalapa',5844,'Aguascalientes',17486,6,'10:20 AM');
INSERT INTO Cuidador(IDPersona,IDBioma,Nombre,ApellidoPaterno,ApellidoMaterno,Nacimiento,RFC,Genero,InicioContrato,FinContrato,NumInt,NumExt,Calle,Colonia,CodigoPostal,Estado,Salario,DiasLabor,Horario) VALUES (9,8,'KAY','LIZALDE','OLANO','1984-06-11','LLK840611','M','2011-04-09','2023-06-04',45,6,'Eje 4 Sur Prolongacion Plutarco Elias Calles','Iztacalco',13676,'San Luis Potosi',10534,6,'9:22 AM');
INSERT INTO Cuidador(IDPersona,IDBioma,Nombre,ApellidoPaterno,ApellidoMaterno,Nacimiento,RFC,Genero,InicioContrato,FinContrato,NumInt,NumExt,Calle,Colonia,CodigoPostal,Estado,Salario,DiasLabor,Horario) VALUES (10,6,'SINUHE','CHIHUAHUA','QUEB','1986-07-15','CUS860715','F','2003-04-18','2028-08-15',105,46,'Calzada Gral. Ignacio Zaragoza','Gustavo A. Madero',5363,'Sonora',13049,6,'7:41 AM');
INSERT INTO Cuidador(IDPersona,IDBioma,Nombre,ApellidoPaterno,ApellidoMaterno,Nacimiento,RFC,Genero,InicioContrato,FinContrato,NumInt,NumExt,Calle,Colonia,CodigoPostal,Estado,Salario,DiasLabor,Horario) VALUES (11,6,'AYLINE','MANJARREZ','ALEJO','1990-04-20','MLA900420','M','2020-10-22','2029-01-21',13,91,'Eje 10 Sur Carretera a Santa Catarina','Iztapalapa',14639,'Ciudad de Mexico',14168,6,'10:59 AM');
INSERT INTO Cuidador(IDPersona,IDBioma,Nombre,ApellidoPaterno,ApellidoMaterno,Nacimiento,RFC,Genero,InicioContrato,FinContrato,NumInt,NumExt,Calle,Colonia,CodigoPostal,Estado,Salario,DiasLabor,Horario) VALUES (12,5,'YOREL','CALTZONTZIN','VERASTICA','1965-08-27','CEY650827','M','2010-09-07','2026-06-18',143,127,'Camino a Santa Fe','Xochimilco',3533,'Ciudad de Mexico',12762,6,'11:06 AM');
INSERT INTO Cuidador(IDPersona,IDBioma,Nombre,ApellidoPaterno,ApellidoMaterno,Nacimiento,RFC,Genero,InicioContrato,FinContrato,NumInt,NumExt,Calle,Colonia,CodigoPostal,Estado,Salario,DiasLabor,Horario) VALUES (13,7,'BRYANT','SARABIO','CATACHE','1976-12-17','SAB761217','F','2013-07-22','2025-06-06',50,193,'Av. Acueducto de Guadalupe','Tlalpan',8165,'Morelos',13434,6,'11:52 AM');
INSERT INTO Cuidador(IDPersona,IDBioma,Nombre,ApellidoPaterno,ApellidoMaterno,Nacimiento,RFC,Genero,InicioContrato,FinContrato,NumInt,NumExt,Calle,Colonia,CodigoPostal,Estado,Salario,DiasLabor,Horario) VALUES (14,6,'NARA','ANTOLIN','HUERFANO','1980-10-05','AUN801005','F','2012-12-01','2029-12-20',82,130,'Año de Juarez','Xochimilco',1005,'Ciudad de Mexico',18210,6,'6:00 AM');
INSERT INTO Cuidador(IDPersona,IDBioma,Nombre,ApellidoPaterno,ApellidoMaterno,Nacimiento,RFC,Genero,InicioContrato,FinContrato,NumInt,NumExt,Calle,Colonia,CodigoPostal,Estado,Salario,DiasLabor,Horario) VALUES (15,8,'BALDEMAR','MAGALLAN','GOLLAZ','1978-08-02','MOB780802','M','2015-11-05','2026-02-20',62,40,'5 de Mayo','Venustiano Carranza',11838,'Nuevo Leon',19314,6,'9:46 AM');
INSERT INTO Cuidador(IDPersona,IDBioma,Nombre,ApellidoPaterno,ApellidoMaterno,Nacimiento,RFC,Genero,InicioContrato,FinContrato,NumInt,NumExt,Calle,Colonia,CodigoPostal,Estado,Salario,DiasLabor,Horario) VALUES (16,8,'CELESTINO','ZACAPALA','AHUATZIN','1994-01-01','ZHC940101','M','2006-10-06','2023-01-28',87,38,'Camino Real a Mixcoac','Álvaro Obregón',1553,'Ciudad de Mexico',15470,5,'5:04 AM');
INSERT INTO Cuidador(IDPersona,IDBioma,Nombre,ApellidoPaterno,ApellidoMaterno,Nacimiento,RFC,Genero,InicioContrato,FinContrato,NumInt,NumExt,Calle,Colonia,CodigoPostal,Estado,Salario,DiasLabor,Horario) VALUES (17,2,'NEFTALI','MONTEROS','PENCA','1986-06-24','MEN860624','F','2011-04-17','2028-03-28',110,183,'Eje 3 Sur Añil','Benito Juárez',13410,'Chihuahua',12549,6,'8:50 AM');
INSERT INTO Cuidador(IDPersona,IDBioma,Nombre,ApellidoPaterno,ApellidoMaterno,Nacimiento,RFC,Genero,InicioContrato,FinContrato,NumInt,NumExt,Calle,Colonia,CodigoPostal,Estado,Salario,DiasLabor,Horario) VALUES (18,2,'ASHLEE','CORIA','NOXPANCO','1993-01-13','COA930113','M','2013-08-03','2029-03-15',5,96,'Av. 3-A','Iztacalco',4700,'Veracruz',14351,6,'5:41 AM');
INSERT INTO Cuidador(IDPersona,IDBioma,Nombre,ApellidoPaterno,ApellidoMaterno,Nacimiento,RFC,Genero,InicioContrato,FinContrato,NumInt,NumExt,Calle,Colonia,CodigoPostal,Estado,Salario,DiasLabor,Horario) VALUES (19,3,'YANN','CUETO','LASTRA','1994-11-11','CAY941111','M','2002-11-12','2026-05-22',24,150,'Av. de los Insurgentes Norte','Tláhuac',15213,'Queretaro',18627,6,'10:48 AM');
INSERT INTO Cuidador(IDPersona,IDBioma,Nombre,ApellidoPaterno,ApellidoMaterno,Nacimiento,RFC,Genero,InicioContrato,FinContrato,NumInt,NumExt,Calle,Colonia,CodigoPostal,Estado,Salario,DiasLabor,Horario) VALUES (20,7,'GEORGE','SAUZA','ANA','1982-02-01','SNG820201','F','2019-12-08','2023-09-26',30,152,'Av. Jesus Galindo y Villa','Miguel Hidalgo',15702,'Michoacan',14425,6,'8:19 AM');
INSERT INTO Cuidador(IDPersona,IDBioma,Nombre,ApellidoPaterno,ApellidoMaterno,Nacimiento,RFC,Genero,InicioContrato,FinContrato,NumInt,NumExt,Calle,Colonia,CodigoPostal,Estado,Salario,DiasLabor,Horario) VALUES (21,7,'GERZAIN','RAMONES','BALADO','1992-09-09','RAG920909','M','2006-05-25','2028-12-30',26,169,'Eje 4 Oriente Canal Rio Churubusco','Gustavo A. Madero',8290,'Yucatan',18981,6,'9:37 AM');
INSERT INTO Cuidador(IDPersona,IDBioma,Nombre,ApellidoPaterno,ApellidoMaterno,Nacimiento,RFC,Genero,InicioContrato,FinContrato,NumInt,NumExt,Calle,Colonia,CodigoPostal,Estado,Salario,DiasLabor,Horario) VALUES (22,8,'MELINDA','GERVACIO','INDA','1967-01-08','GNM670108','F','2020-05-17','2028-03-04',31,170,'Eje 6 Sur Cardiologos','Iztapalapa',11930,'Guerrero',17332,5,'5:32 AM');
INSERT INTO Cuidador(IDPersona,IDBioma,Nombre,ApellidoPaterno,ApellidoMaterno,Nacimiento,RFC,Genero,InicioContrato,FinContrato,NumInt,NumExt,Calle,Colonia,CodigoPostal,Estado,Salario,DiasLabor,Horario) VALUES (23,3,'MINELI','PATIÑO','CORONADO','1984-03-13','POM840313','F','2006-09-04','2028-06-13',106,109,'Paseo de las Palmas','Álvaro Obregón',14969,'Guerrero',14710,5,'5:40 AM');
INSERT INTO Cuidador(IDPersona,IDBioma,Nombre,ApellidoPaterno,ApellidoMaterno,Nacimiento,RFC,Genero,InicioContrato,FinContrato,NumInt,NumExt,Calle,Colonia,CodigoPostal,Estado,Salario,DiasLabor,Horario) VALUES (24,3,'ANAT','BARRERO','ASTUDILLO','1980-12-30','BSA801230','M','2010-06-25','2029-01-10',8,40,'Anillo Periferico Calle 7','Gustavo A. Madero',14271,'Campeche',11822,5,'8:05 AM');
INSERT INTO Cuidador(IDPersona,IDBioma,Nombre,ApellidoPaterno,ApellidoMaterno,Nacimiento,RFC,Genero,InicioContrato,FinContrato,NumInt,NumExt,Calle,Colonia,CodigoPostal,Estado,Salario,DiasLabor,Horario) VALUES (25,5,'AHIAN','CERRO','BETANCES','1994-08-17','CEA940817','M','2004-09-19','2023-12-31',75,70,'Año de Juarez','Venustiano Carranza',1359,'Tabasco',15587,6,'9:20 AM');
INSERT INTO Cuidador(IDPersona,IDBioma,Nombre,ApellidoPaterno,ApellidoMaterno,Nacimiento,RFC,Genero,InicioContrato,FinContrato,NumInt,NumExt,Calle,Colonia,CodigoPostal,Estado,Salario,DiasLabor,Horario) VALUES (26,8,'IZAK','MANCILLA','LOZADA','1980-01-22','MOI800122','F','2002-07-18','2028-07-28',140,150,'Eje 5 Sur 1 de Mayo','Xochimilco',12762,'Durango',10358,5,'5:09 AM');
INSERT INTO Cuidador(IDPersona,IDBioma,Nombre,ApellidoPaterno,ApellidoMaterno,Nacimiento,RFC,Genero,InicioContrato,FinContrato,NumInt,NumExt,Calle,Colonia,CodigoPostal,Estado,Salario,DiasLabor,Horario) VALUES (27,8,'NAXCA','PUENTES','RETES','1982-06-20','PEN820620','F','2013-07-09','2028-09-27',68,183,'Cazuela','Tlalpan',14434,'Yucatan',12460,5,'9:12 AM');
INSERT INTO Cuidador(IDPersona,IDBioma,Nombre,ApellidoPaterno,ApellidoMaterno,Nacimiento,RFC,Genero,InicioContrato,FinContrato,NumInt,NumExt,Calle,Colonia,CodigoPostal,Estado,Salario,DiasLabor,Horario) VALUES (28,5,'TZITZITLINI','NANDEZ','LIMAS','1984-02-19','NIT840219','F','2018-04-25','2025-04-03',102,31,'Av. Division del Norte','Venustiano Carranza',13856,'Sonora',16913,6,'6:49 AM');
INSERT INTO Cuidador(IDPersona,IDBioma,Nombre,ApellidoPaterno,ApellidoMaterno,Nacimiento,RFC,Genero,InicioContrato,FinContrato,NumInt,NumExt,Calle,Colonia,CodigoPostal,Estado,Salario,DiasLabor,Horario) VALUES (29,5,'LUCILLE','GUIZAR','TRONCO','1969-05-22','GRL690522','M','2009-07-05','2026-09-10',6,135,'Eje 10A Sur Av. Universidad','Álvaro Obregón',4119,'Puebla',10749,6,'10:09 AM');
INSERT INTO Cuidador(IDPersona,IDBioma,Nombre,ApellidoPaterno,ApellidoMaterno,Nacimiento,RFC,Genero,InicioContrato,FinContrato,NumInt,NumExt,Calle,Colonia,CodigoPostal,Estado,Salario,DiasLabor,Horario) VALUES (30,4,'BETZAYDA','CESEÑA','ZARZA','1965-04-23','CAB650423','M','2000-12-23','2027-05-27',31,100,'Casa del Obrero Mundial','Gustavo A. Madero',12719,'Puebla',11529,5,'5:50 AM');
INSERT INTO Cuidador(IDPersona,IDBioma,Nombre,ApellidoPaterno,ApellidoMaterno,Nacimiento,RFC,Genero,InicioContrato,FinContrato,NumInt,NumExt,Calle,Colonia,CodigoPostal,Estado,Salario,DiasLabor,Horario) VALUES (31,3,'JARA','GRIMALDO','CAYETANO','1975-01-22','GAJ750122','F','2003-12-30','2029-08-22',140,178,'Viaducto Rio de la Piedad','Tláhuac',5455,'Yucatan',12327,6,'8:30 AM');
INSERT INTO Cuidador(IDPersona,IDBioma,Nombre,ApellidoPaterno,ApellidoMaterno,Nacimiento,RFC,Genero,InicioContrato,FinContrato,NumInt,NumExt,Calle,Colonia,CodigoPostal,Estado,Salario,DiasLabor,Horario) VALUES (32,4,'ILLYA','CHAVELA','SUAZO','1988-09-30','CUI880930','M','2008-09-07','2026-08-02',2,173,'Eje 6 Sur Cumbres de Maltrata','Álvaro Obregón',11714,'Nayarit',10855,5,'10:31 AM');
INSERT INTO Cuidador(IDPersona,IDBioma,Nombre,ApellidoPaterno,ApellidoMaterno,Nacimiento,RFC,Genero,InicioContrato,FinContrato,NumInt,NumExt,Calle,Colonia,CodigoPostal,Estado,Salario,DiasLabor,Horario) VALUES (33,5,'ZAIT','ALMERAYA','CRISTALES','1978-10-25','ARZ781025','F','2013-09-12','2029-04-10',37,127,'Anillo Periferico Rio Churubusco','Gustavo A. Madero',11048,'Michoacan',13820,5,'11:12 AM');
INSERT INTO Cuidador(IDPersona,IDBioma,Nombre,ApellidoPaterno,ApellidoMaterno,Nacimiento,RFC,Genero,InicioContrato,FinContrato,NumInt,NumExt,Calle,Colonia,CodigoPostal,Estado,Salario,DiasLabor,Horario) VALUES (34,1,'YOHANN','SAEB','INIESTRA','1979-01-26','SNY790126','M','2002-09-17','2029-06-24',88,35,'Eje 5 Sur Av. Colonia del Valle','Iztapalapa',12038,'Nayarit',18002,5,'11:01 AM');
INSERT INTO Cuidador(IDPersona,IDBioma,Nombre,ApellidoPaterno,ApellidoMaterno,Nacimiento,RFC,Genero,InicioContrato,FinContrato,NumInt,NumExt,Calle,Colonia,CodigoPostal,Estado,Salario,DiasLabor,Horario) VALUES (35,4,'LUDWIN','VILLASENOR','BOETA','1968-01-01','VOL680101','F','2003-09-11','2029-12-25',116,97,'Av. Rio San Joaquin','Iztapalapa',6816,'Colima',13568,6,'11:30 AM');
INSERT INTO Cuidador(IDPersona,IDBioma,Nombre,ApellidoPaterno,ApellidoMaterno,Nacimiento,RFC,Genero,InicioContrato,FinContrato,NumInt,NumExt,Calle,Colonia,CodigoPostal,Estado,Salario,DiasLabor,Horario) VALUES (36,8,'MALENY','MOJICA','SEDANO','1986-09-30','MEM860930','F','2021-03-25','2029-06-21',61,118,'Eje 3 Poniente Medellin','Iztapalapa',7861,'San Luis Potosi',18158,6,'5:37 AM');
INSERT INTO Cuidador(IDPersona,IDBioma,Nombre,ApellidoPaterno,ApellidoMaterno,Nacimiento,RFC,Genero,InicioContrato,FinContrato,NumInt,NumExt,Calle,Colonia,CodigoPostal,Estado,Salario,DiasLabor,Horario) VALUES (37,3,'RAJEL','MARCHAND','LOPE','1964-08-17','MOR640817','M','2016-06-13','2026-03-30',28,179,'Camino a Santa Teresa','Coyoacán',10529,'Michoacan',11323,5,'10:40 AM');
INSERT INTO Cuidador(IDPersona,IDBioma,Nombre,ApellidoPaterno,ApellidoMaterno,Nacimiento,RFC,Genero,InicioContrato,FinContrato,NumInt,NumExt,Calle,Colonia,CodigoPostal,Estado,Salario,DiasLabor,Horario) VALUES (38,3,'JOANI','CECENA','VELASCO','1971-12-23','CEJ711223','F','2007-02-05','2029-11-09',134,153,'Eje 2 Norte Camino a Santa Lucia','Iztapalapa',4523,'Durango',14608,6,'7:09 AM');
INSERT INTO Cuidador(IDPersona,IDBioma,Nombre,ApellidoPaterno,ApellidoMaterno,Nacimiento,RFC,Genero,InicioContrato,FinContrato,NumInt,NumExt,Calle,Colonia,CodigoPostal,Estado,Salario,DiasLabor,Horario) VALUES (39,7,'ALEM','ALDANA','CUAZITL','1968-01-13','AUA680113','F','2012-06-19','2025-09-24',132,12,'Eje 1 Poniente Calzada Vallejo','Iztapalapa',6281,'Michoacan',19833,5,'11:30 AM');
INSERT INTO Cuidador(IDPersona,IDBioma,Nombre,ApellidoPaterno,ApellidoMaterno,Nacimiento,RFC,Genero,InicioContrato,FinContrato,NumInt,NumExt,Calle,Colonia,CodigoPostal,Estado,Salario,DiasLabor,Horario) VALUES (40,5,'IXTLI','ARRATIA','COSIO','1986-05-17','AOI860517','M','2010-11-02','2025-12-07',135,169,'Viaducto Tlalpan','Benito Juárez',13984,'Ciudad de Mexico',10874,5,'9:26 AM');
INSERT INTO Cuidador(IDPersona,IDBioma,Nombre,ApellidoPaterno,ApellidoMaterno,Nacimiento,RFC,Genero,InicioContrato,FinContrato,NumInt,NumExt,Calle,Colonia,CodigoPostal,Estado,Salario,DiasLabor,Horario) VALUES (41,4,'BENJAMIN','CUATEPOTZO','ZULOAGA','1977-05-08','CUB770508','M','2002-07-14','2029-07-31',9,79,'Viaducto Tlalpan','Xochimilco',13442,'Tamaulipas',17511,6,'6:44 AM');
INSERT INTO Cuidador(IDPersona,IDBioma,Nombre,ApellidoPaterno,ApellidoMaterno,Nacimiento,RFC,Genero,InicioContrato,FinContrato,NumInt,NumExt,Calle,Colonia,CodigoPostal,Estado,Salario,DiasLabor,Horario) VALUES (42,8,'HATSUMI','COTERO','LAIJA','1966-10-02','CAH661002','M','2016-05-16','2025-05-12',94,175,'Circuito Interior Rio Mixcoac','Iztapalapa',9189,'Yucatan',19116,6,'11:35 AM');
INSERT INTO Cuidador(IDPersona,IDBioma,Nombre,ApellidoPaterno,ApellidoMaterno,Nacimiento,RFC,Genero,InicioContrato,FinContrato,NumInt,NumExt,Calle,Colonia,CodigoPostal,Estado,Salario,DiasLabor,Horario) VALUES (43,7,'ASHLYE','SOSA','MONSREAL','1994-07-03','SOA940703','F','2023-03-31','2028-11-23',118,101,'Camino a Santa Teresa','Venustiano Carranza',5020,'Chiapas',19442,5,'7:35 AM');
INSERT INTO Cuidador(IDPersona,IDBioma,Nombre,ApellidoPaterno,ApellidoMaterno,Nacimiento,RFC,Genero,InicioContrato,FinContrato,NumInt,NumExt,Calle,Colonia,CodigoPostal,Estado,Salario,DiasLabor,Horario) VALUES (44,8,'CRYSTOPHER','BARTOLO','PEIRO','1966-05-05','BEC660505','F','2006-04-17','2026-11-05',73,196,'Eje 4 Sur Benjamin Franklin','Tláhuac',9751,'Ciudad de Mexico',12219,6,'7:16 AM');
INSERT INTO Cuidador(IDPersona,IDBioma,Nombre,ApellidoPaterno,ApellidoMaterno,Nacimiento,RFC,Genero,InicioContrato,FinContrato,NumInt,NumExt,Calle,Colonia,CodigoPostal,Estado,Salario,DiasLabor,Horario) VALUES (45,4,'AMILETH','MUCINO','REYNA','1967-08-03','MEA670803','M','2018-10-05','2023-08-24',123,153,'Eje 7A Sur Emiliano Zapata','Iztapalapa',8732,'Durango',19371,6,'10:22 AM');
INSERT INTO Cuidador(IDPersona,IDBioma,Nombre,ApellidoPaterno,ApellidoMaterno,Nacimiento,RFC,Genero,InicioContrato,FinContrato,NumInt,NumExt,Calle,Colonia,CodigoPostal,Estado,Salario,DiasLabor,Horario) VALUES (46,5,'MI','VERASTEGUI','COCIO','1971-06-24','VOM710624','F','2003-02-18','2024-11-06',46,126,'Paseo de la Reforma','Iztapalapa',11287,'Tlaxcala',14648,5,'10:16 AM');
INSERT INTO Cuidador(IDPersona,IDBioma,Nombre,ApellidoPaterno,ApellidoMaterno,Nacimiento,RFC,Genero,InicioContrato,FinContrato,NumInt,NumExt,Calle,Colonia,CodigoPostal,Estado,Salario,DiasLabor,Horario) VALUES (47,1,'ZAZILHA','DE LA CUESTA','MATURANO','1974-02-14','DAZ740214','M','2015-02-28','2024-03-24',119,165,'La Turba','Tlalpan',8559,'Chihuahua',10055,5,'5:17 AM');
INSERT INTO Cuidador(IDPersona,IDBioma,Nombre,ApellidoPaterno,ApellidoMaterno,Nacimiento,RFC,Genero,InicioContrato,FinContrato,NumInt,NumExt,Calle,Colonia,CodigoPostal,Estado,Salario,DiasLabor,Horario) VALUES (48,2,'SALVATORE','COLCHADO','LEYTE','1998-03-17','CES980317','F','2002-09-16','2027-04-21',76,170,'Anillo Periferico Rio Tlalnepantla','La Magdalena Contreras',2439,'Baja California',14023,5,'7:46 AM');
INSERT INTO Cuidador(IDPersona,IDBioma,Nombre,ApellidoPaterno,ApellidoMaterno,Nacimiento,RFC,Genero,InicioContrato,FinContrato,NumInt,NumExt,Calle,Colonia,CodigoPostal,Estado,Salario,DiasLabor,Horario) VALUES (49,5,'QUETZALLY','ALABAZARES','VISCENCIO','1968-12-15','AIQ681215','F','2023-08-19','2023-01-28',120,68,'Av. Puente de Alvarado','Álvaro Obregón',15309,'Tlaxcala',16537,5,'5:31 AM');
INSERT INTO Cuidador(IDPersona,IDBioma,Nombre,ApellidoPaterno,ApellidoMaterno,Nacimiento,RFC,Genero,InicioContrato,FinContrato,NumInt,NumExt,Calle,Colonia,CodigoPostal,Estado,Salario,DiasLabor,Horario) VALUES (50,3,'YERALDINE','ZUÑIGA','GORDON','1983-05-07','ZOY830507','M','2020-11-24','2026-11-24',141,141,'Eje 4 Sur Av. Pdte Plutarco Elias Calles','Gustavo A. Madero',10445,'Zacatecas',19539,5,'11:08 AM');
INSERT INTO Cuidador(IDPersona,IDBioma,Nombre,ApellidoPaterno,ApellidoMaterno,Nacimiento,RFC,Genero,InicioContrato,FinContrato,NumInt,NumExt,Calle,Colonia,CodigoPostal,Estado,Salario,DiasLabor,Horario) VALUES (51,5,'KYNUE','ALATORRE','POLINA','1966-08-04','AOK660804','M','2013-11-01','2026-10-27',145,100,'Eje 4 Sur Chilpancingo','Iztapalapa',12041,'Chihuahua',16745,5,'11:16 AM');
INSERT INTO Cuidador(IDPersona,IDBioma,Nombre,ApellidoPaterno,ApellidoMaterno,Nacimiento,RFC,Genero,InicioContrato,FinContrato,NumInt,NumExt,Calle,Colonia,CodigoPostal,Estado,Salario,DiasLabor,Horario) VALUES (52,6,'BELISA','URREA','ARJON','1973-09-21','URB730921','F','2000-05-06','2028-01-06',28,50,'Eje 4 Norte Av. Refineria Azcapotzalco','Iztapalapa',6933,'Tamaulipas',13439,6,'5:02 AM');
INSERT INTO Cuidador(IDPersona,IDBioma,Nombre,ApellidoPaterno,ApellidoMaterno,Nacimiento,RFC,Genero,InicioContrato,FinContrato,NumInt,NumExt,Calle,Colonia,CodigoPostal,Estado,Salario,DiasLabor,Horario) VALUES (53,5,'LORELEY','NARES','HUIZAR','1969-09-28','NUL690928','M','2023-01-03','2028-11-06',147,102,'Av. Jesus Galindo y Villa','Iztapalapa',15115,'Guanajuato',11644,5,'11:55 AM');
INSERT INTO Cuidador(IDPersona,IDBioma,Nombre,ApellidoPaterno,ApellidoMaterno,Nacimiento,RFC,Genero,InicioContrato,FinContrato,NumInt,NumExt,Calle,Colonia,CodigoPostal,Estado,Salario,DiasLabor,Horario) VALUES (54,5,'ERICK','REDONA','TIEMPOS','1978-08-07','RIE780807','F','2008-05-30','2023-07-11',94,23,'Eje 5 Sur Prolongacion Marcelino Buendia','Tlalpan',1845,'Hidalgo',14059,6,'8:19 AM');
INSERT INTO Cuidador(IDPersona,IDBioma,Nombre,ApellidoPaterno,ApellidoMaterno,Nacimiento,RFC,Genero,InicioContrato,FinContrato,NumInt,NumExt,Calle,Colonia,CodigoPostal,Estado,Salario,DiasLabor,Horario) VALUES (55,4,'JENCARLO','TZOMPA','NEGRIN','1996-09-09','TEJ960909','F','2022-08-03','2025-01-24',87,74,'Av. Ricardo Flores Magon','Gustavo A. Madero',4296,'Ciudad de Mexico',10764,5,'6:29 AM');
INSERT INTO Cuidador(IDPersona,IDBioma,Nombre,ApellidoPaterno,ApellidoMaterno,Nacimiento,RFC,Genero,InicioContrato,FinContrato,NumInt,NumExt,Calle,Colonia,CodigoPostal,Estado,Salario,DiasLabor,Horario) VALUES (56,1,'ELEAZAR','PLOMOSO','Y MENDOZA','1969-12-19','P E691219','F','2011-03-12','2025-10-27',131,169,'Eje 1 Oriente Centenario','Coyoacán',7236,'Ciudad de Mexico',16881,6,'10:06 AM');
INSERT INTO Cuidador(IDPersona,IDBioma,Nombre,ApellidoPaterno,ApellidoMaterno,Nacimiento,RFC,Genero,InicioContrato,FinContrato,NumInt,NumExt,Calle,Colonia,CodigoPostal,Estado,Salario,DiasLabor,Horario) VALUES (57,3,'ESTEFANA','CAMARILLO','CEME','1997-04-29','CEE970429','M','2005-03-25','2024-01-15',47,15,'Eje 3 Oriente Av. 5','La Magdalena Contreras',12856,'Nuevo Leon',11770,5,'5:17 AM');
INSERT INTO Cuidador(IDPersona,IDBioma,Nombre,ApellidoPaterno,ApellidoMaterno,Nacimiento,RFC,Genero,InicioContrato,FinContrato,NumInt,NumExt,Calle,Colonia,CodigoPostal,Estado,Salario,DiasLabor,Horario) VALUES (58,6,'JUANCARLOS','CEREZO','AJA','1969-04-14','CJJ690414','F','2013-08-03','2023-04-25',29,126,'Eje 3 Norte 16 de Septiembre','Iztapalapa',15710,'Sonora',19286,5,'5:29 AM');
INSERT INTO Cuidador(IDPersona,IDBioma,Nombre,ApellidoPaterno,ApellidoMaterno,Nacimiento,RFC,Genero,InicioContrato,FinContrato,NumInt,NumExt,Calle,Colonia,CodigoPostal,Estado,Salario,DiasLabor,Horario) VALUES (59,2,'SOID','MORQUECHO','PEÑA','1995-01-24','MES950124','F','2010-09-03','2027-06-02',57,11,'Eje 1 Norte Mosqueta','Gustavo A. Madero',5144,'Tamaulipas',12096,6,'9:52 AM');
INSERT INTO Cuidador(IDPersona,IDBioma,Nombre,ApellidoPaterno,ApellidoMaterno,Nacimiento,RFC,Genero,InicioContrato,FinContrato,NumInt,NumExt,Calle,Colonia,CodigoPostal,Estado,Salario,DiasLabor,Horario) VALUES (60,4,'ODDE','ANGULO','SANTUARIO','1988-05-30','AAO880530','M','2015-05-02','2025-02-18',88,165,'Eje 5 Sur San Antonio','Tlalpan',3300,'Durango',13002,6,'11:48 AM');
INSERT INTO Cuidador(IDPersona,IDBioma,Nombre,ApellidoPaterno,ApellidoMaterno,Nacimiento,RFC,Genero,InicioContrato,FinContrato,NumInt,NumExt,Calle,Colonia,CodigoPostal,Estado,Salario,DiasLabor,Horario) VALUES (61,1,'YOLTIC','TELESFORO','MONFORTE','1996-01-28','TOY960128','F','2002-05-18','2024-05-16',111,149,'Casa del Obrero Mundial','Tlalpan',5616,'Tabasco',19175,5,'10:24 AM');
INSERT INTO Cuidador(IDPersona,IDBioma,Nombre,ApellidoPaterno,ApellidoMaterno,Nacimiento,RFC,Genero,InicioContrato,FinContrato,NumInt,NumExt,Calle,Colonia,CodigoPostal,Estado,Salario,DiasLabor,Horario) VALUES (62,8,'JULIA','COCOTLE','CASIANO','1997-03-02','CAJ970302','F','2015-06-26','2028-07-16',22,154,'Av. Division del Norte','Xochimilco',9178,'Tlaxcala',12282,6,'5:38 AM');
INSERT INTO Cuidador(IDPersona,IDBioma,Nombre,ApellidoPaterno,ApellidoMaterno,Nacimiento,RFC,Genero,InicioContrato,FinContrato,NumInt,NumExt,Calle,Colonia,CodigoPostal,Estado,Salario,DiasLabor,Horario) VALUES (63,2,'AMAURY','CHORENO','ZUART','1976-11-09','CUA761109','F','2013-02-28','2024-06-03',80,77,'Eje 4 Sur Napoleon','Venustiano Carranza',7580,'Puebla',10889,6,'11:13 AM');
INSERT INTO Cuidador(IDPersona,IDBioma,Nombre,ApellidoPaterno,ApellidoMaterno,Nacimiento,RFC,Genero,InicioContrato,FinContrato,NumInt,NumExt,Calle,Colonia,CodigoPostal,Estado,Salario,DiasLabor,Horario) VALUES (64,5,'ARAD','MIXTEGA','CASAS','1992-10-24','MAA921024','F','2022-11-09','2027-07-02',133,142,'Eje 2 Norte Av. 602','Álvaro Obregón',12889,'Tlaxcala',11465,5,'7:22 AM');
INSERT INTO Cuidador(IDPersona,IDBioma,Nombre,ApellidoPaterno,ApellidoMaterno,Nacimiento,RFC,Genero,InicioContrato,FinContrato,NumInt,NumExt,Calle,Colonia,CodigoPostal,Estado,Salario,DiasLabor,Horario) VALUES (65,4,'FRANCOIS','ARAOZ','BOLAINA','1994-01-07','AOF940107','M','2001-05-01','2028-12-25',95,113,'Eje 5 Oriente Av. Central','Iztapalapa',15623,'Guerrero',13389,6,'11:46 AM');
INSERT INTO Cuidador(IDPersona,IDBioma,Nombre,ApellidoPaterno,ApellidoMaterno,Nacimiento,RFC,Genero,InicioContrato,FinContrato,NumInt,NumExt,Calle,Colonia,CodigoPostal,Estado,Salario,DiasLabor,Horario) VALUES (66,8,'BRYANT','MOYRON','BUENAVENTURA','1990-11-24','MUB901124','M','2002-04-01','2027-12-11',146,109,'Calzada de Tlalpan','Gustavo A. Madero',2503,'Puebla',12309,5,'10:13 AM');
INSERT INTO Cuidador(IDPersona,IDBioma,Nombre,ApellidoPaterno,ApellidoMaterno,Nacimiento,RFC,Genero,InicioContrato,FinContrato,NumInt,NumExt,Calle,Colonia,CodigoPostal,Estado,Salario,DiasLabor,Horario) VALUES (67,1,'GALAHAD','COBOS','RICHKARDAY','1984-01-09','CIG840109','F','2014-03-26','2025-06-22',105,170,'Viaducto Rio de la Piedad','Xochimilco',2444,'Tlaxcala',11357,5,'10:34 AM');
INSERT INTO Cuidador(IDPersona,IDBioma,Nombre,ApellidoPaterno,ApellidoMaterno,Nacimiento,RFC,Genero,InicioContrato,FinContrato,NumInt,NumExt,Calle,Colonia,CodigoPostal,Estado,Salario,DiasLabor,Horario) VALUES (68,5,'ATHAN','PAAT','CORENO','1991-12-30','POA911230','M','2004-12-13','2026-12-04',117,15,'Av. Canal de Chalco','Iztapalapa',13144,'Tabasco',15988,6,'9:49 AM');
INSERT INTO Cuidador(IDPersona,IDBioma,Nombre,ApellidoPaterno,ApellidoMaterno,Nacimiento,RFC,Genero,InicioContrato,FinContrato,NumInt,NumExt,Calle,Colonia,CodigoPostal,Estado,Salario,DiasLabor,Horario) VALUES (69,6,'JETHRO','URIARTE','MONTORES','1975-06-15','UOJ750615','F','2021-08-15','2028-05-28',141,168,'Calzada de Guadalupe','Iztacalco',11802,'Aguascalientes',12690,6,'6:29 AM');
INSERT INTO Cuidador(IDPersona,IDBioma,Nombre,ApellidoPaterno,ApellidoMaterno,Nacimiento,RFC,Genero,InicioContrato,FinContrato,NumInt,NumExt,Calle,Colonia,CodigoPostal,Estado,Salario,DiasLabor,Horario) VALUES (70,5,'VIVIANNE','BIBIAN','NOGUEROLA','1989-03-16','BOV890316','F','2013-03-08','2023-10-12',124,19,'Eje 4 Oriente Canal Rio Churubusco','Tláhuac',12133,'Zacatecas',16749,5,'8:48 AM');
INSERT INTO Cuidador(IDPersona,IDBioma,Nombre,ApellidoPaterno,ApellidoMaterno,Nacimiento,RFC,Genero,InicioContrato,FinContrato,NumInt,NumExt,Calle,Colonia,CodigoPostal,Estado,Salario,DiasLabor,Horario) VALUES (71,7,'JESSIE','COATL','NAVA','1992-04-19','CAJ920419','M','2020-03-24','2024-03-13',105,24,'Calzada Xochimilco Tulyehualco','Álvaro Obregón',14666,'Chiapas',11581,6,'10:47 AM');
INSERT INTO Cuidador(IDPersona,IDBioma,Nombre,ApellidoPaterno,ApellidoMaterno,Nacimiento,RFC,Genero,InicioContrato,FinContrato,NumInt,NumExt,Calle,Colonia,CodigoPostal,Estado,Salario,DiasLabor,Horario) VALUES (72,8,'NAHUM','CURAL','ARTELLANO','1987-11-06','CRN871106','M','2019-03-03','2023-12-23',110,198,'Eje 2 Poniente Florencia','Álvaro Obregón',9642,'Guerrero',12157,6,'8:46 AM');
INSERT INTO Cuidador(IDPersona,IDBioma,Nombre,ApellidoPaterno,ApellidoMaterno,Nacimiento,RFC,Genero,InicioContrato,FinContrato,NumInt,NumExt,Calle,Colonia,CodigoPostal,Estado,Salario,DiasLabor,Horario) VALUES (73,4,'JAHDIEL','COPALCUA','FIALLO','1986-03-06','CIJ860306','M','2004-02-27','2027-05-22',35,132,'Eje 3 Oriente Francisco del Paso y Troncoso','Tlalpan',6712,'Aguascalientes',19904,6,'5:25 AM');
INSERT INTO Cuidador(IDPersona,IDBioma,Nombre,ApellidoPaterno,ApellidoMaterno,Nacimiento,RFC,Genero,InicioContrato,FinContrato,NumInt,NumExt,Calle,Colonia,CodigoPostal,Estado,Salario,DiasLabor,Horario) VALUES (74,1,'GASPAR','ANGELES','BURELA','1993-01-12','AUG930112','F','2004-03-06','2024-01-25',130,87,'Eje 5 Oriente Av. Lic. Javier Rojo Gomez','Venustiano Carranza',4638,'Oaxaca',15344,6,'9:41 AM');
INSERT INTO Cuidador(IDPersona,IDBioma,Nombre,ApellidoPaterno,ApellidoMaterno,Nacimiento,RFC,Genero,InicioContrato,FinContrato,NumInt,NumExt,Calle,Colonia,CodigoPostal,Estado,Salario,DiasLabor,Horario) VALUES (75,5,'ANDRES','BAIZABAL','REVUELTA','1965-08-17','BEA650817','F','2018-10-14','2023-02-07',150,56,'Av. Acueducto de Guadalupe','Gustavo A. Madero',9621,'Nayarit',14452,5,'8:56 AM');
INSERT INTO Cuidador(IDPersona,IDBioma,Nombre,ApellidoPaterno,ApellidoMaterno,Nacimiento,RFC,Genero,InicioContrato,FinContrato,NumInt,NumExt,Calle,Colonia,CodigoPostal,Estado,Salario,DiasLabor,Horario) VALUES (76,8,'YANAI','ELVIRA','URUENA','1966-08-13','ERY660813','M','2000-05-22','2026-11-29',28,119,'Eje 2 Poniente Florencia','La Magdalena Contreras',15018,'Yucatan',10839,6,'11:19 AM');
INSERT INTO Cuidador(IDPersona,IDBioma,Nombre,ApellidoPaterno,ApellidoMaterno,Nacimiento,RFC,Genero,InicioContrato,FinContrato,NumInt,NumExt,Calle,Colonia,CodigoPostal,Estado,Salario,DiasLabor,Horario) VALUES (77,3,'MAXIMA','TE','MANSUR','1989-12-26','TAM891226','F','2019-04-22','2024-11-06',129,109,'Bosque de la Reforma','Xochimilco',6660,'Morelos',18136,6,'8:01 AM');
INSERT INTO Cuidador(IDPersona,IDBioma,Nombre,ApellidoPaterno,ApellidoMaterno,Nacimiento,RFC,Genero,InicioContrato,FinContrato,NumInt,NumExt,Calle,Colonia,CodigoPostal,Estado,Salario,DiasLabor,Horario) VALUES (78,2,'JESSIE','BIZARRON','MARTIL','1993-10-07','BAJ931007','M','2016-04-26','2025-12-09',1,196,'Av. Salonica','Cuauhtémoc',10708,'Sinaloa',14568,6,'5:29 AM');
INSERT INTO Cuidador(IDPersona,IDBioma,Nombre,ApellidoPaterno,ApellidoMaterno,Nacimiento,RFC,Genero,InicioContrato,FinContrato,NumInt,NumExt,Calle,Colonia,CodigoPostal,Estado,Salario,DiasLabor,Horario) VALUES (79,6,'LORIEN','RIVEROL','VERJEL','1988-08-16','REL880816','M','2008-11-22','2025-10-17',8,63,'Av. de los Insurgentes Norte','Gustavo A. Madero',5771,'Oaxaca',16179,5,'11:49 AM');
INSERT INTO Cuidador(IDPersona,IDBioma,Nombre,ApellidoPaterno,ApellidoMaterno,Nacimiento,RFC,Genero,InicioContrato,FinContrato,NumInt,NumExt,Calle,Colonia,CodigoPostal,Estado,Salario,DiasLabor,Horario) VALUES (80,1,'YADIRA','PALOMEC','PERCASTRE','1974-08-29','PEY740829','M','2022-12-31','2028-06-10',132,19,'Av. San Jeronimo','Álvaro Obregón',10727,'Nuevo Leon',15232,5,'5:48 AM');
INSERT INTO Cuidador(IDPersona,IDBioma,Nombre,ApellidoPaterno,ApellidoMaterno,Nacimiento,RFC,Genero,InicioContrato,FinContrato,NumInt,NumExt,Calle,Colonia,CodigoPostal,Estado,Salario,DiasLabor,Horario) VALUES (81,6,'ESTHEFANIA','BARBERENA','BARANDA','1976-10-26','BAE761026','F','2018-02-03','2028-08-06',57,179,'Av. Zacatepetl','Iztapalapa',8032,'Puebla',16699,6,'5:48 AM');
INSERT INTO Cuidador(IDPersona,IDBioma,Nombre,ApellidoPaterno,ApellidoMaterno,Nacimiento,RFC,Genero,InicioContrato,FinContrato,NumInt,NumExt,Calle,Colonia,CodigoPostal,Estado,Salario,DiasLabor,Horario) VALUES (82,6,'ESTEFANY','ZAGADA','CARCAÑO','1997-11-15','ZAE971115','M','2016-04-26','2023-02-22',19,6,'Eje 10A Sur Av. San Jeronimo','Iztapalapa',10016,'Sinaloa',11234,6,'10:01 AM');
INSERT INTO Cuidador(IDPersona,IDBioma,Nombre,ApellidoPaterno,ApellidoMaterno,Nacimiento,RFC,Genero,InicioContrato,FinContrato,NumInt,NumExt,Calle,Colonia,CodigoPostal,Estado,Salario,DiasLabor,Horario) VALUES (83,8,'SACBE','UREIRO','ASCENCION','1996-04-22','USS960422','F','2002-09-06','2024-10-23',31,69,'Eje 5 Oriente Av. Lic. Javier Rojo Gomez','Xochimilco',3266,'Guanajuato',13934,5,'11:23 AM');
INSERT INTO Cuidador(IDPersona,IDBioma,Nombre,ApellidoPaterno,ApellidoMaterno,Nacimiento,RFC,Genero,InicioContrato,FinContrato,NumInt,NumExt,Calle,Colonia,CodigoPostal,Estado,Salario,DiasLabor,Horario) VALUES (84,8,'JENNIFER','CAÑEDO','UBIETA','1969-03-19','CBJ690319','M','2014-07-17','2025-12-04',38,58,'Calzada de los Misterios','Xochimilco',7136,'Puebla',13000,5,'8:51 AM');
INSERT INTO Cuidador(IDPersona,IDBioma,Nombre,ApellidoPaterno,ApellidoMaterno,Nacimiento,RFC,Genero,InicioContrato,FinContrato,NumInt,NumExt,Calle,Colonia,CodigoPostal,Estado,Salario,DiasLabor,Horario) VALUES (85,6,'SHANELL','BALLI','JOO','1966-01-08','BOS660108','F','2002-02-12','2025-11-30',9,153,'Año de Juarez','Gustavo A. Madero',15387,'Tlaxcala',17789,5,'11:54 AM');
INSERT INTO Cuidador(IDPersona,IDBioma,Nombre,ApellidoPaterno,ApellidoMaterno,Nacimiento,RFC,Genero,InicioContrato,FinContrato,NumInt,NumExt,Calle,Colonia,CodigoPostal,Estado,Salario,DiasLabor,Horario) VALUES (86,1,'DAEL','VERANO','LUEVANO','1991-12-09','VUD911209','M','2015-11-25','2029-12-19',6,144,'Av. Constituyentes','Álvaro Obregón',1047,'Nuevo Leon',10834,6,'8:24 AM');
INSERT INTO Cuidador(IDPersona,IDBioma,Nombre,ApellidoPaterno,ApellidoMaterno,Nacimiento,RFC,Genero,InicioContrato,FinContrato,NumInt,NumExt,Calle,Colonia,CodigoPostal,Estado,Salario,DiasLabor,Horario) VALUES (87,8,'DARIANA','MORGADO','TENORIO','1983-01-05','MED830105','M','2010-10-23','2026-01-27',12,27,'Eje 6 Sur Cardiologos','Iztapalapa',3183,'Jalisco',17364,6,'6:19 AM');
INSERT INTO Cuidador(IDPersona,IDBioma,Nombre,ApellidoPaterno,ApellidoMaterno,Nacimiento,RFC,Genero,InicioContrato,FinContrato,NumInt,NumExt,Calle,Colonia,CodigoPostal,Estado,Salario,DiasLabor,Horario) VALUES (88,4,'RAUDEL','SALMERON','SENCION','1984-06-24','SER840624','F','2021-08-04','2026-06-13',50,87,'Eje 7A Sur Emiliano Zapata','Álvaro Obregón',9661,'Tlaxcala',13743,6,'9:42 AM');
INSERT INTO Cuidador(IDPersona,IDBioma,Nombre,ApellidoPaterno,ApellidoMaterno,Nacimiento,RFC,Genero,InicioContrato,FinContrato,NumInt,NumExt,Calle,Colonia,CodigoPostal,Estado,Salario,DiasLabor,Horario) VALUES (89,2,'SARHAI','ARAMBURU','ANRUBIO','1984-01-23','ANS840123','M','2011-12-26','2024-08-17',39,150,'Av. Oceania','Azcapotzalco',12930,'Tabasco',12215,6,'11:53 AM');
INSERT INTO Cuidador(IDPersona,IDBioma,Nombre,ApellidoPaterno,ApellidoMaterno,Nacimiento,RFC,Genero,InicioContrato,FinContrato,NumInt,NumExt,Calle,Colonia,CodigoPostal,Estado,Salario,DiasLabor,Horario) VALUES (90,4,'IVANKA','CAMPOS','CARDEÑAS','1978-10-20','CAI781020','M','2022-02-05','2026-07-21',114,57,'Circuito Interior Rio Mixcoac','Álvaro Obregón',15314,'Nuevo Leon',18748,6,'8:55 AM');
INSERT INTO Cuidador(IDPersona,IDBioma,Nombre,ApellidoPaterno,ApellidoMaterno,Nacimiento,RFC,Genero,InicioContrato,FinContrato,NumInt,NumExt,Calle,Colonia,CodigoPostal,Estado,Salario,DiasLabor,Horario) VALUES (91,6,'YARETZY','DE ELIGIO','ARZALUZ','1989-07-17','DRY890717','M','2002-01-02','2025-07-15',40,200,'Av. Ejercito Nacional Mexicano','Gustavo A. Madero',7137,'Quintana Roo',10060,5,'9:27 AM');
INSERT INTO Cuidador(IDPersona,IDBioma,Nombre,ApellidoPaterno,ApellidoMaterno,Nacimiento,RFC,Genero,InicioContrato,FinContrato,NumInt,NumExt,Calle,Colonia,CodigoPostal,Estado,Salario,DiasLabor,Horario) VALUES (92,6,'ADRIANA','TRESS','ALMEDA','1996-04-10','TLA960410','F','2017-09-28','2023-02-21',128,114,'Camino al Desierto de los Leones','Tláhuac',2873,'Morelos',19384,6,'11:30 AM');
INSERT INTO Cuidador(IDPersona,IDBioma,Nombre,ApellidoPaterno,ApellidoMaterno,Nacimiento,RFC,Genero,InicioContrato,FinContrato,NumInt,NumExt,Calle,Colonia,CodigoPostal,Estado,Salario,DiasLabor,Horario) VALUES (93,4,'HERENDIRA','TZEK','CINCO','1975-05-28','TIH750528','M','2007-02-12','2024-02-12',143,190,'Eje 10A Sur Av. San Jeronimo','La Magdalena Contreras',7879,'San Luis Potosi',16233,5,'8:09 AM');
INSERT INTO Cuidador(IDPersona,IDBioma,Nombre,ApellidoPaterno,ApellidoMaterno,Nacimiento,RFC,Genero,InicioContrato,FinContrato,NumInt,NumExt,Calle,Colonia,CodigoPostal,Estado,Salario,DiasLabor,Horario) VALUES (94,5,'MIJAEL','SARRACINO','JUAN','1997-12-06','SUM971206','F','2015-12-12','2026-05-13',19,124,'Eje 10A Sur Av. San Jeronimo','Iztapalapa',3837,'Chihuahua',18148,6,'7:24 AM');
INSERT INTO Cuidador(IDPersona,IDBioma,Nombre,ApellidoPaterno,ApellidoMaterno,Nacimiento,RFC,Genero,InicioContrato,FinContrato,NumInt,NumExt,Calle,Colonia,CodigoPostal,Estado,Salario,DiasLabor,Horario) VALUES (95,3,'ILIA','PINZON','CARTAS','1969-05-17','PAI690517','F','2019-05-09','2023-08-26',74,144,'Eje 5 Norte Deportivo Reynosa','Álvaro Obregón',5059,'Puebla',16680,5,'7:09 AM');
INSERT INTO Cuidador(IDPersona,IDBioma,Nombre,ApellidoPaterno,ApellidoMaterno,Nacimiento,RFC,Genero,InicioContrato,FinContrato,NumInt,NumExt,Calle,Colonia,CodigoPostal,Estado,Salario,DiasLabor,Horario) VALUES (96,8,'RANDALL','MUKUL','DZUL','1993-02-27','MZR930227','M','2019-09-07','2027-03-18',31,93,'Av. Gavilan','Gustavo A. Madero',4996,'Nayarit',12629,6,'7:27 AM');
INSERT INTO Cuidador(IDPersona,IDBioma,Nombre,ApellidoPaterno,ApellidoMaterno,Nacimiento,RFC,Genero,InicioContrato,FinContrato,NumInt,NumExt,Calle,Colonia,CodigoPostal,Estado,Salario,DiasLabor,Horario) VALUES (97,6,'XABI','ZAVALZA','SOLORZANO','1998-05-13','ZOX980513','F','2022-05-21','2028-11-20',98,141,'Eje Central Av. Aztecas','Xochimilco',5871,'Hidalgo',10440,6,'11:22 AM');
INSERT INTO Cuidador(IDPersona,IDBioma,Nombre,ApellidoPaterno,ApellidoMaterno,Nacimiento,RFC,Genero,InicioContrato,FinContrato,NumInt,NumExt,Calle,Colonia,CodigoPostal,Estado,Salario,DiasLabor,Horario) VALUES (98,6,'LORETTO','ABAD','HUESO','1973-07-12','AUL730712','M','2022-04-02','2026-04-21',78,53,'Paseo de la Reforma','Benito Juárez',11640,'Colima',17526,5,'7:54 AM');
INSERT INTO Cuidador(IDPersona,IDBioma,Nombre,ApellidoPaterno,ApellidoMaterno,Nacimiento,RFC,Genero,InicioContrato,FinContrato,NumInt,NumExt,Calle,Colonia,CodigoPostal,Estado,Salario,DiasLabor,Horario) VALUES (99,8,'YING','GOYCOOLEA','PRIEGO','1978-02-24','GRY780224','F','2006-05-18','2027-11-24',36,183,'Eje 2 Norte Av. 602','Cuajimalpa de Morelos',1055,'Sinaloa',19703,5,'9:45 AM');
INSERT INTO Cuidador(IDPersona,IDBioma,Nombre,ApellidoPaterno,ApellidoMaterno,Nacimiento,RFC,Genero,InicioContrato,FinContrato,NumInt,NumExt,Calle,Colonia,CodigoPostal,Estado,Salario,DiasLabor,Horario) VALUES (100,6,'ALTAIR','VELARDE','MOYAO','1990-01-07','VOA900107','M','2019-06-01','2023-07-14',92,31,'Eje 2 Norte Av. Invierno','Cuajimalpa de Morelos',12550,'Tlaxcala',17956,6,'5:14 AM');

INSERT INTO ProveerAlimento(IDPersona,IDInsumo) VALUES (8,35);
INSERT INTO ProveerAlimento(IDPersona,IDInsumo) VALUES (52,35);
INSERT INTO ProveerAlimento(IDPersona,IDInsumo) VALUES (73,30);
INSERT INTO ProveerAlimento(IDPersona,IDInsumo) VALUES (46,48);
INSERT INTO ProveerAlimento(IDPersona,IDInsumo) VALUES (15,76);
INSERT INTO ProveerAlimento(IDPersona,IDInsumo) VALUES (58,34);
INSERT INTO ProveerAlimento(IDPersona,IDInsumo) VALUES (44,78);
INSERT INTO ProveerAlimento(IDPersona,IDInsumo) VALUES (91,60);
INSERT INTO ProveerAlimento(IDPersona,IDInsumo) VALUES (57,60);
INSERT INTO ProveerAlimento(IDPersona,IDInsumo) VALUES (7,1);
INSERT INTO ProveerAlimento(IDPersona,IDInsumo) VALUES (98,87);
INSERT INTO ProveerAlimento(IDPersona,IDInsumo) VALUES (95,40);
INSERT INTO ProveerAlimento(IDPersona,IDInsumo) VALUES (36,72);
INSERT INTO ProveerAlimento(IDPersona,IDInsumo) VALUES (6,27);
INSERT INTO ProveerAlimento(IDPersona,IDInsumo) VALUES (26,66);
INSERT INTO ProveerAlimento(IDPersona,IDInsumo) VALUES (15,46);
INSERT INTO ProveerAlimento(IDPersona,IDInsumo) VALUES (91,46);
INSERT INTO ProveerAlimento(IDPersona,IDInsumo) VALUES (91,73);
INSERT INTO ProveerAlimento(IDPersona,IDInsumo) VALUES (76,78);
INSERT INTO ProveerAlimento(IDPersona,IDInsumo) VALUES (3,68);
INSERT INTO ProveerAlimento(IDPersona,IDInsumo) VALUES (44,30);
INSERT INTO ProveerAlimento(IDPersona,IDInsumo) VALUES (61,29);
INSERT INTO ProveerAlimento(IDPersona,IDInsumo) VALUES (80,97);
INSERT INTO ProveerAlimento(IDPersona,IDInsumo) VALUES (74,80);
INSERT INTO ProveerAlimento(IDPersona,IDInsumo) VALUES (14,56);
INSERT INTO ProveerAlimento(IDPersona,IDInsumo) VALUES (11,85);
INSERT INTO ProveerAlimento(IDPersona,IDInsumo) VALUES (31,6);
INSERT INTO ProveerAlimento(IDPersona,IDInsumo) VALUES (87,44);
INSERT INTO ProveerAlimento(IDPersona,IDInsumo) VALUES (79,31);
INSERT INTO ProveerAlimento(IDPersona,IDInsumo) VALUES (54,48);
INSERT INTO ProveerAlimento(IDPersona,IDInsumo) VALUES (62,24);
INSERT INTO ProveerAlimento(IDPersona,IDInsumo) VALUES (68,78);
INSERT INTO ProveerAlimento(IDPersona,IDInsumo) VALUES (22,24);
INSERT INTO ProveerAlimento(IDPersona,IDInsumo) VALUES (13,36);
INSERT INTO ProveerAlimento(IDPersona,IDInsumo) VALUES (82,100);
INSERT INTO ProveerAlimento(IDPersona,IDInsumo) VALUES (80,60);
INSERT INTO ProveerAlimento(IDPersona,IDInsumo) VALUES (19,27);
INSERT INTO ProveerAlimento(IDPersona,IDInsumo) VALUES (8,36);
INSERT INTO ProveerAlimento(IDPersona,IDInsumo) VALUES (69,1);
INSERT INTO ProveerAlimento(IDPersona,IDInsumo) VALUES (83,20);
INSERT INTO ProveerAlimento(IDPersona,IDInsumo) VALUES (99,96);
INSERT INTO ProveerAlimento(IDPersona,IDInsumo) VALUES (47,13);
INSERT INTO ProveerAlimento(IDPersona,IDInsumo) VALUES (25,79);
INSERT INTO ProveerAlimento(IDPersona,IDInsumo) VALUES (2,79);
INSERT INTO ProveerAlimento(IDPersona,IDInsumo) VALUES (21,67);
INSERT INTO ProveerAlimento(IDPersona,IDInsumo) VALUES (43,88);
INSERT INTO ProveerAlimento(IDPersona,IDInsumo) VALUES (36,13);
INSERT INTO ProveerAlimento(IDPersona,IDInsumo) VALUES (17,62);
INSERT INTO ProveerAlimento(IDPersona,IDInsumo) VALUES (44,55);
INSERT INTO ProveerAlimento(IDPersona,IDInsumo) VALUES (14,26);
INSERT INTO ProveerAlimento(IDPersona,IDInsumo) VALUES (46,11);
INSERT INTO ProveerAlimento(IDPersona,IDInsumo) VALUES (52,83);
INSERT INTO ProveerAlimento(IDPersona,IDInsumo) VALUES (35,24);
INSERT INTO ProveerAlimento(IDPersona,IDInsumo) VALUES (20,27);
INSERT INTO ProveerAlimento(IDPersona,IDInsumo) VALUES (16,75);
INSERT INTO ProveerAlimento(IDPersona,IDInsumo) VALUES (93,36);
INSERT INTO ProveerAlimento(IDPersona,IDInsumo) VALUES (95,57);
INSERT INTO ProveerAlimento(IDPersona,IDInsumo) VALUES (98,89);
INSERT INTO ProveerAlimento(IDPersona,IDInsumo) VALUES (59,39);
INSERT INTO ProveerAlimento(IDPersona,IDInsumo) VALUES (92,28);
INSERT INTO ProveerAlimento(IDPersona,IDInsumo) VALUES (28,31);
INSERT INTO ProveerAlimento(IDPersona,IDInsumo) VALUES (43,95);
INSERT INTO ProveerAlimento(IDPersona,IDInsumo) VALUES (40,7);
INSERT INTO ProveerAlimento(IDPersona,IDInsumo) VALUES (63,89);
INSERT INTO ProveerAlimento(IDPersona,IDInsumo) VALUES (87,45);
INSERT INTO ProveerAlimento(IDPersona,IDInsumo) VALUES (48,66);
INSERT INTO ProveerAlimento(IDPersona,IDInsumo) VALUES (31,18);
INSERT INTO ProveerAlimento(IDPersona,IDInsumo) VALUES (56,35);
INSERT INTO ProveerAlimento(IDPersona,IDInsumo) VALUES (11,51);
INSERT INTO ProveerAlimento(IDPersona,IDInsumo) VALUES (64,22);
INSERT INTO ProveerAlimento(IDPersona,IDInsumo) VALUES (64,8);
INSERT INTO ProveerAlimento(IDPersona,IDInsumo) VALUES (76,47);
INSERT INTO ProveerAlimento(IDPersona,IDInsumo) VALUES (88,29);
INSERT INTO ProveerAlimento(IDPersona,IDInsumo) VALUES (39,48);
INSERT INTO ProveerAlimento(IDPersona,IDInsumo) VALUES (2,88);
INSERT INTO ProveerAlimento(IDPersona,IDInsumo) VALUES (33,4);
INSERT INTO ProveerAlimento(IDPersona,IDInsumo) VALUES (99,42);
INSERT INTO ProveerAlimento(IDPersona,IDInsumo) VALUES (5,58);
INSERT INTO ProveerAlimento(IDPersona,IDInsumo) VALUES (41,58);
INSERT INTO ProveerAlimento(IDPersona,IDInsumo) VALUES (23,32);
INSERT INTO ProveerAlimento(IDPersona,IDInsumo) VALUES (87,64);
INSERT INTO ProveerAlimento(IDPersona,IDInsumo) VALUES (48,35);
INSERT INTO ProveerAlimento(IDPersona,IDInsumo) VALUES (21,60);
INSERT INTO ProveerAlimento(IDPersona,IDInsumo) VALUES (15,7);
INSERT INTO ProveerAlimento(IDPersona,IDInsumo) VALUES (61,89);
INSERT INTO ProveerAlimento(IDPersona,IDInsumo) VALUES (46,29);
INSERT INTO ProveerAlimento(IDPersona,IDInsumo) VALUES (61,49);
INSERT INTO ProveerAlimento(IDPersona,IDInsumo) VALUES (51,4);
INSERT INTO ProveerAlimento(IDPersona,IDInsumo) VALUES (57,33);
INSERT INTO ProveerAlimento(IDPersona,IDInsumo) VALUES (63,51);
INSERT INTO ProveerAlimento(IDPersona,IDInsumo) VALUES (11,30);
INSERT INTO ProveerAlimento(IDPersona,IDInsumo) VALUES (90,81);
INSERT INTO ProveerAlimento(IDPersona,IDInsumo) VALUES (42,30);
INSERT INTO ProveerAlimento(IDPersona,IDInsumo) VALUES (52,50);
INSERT INTO ProveerAlimento(IDPersona,IDInsumo) VALUES (98,64);
INSERT INTO ProveerAlimento(IDPersona,IDInsumo) VALUES (60,13);
INSERT INTO ProveerAlimento(IDPersona,IDInsumo) VALUES (73,9);
INSERT INTO ProveerAlimento(IDPersona,IDInsumo) VALUES (14,84);
INSERT INTO ProveerAlimento(IDPersona,IDInsumo) VALUES (93,24);
INSERT INTO ProveerAlimento(IDPersona,IDInsumo) VALUES (15,68);

INSERT INTO ProveerMedicina(IDPersona,IDInsumo) VALUES (45,93);
INSERT INTO ProveerMedicina(IDPersona,IDInsumo) VALUES (47,48);
INSERT INTO ProveerMedicina(IDPersona,IDInsumo) VALUES (31,94);
INSERT INTO ProveerMedicina(IDPersona,IDInsumo) VALUES (75,99);
INSERT INTO ProveerMedicina(IDPersona,IDInsumo) VALUES (41,31);
INSERT INTO ProveerMedicina(IDPersona,IDInsumo) VALUES (8,13);
INSERT INTO ProveerMedicina(IDPersona,IDInsumo) VALUES (84,47);
INSERT INTO ProveerMedicina(IDPersona,IDInsumo) VALUES (63,71);
INSERT INTO ProveerMedicina(IDPersona,IDInsumo) VALUES (87,71);
INSERT INTO ProveerMedicina(IDPersona,IDInsumo) VALUES (63,13);
INSERT INTO ProveerMedicina(IDPersona,IDInsumo) VALUES (76,20);
INSERT INTO ProveerMedicina(IDPersona,IDInsumo) VALUES (67,11);
INSERT INTO ProveerMedicina(IDPersona,IDInsumo) VALUES (75,8);
INSERT INTO ProveerMedicina(IDPersona,IDInsumo) VALUES (62,59);
INSERT INTO ProveerMedicina(IDPersona,IDInsumo) VALUES (82,58);
INSERT INTO ProveerMedicina(IDPersona,IDInsumo) VALUES (22,77);
INSERT INTO ProveerMedicina(IDPersona,IDInsumo) VALUES (22,37);
INSERT INTO ProveerMedicina(IDPersona,IDInsumo) VALUES (74,78);
INSERT INTO ProveerMedicina(IDPersona,IDInsumo) VALUES (1,53);
INSERT INTO ProveerMedicina(IDPersona,IDInsumo) VALUES (19,53);
INSERT INTO ProveerMedicina(IDPersona,IDInsumo) VALUES (41,69);
INSERT INTO ProveerMedicina(IDPersona,IDInsumo) VALUES (38,19);
INSERT INTO ProveerMedicina(IDPersona,IDInsumo) VALUES (88,58);
INSERT INTO ProveerMedicina(IDPersona,IDInsumo) VALUES (98,63);
INSERT INTO ProveerMedicina(IDPersona,IDInsumo) VALUES (92,8);
INSERT INTO ProveerMedicina(IDPersona,IDInsumo) VALUES (56,3);
INSERT INTO ProveerMedicina(IDPersona,IDInsumo) VALUES (32,68);
INSERT INTO ProveerMedicina(IDPersona,IDInsumo) VALUES (97,58);
INSERT INTO ProveerMedicina(IDPersona,IDInsumo) VALUES (58,67);
INSERT INTO ProveerMedicina(IDPersona,IDInsumo) VALUES (24,37);
INSERT INTO ProveerMedicina(IDPersona,IDInsumo) VALUES (78,7);
INSERT INTO ProveerMedicina(IDPersona,IDInsumo) VALUES (15,87);
INSERT INTO ProveerMedicina(IDPersona,IDInsumo) VALUES (67,34);
INSERT INTO ProveerMedicina(IDPersona,IDInsumo) VALUES (10,34);
INSERT INTO ProveerMedicina(IDPersona,IDInsumo) VALUES (6,43);
INSERT INTO ProveerMedicina(IDPersona,IDInsumo) VALUES (1,54);
INSERT INTO ProveerMedicina(IDPersona,IDInsumo) VALUES (26,66);
INSERT INTO ProveerMedicina(IDPersona,IDInsumo) VALUES (45,68);
INSERT INTO ProveerMedicina(IDPersona,IDInsumo) VALUES (24,69);
INSERT INTO ProveerMedicina(IDPersona,IDInsumo) VALUES (91,97);
INSERT INTO ProveerMedicina(IDPersona,IDInsumo) VALUES (94,55);
INSERT INTO ProveerMedicina(IDPersona,IDInsumo) VALUES (96,8);
INSERT INTO ProveerMedicina(IDPersona,IDInsumo) VALUES (66,38);
INSERT INTO ProveerMedicina(IDPersona,IDInsumo) VALUES (94,47);
INSERT INTO ProveerMedicina(IDPersona,IDInsumo) VALUES (85,100);
INSERT INTO ProveerMedicina(IDPersona,IDInsumo) VALUES (37,98);
INSERT INTO ProveerMedicina(IDPersona,IDInsumo) VALUES (60,94);
INSERT INTO ProveerMedicina(IDPersona,IDInsumo) VALUES (65,69);
INSERT INTO ProveerMedicina(IDPersona,IDInsumo) VALUES (2,19);
INSERT INTO ProveerMedicina(IDPersona,IDInsumo) VALUES (75,62);
INSERT INTO ProveerMedicina(IDPersona,IDInsumo) VALUES (40,15);
INSERT INTO ProveerMedicina(IDPersona,IDInsumo) VALUES (48,87);
INSERT INTO ProveerMedicina(IDPersona,IDInsumo) VALUES (12,12);
INSERT INTO ProveerMedicina(IDPersona,IDInsumo) VALUES (9,45);
INSERT INTO ProveerMedicina(IDPersona,IDInsumo) VALUES (1,63);
INSERT INTO ProveerMedicina(IDPersona,IDInsumo) VALUES (11,22);
INSERT INTO ProveerMedicina(IDPersona,IDInsumo) VALUES (67,15);
INSERT INTO ProveerMedicina(IDPersona,IDInsumo) VALUES (29,93);
INSERT INTO ProveerMedicina(IDPersona,IDInsumo) VALUES (18,9);
INSERT INTO ProveerMedicina(IDPersona,IDInsumo) VALUES (51,23);
INSERT INTO ProveerMedicina(IDPersona,IDInsumo) VALUES (88,64);
INSERT INTO ProveerMedicina(IDPersona,IDInsumo) VALUES (1,55);
INSERT INTO ProveerMedicina(IDPersona,IDInsumo) VALUES (68,87);
INSERT INTO ProveerMedicina(IDPersona,IDInsumo) VALUES (19,25);
INSERT INTO ProveerMedicina(IDPersona,IDInsumo) VALUES (41,34);
INSERT INTO ProveerMedicina(IDPersona,IDInsumo) VALUES (16,60);
INSERT INTO ProveerMedicina(IDPersona,IDInsumo) VALUES (8,91);
INSERT INTO ProveerMedicina(IDPersona,IDInsumo) VALUES (29,42);
INSERT INTO ProveerMedicina(IDPersona,IDInsumo) VALUES (92,50);
INSERT INTO ProveerMedicina(IDPersona,IDInsumo) VALUES (7,48);
INSERT INTO ProveerMedicina(IDPersona,IDInsumo) VALUES (60,82);
INSERT INTO ProveerMedicina(IDPersona,IDInsumo) VALUES (84,48);
INSERT INTO ProveerMedicina(IDPersona,IDInsumo) VALUES (29,11);
INSERT INTO ProveerMedicina(IDPersona,IDInsumo) VALUES (35,68);
INSERT INTO ProveerMedicina(IDPersona,IDInsumo) VALUES (67,43);
INSERT INTO ProveerMedicina(IDPersona,IDInsumo) VALUES (24,90);
INSERT INTO ProveerMedicina(IDPersona,IDInsumo) VALUES (1,88);
INSERT INTO ProveerMedicina(IDPersona,IDInsumo) VALUES (47,75);
INSERT INTO ProveerMedicina(IDPersona,IDInsumo) VALUES (36,38);
INSERT INTO ProveerMedicina(IDPersona,IDInsumo) VALUES (12,74);
INSERT INTO ProveerMedicina(IDPersona,IDInsumo) VALUES (81,3);
INSERT INTO ProveerMedicina(IDPersona,IDInsumo) VALUES (61,47);
INSERT INTO ProveerMedicina(IDPersona,IDInsumo) VALUES (56,82);
INSERT INTO ProveerMedicina(IDPersona,IDInsumo) VALUES (86,70);
INSERT INTO ProveerMedicina(IDPersona,IDInsumo) VALUES (77,35);
INSERT INTO ProveerMedicina(IDPersona,IDInsumo) VALUES (86,37);
INSERT INTO ProveerMedicina(IDPersona,IDInsumo) VALUES (33,68);
INSERT INTO ProveerMedicina(IDPersona,IDInsumo) VALUES (69,67);
INSERT INTO ProveerMedicina(IDPersona,IDInsumo) VALUES (4,44);
INSERT INTO ProveerMedicina(IDPersona,IDInsumo) VALUES (33,95);
INSERT INTO ProveerMedicina(IDPersona,IDInsumo) VALUES (58,7);
INSERT INTO ProveerMedicina(IDPersona,IDInsumo) VALUES (67,13);
INSERT INTO ProveerMedicina(IDPersona,IDInsumo) VALUES (18,1);
INSERT INTO ProveerMedicina(IDPersona,IDInsumo) VALUES (38,57);
INSERT INTO ProveerMedicina(IDPersona,IDInsumo) VALUES (5,35);
INSERT INTO ProveerMedicina(IDPersona,IDInsumo) VALUES (33,36);
INSERT INTO ProveerMedicina(IDPersona,IDInsumo) VALUES (67,51);
INSERT INTO ProveerMedicina(IDPersona,IDInsumo) VALUES (63,32);
INSERT INTO ProveerMedicina(IDPersona,IDInsumo) VALUES (93,82);
INSERT INTO ProveerMedicina(IDPersona,IDInsumo) VALUES (14,52);

INSERT INTO DistribuirAlimento(IDBioma,IDInsumo) VALUES (2,63);
INSERT INTO DistribuirAlimento(IDBioma,IDInsumo) VALUES (3,27);
INSERT INTO DistribuirAlimento(IDBioma,IDInsumo) VALUES (3,25);
INSERT INTO DistribuirAlimento(IDBioma,IDInsumo) VALUES (8,47);
INSERT INTO DistribuirAlimento(IDBioma,IDInsumo) VALUES (3,45);
INSERT INTO DistribuirAlimento(IDBioma,IDInsumo) VALUES (8,71);
INSERT INTO DistribuirAlimento(IDBioma,IDInsumo) VALUES (8,89);
INSERT INTO DistribuirAlimento(IDBioma,IDInsumo) VALUES (3,25);
INSERT INTO DistribuirAlimento(IDBioma,IDInsumo) VALUES (5,61);
INSERT INTO DistribuirAlimento(IDBioma,IDInsumo) VALUES (3,30);
INSERT INTO DistribuirAlimento(IDBioma,IDInsumo) VALUES (2,28);
INSERT INTO DistribuirAlimento(IDBioma,IDInsumo) VALUES (8,70);
INSERT INTO DistribuirAlimento(IDBioma,IDInsumo) VALUES (6,32);
INSERT INTO DistribuirAlimento(IDBioma,IDInsumo) VALUES (3,91);
INSERT INTO DistribuirAlimento(IDBioma,IDInsumo) VALUES (7,58);
INSERT INTO DistribuirAlimento(IDBioma,IDInsumo) VALUES (7,57);
INSERT INTO DistribuirAlimento(IDBioma,IDInsumo) VALUES (6,98);
INSERT INTO DistribuirAlimento(IDBioma,IDInsumo) VALUES (5,22);
INSERT INTO DistribuirAlimento(IDBioma,IDInsumo) VALUES (2,12);
INSERT INTO DistribuirAlimento(IDBioma,IDInsumo) VALUES (7,6);
INSERT INTO DistribuirAlimento(IDBioma,IDInsumo) VALUES (8,56);
INSERT INTO DistribuirAlimento(IDBioma,IDInsumo) VALUES (7,40);
INSERT INTO DistribuirAlimento(IDBioma,IDInsumo) VALUES (8,2);
INSERT INTO DistribuirAlimento(IDBioma,IDInsumo) VALUES (5,57);
INSERT INTO DistribuirAlimento(IDBioma,IDInsumo) VALUES (7,87);
INSERT INTO DistribuirAlimento(IDBioma,IDInsumo) VALUES (1,61);
INSERT INTO DistribuirAlimento(IDBioma,IDInsumo) VALUES (2,17);
INSERT INTO DistribuirAlimento(IDBioma,IDInsumo) VALUES (3,49);
INSERT INTO DistribuirAlimento(IDBioma,IDInsumo) VALUES (5,47);
INSERT INTO DistribuirAlimento(IDBioma,IDInsumo) VALUES (8,15);
INSERT INTO DistribuirAlimento(IDBioma,IDInsumo) VALUES (7,60);
INSERT INTO DistribuirAlimento(IDBioma,IDInsumo) VALUES (8,14);
INSERT INTO DistribuirAlimento(IDBioma,IDInsumo) VALUES (2,37);
INSERT INTO DistribuirAlimento(IDBioma,IDInsumo) VALUES (7,73);
INSERT INTO DistribuirAlimento(IDBioma,IDInsumo) VALUES (6,45);
INSERT INTO DistribuirAlimento(IDBioma,IDInsumo) VALUES (2,1);
INSERT INTO DistribuirAlimento(IDBioma,IDInsumo) VALUES (4,51);
INSERT INTO DistribuirAlimento(IDBioma,IDInsumo) VALUES (1,79);
INSERT INTO DistribuirAlimento(IDBioma,IDInsumo) VALUES (7,9);
INSERT INTO DistribuirAlimento(IDBioma,IDInsumo) VALUES (2,50);
INSERT INTO DistribuirAlimento(IDBioma,IDInsumo) VALUES (2,26);
INSERT INTO DistribuirAlimento(IDBioma,IDInsumo) VALUES (1,84);
INSERT INTO DistribuirAlimento(IDBioma,IDInsumo) VALUES (2,15);
INSERT INTO DistribuirAlimento(IDBioma,IDInsumo) VALUES (1,1);
INSERT INTO DistribuirAlimento(IDBioma,IDInsumo) VALUES (7,49);
INSERT INTO DistribuirAlimento(IDBioma,IDInsumo) VALUES (1,67);
INSERT INTO DistribuirAlimento(IDBioma,IDInsumo) VALUES (4,86);
INSERT INTO DistribuirAlimento(IDBioma,IDInsumo) VALUES (2,50);
INSERT INTO DistribuirAlimento(IDBioma,IDInsumo) VALUES (3,81);
INSERT INTO DistribuirAlimento(IDBioma,IDInsumo) VALUES (4,94);
INSERT INTO DistribuirAlimento(IDBioma,IDInsumo) VALUES (7,99);
INSERT INTO DistribuirAlimento(IDBioma,IDInsumo) VALUES (8,87);
INSERT INTO DistribuirAlimento(IDBioma,IDInsumo) VALUES (5,9);
INSERT INTO DistribuirAlimento(IDBioma,IDInsumo) VALUES (5,11);
INSERT INTO DistribuirAlimento(IDBioma,IDInsumo) VALUES (2,47);
INSERT INTO DistribuirAlimento(IDBioma,IDInsumo) VALUES (3,79);
INSERT INTO DistribuirAlimento(IDBioma,IDInsumo) VALUES (4,74);
INSERT INTO DistribuirAlimento(IDBioma,IDInsumo) VALUES (6,65);
INSERT INTO DistribuirAlimento(IDBioma,IDInsumo) VALUES (4,55);
INSERT INTO DistribuirAlimento(IDBioma,IDInsumo) VALUES (8,68);
INSERT INTO DistribuirAlimento(IDBioma,IDInsumo) VALUES (8,31);
INSERT INTO DistribuirAlimento(IDBioma,IDInsumo) VALUES (7,83);
INSERT INTO DistribuirAlimento(IDBioma,IDInsumo) VALUES (5,6);
INSERT INTO DistribuirAlimento(IDBioma,IDInsumo) VALUES (5,67);
INSERT INTO DistribuirAlimento(IDBioma,IDInsumo) VALUES (4,61);
INSERT INTO DistribuirAlimento(IDBioma,IDInsumo) VALUES (5,32);
INSERT INTO DistribuirAlimento(IDBioma,IDInsumo) VALUES (4,47);
INSERT INTO DistribuirAlimento(IDBioma,IDInsumo) VALUES (5,79);
INSERT INTO DistribuirAlimento(IDBioma,IDInsumo) VALUES (2,69);
INSERT INTO DistribuirAlimento(IDBioma,IDInsumo) VALUES (5,68);
INSERT INTO DistribuirAlimento(IDBioma,IDInsumo) VALUES (8,5);
INSERT INTO DistribuirAlimento(IDBioma,IDInsumo) VALUES (5,34);
INSERT INTO DistribuirAlimento(IDBioma,IDInsumo) VALUES (2,5);
INSERT INTO DistribuirAlimento(IDBioma,IDInsumo) VALUES (1,85);
INSERT INTO DistribuirAlimento(IDBioma,IDInsumo) VALUES (3,11);
INSERT INTO DistribuirAlimento(IDBioma,IDInsumo) VALUES (7,93);
INSERT INTO DistribuirAlimento(IDBioma,IDInsumo) VALUES (6,2);
INSERT INTO DistribuirAlimento(IDBioma,IDInsumo) VALUES (6,27);
INSERT INTO DistribuirAlimento(IDBioma,IDInsumo) VALUES (2,99);
INSERT INTO DistribuirAlimento(IDBioma,IDInsumo) VALUES (5,1);
INSERT INTO DistribuirAlimento(IDBioma,IDInsumo) VALUES (6,57);
INSERT INTO DistribuirAlimento(IDBioma,IDInsumo) VALUES (8,61);
INSERT INTO DistribuirAlimento(IDBioma,IDInsumo) VALUES (6,81);
INSERT INTO DistribuirAlimento(IDBioma,IDInsumo) VALUES (2,83);
INSERT INTO DistribuirAlimento(IDBioma,IDInsumo) VALUES (6,96);
INSERT INTO DistribuirAlimento(IDBioma,IDInsumo) VALUES (6,75);
INSERT INTO DistribuirAlimento(IDBioma,IDInsumo) VALUES (5,53);
INSERT INTO DistribuirAlimento(IDBioma,IDInsumo) VALUES (5,96);
INSERT INTO DistribuirAlimento(IDBioma,IDInsumo) VALUES (4,35);
INSERT INTO DistribuirAlimento(IDBioma,IDInsumo) VALUES (8,100);
INSERT INTO DistribuirAlimento(IDBioma,IDInsumo) VALUES (8,4);
INSERT INTO DistribuirAlimento(IDBioma,IDInsumo) VALUES (8,67);
INSERT INTO DistribuirAlimento(IDBioma,IDInsumo) VALUES (7,83);
INSERT INTO DistribuirAlimento(IDBioma,IDInsumo) VALUES (6,26);
INSERT INTO DistribuirAlimento(IDBioma,IDInsumo) VALUES (3,10);
INSERT INTO DistribuirAlimento(IDBioma,IDInsumo) VALUES (8,22);
INSERT INTO DistribuirAlimento(IDBioma,IDInsumo) VALUES (4,41);
INSERT INTO DistribuirAlimento(IDBioma,IDInsumo) VALUES (7,62);
INSERT INTO DistribuirAlimento(IDBioma,IDInsumo) VALUES (7,10);
INSERT INTO DistribuirAlimento(IDBioma,IDInsumo) VALUES (3,74);

INSERT INTO DistribuirMedicina(IDBioma,IDInsumo) VALUES (6,33);
INSERT INTO DistribuirMedicina(IDBioma,IDInsumo) VALUES (5,6);
INSERT INTO DistribuirMedicina(IDBioma,IDInsumo) VALUES (7,77);
INSERT INTO DistribuirMedicina(IDBioma,IDInsumo) VALUES (5,73);
INSERT INTO DistribuirMedicina(IDBioma,IDInsumo) VALUES (5,86);
INSERT INTO DistribuirMedicina(IDBioma,IDInsumo) VALUES (4,14);
INSERT INTO DistribuirMedicina(IDBioma,IDInsumo) VALUES (6,22);
INSERT INTO DistribuirMedicina(IDBioma,IDInsumo) VALUES (6,3);
INSERT INTO DistribuirMedicina(IDBioma,IDInsumo) VALUES (1,5);
INSERT INTO DistribuirMedicina(IDBioma,IDInsumo) VALUES (5,91);
INSERT INTO DistribuirMedicina(IDBioma,IDInsumo) VALUES (7,4);
INSERT INTO DistribuirMedicina(IDBioma,IDInsumo) VALUES (4,92);
INSERT INTO DistribuirMedicina(IDBioma,IDInsumo) VALUES (1,42);
INSERT INTO DistribuirMedicina(IDBioma,IDInsumo) VALUES (3,63);
INSERT INTO DistribuirMedicina(IDBioma,IDInsumo) VALUES (4,23);
INSERT INTO DistribuirMedicina(IDBioma,IDInsumo) VALUES (2,74);
INSERT INTO DistribuirMedicina(IDBioma,IDInsumo) VALUES (5,15);
INSERT INTO DistribuirMedicina(IDBioma,IDInsumo) VALUES (4,3);
INSERT INTO DistribuirMedicina(IDBioma,IDInsumo) VALUES (6,96);
INSERT INTO DistribuirMedicina(IDBioma,IDInsumo) VALUES (4,39);
INSERT INTO DistribuirMedicina(IDBioma,IDInsumo) VALUES (3,29);
INSERT INTO DistribuirMedicina(IDBioma,IDInsumo) VALUES (3,81);
INSERT INTO DistribuirMedicina(IDBioma,IDInsumo) VALUES (3,28);
INSERT INTO DistribuirMedicina(IDBioma,IDInsumo) VALUES (6,17);
INSERT INTO DistribuirMedicina(IDBioma,IDInsumo) VALUES (3,95);
INSERT INTO DistribuirMedicina(IDBioma,IDInsumo) VALUES (5,27);
INSERT INTO DistribuirMedicina(IDBioma,IDInsumo) VALUES (1,68);
INSERT INTO DistribuirMedicina(IDBioma,IDInsumo) VALUES (8,20);
INSERT INTO DistribuirMedicina(IDBioma,IDInsumo) VALUES (2,62);
INSERT INTO DistribuirMedicina(IDBioma,IDInsumo) VALUES (7,63);
INSERT INTO DistribuirMedicina(IDBioma,IDInsumo) VALUES (1,35);
INSERT INTO DistribuirMedicina(IDBioma,IDInsumo) VALUES (1,29);
INSERT INTO DistribuirMedicina(IDBioma,IDInsumo) VALUES (7,29);
INSERT INTO DistribuirMedicina(IDBioma,IDInsumo) VALUES (3,58);
INSERT INTO DistribuirMedicina(IDBioma,IDInsumo) VALUES (4,27);
INSERT INTO DistribuirMedicina(IDBioma,IDInsumo) VALUES (2,45);
INSERT INTO DistribuirMedicina(IDBioma,IDInsumo) VALUES (3,60);
INSERT INTO DistribuirMedicina(IDBioma,IDInsumo) VALUES (4,54);
INSERT INTO DistribuirMedicina(IDBioma,IDInsumo) VALUES (6,38);
INSERT INTO DistribuirMedicina(IDBioma,IDInsumo) VALUES (5,33);
INSERT INTO DistribuirMedicina(IDBioma,IDInsumo) VALUES (5,75);
INSERT INTO DistribuirMedicina(IDBioma,IDInsumo) VALUES (8,11);
INSERT INTO DistribuirMedicina(IDBioma,IDInsumo) VALUES (2,22);
INSERT INTO DistribuirMedicina(IDBioma,IDInsumo) VALUES (2,52);
INSERT INTO DistribuirMedicina(IDBioma,IDInsumo) VALUES (7,91);
INSERT INTO DistribuirMedicina(IDBioma,IDInsumo) VALUES (2,66);
INSERT INTO DistribuirMedicina(IDBioma,IDInsumo) VALUES (3,77);
INSERT INTO DistribuirMedicina(IDBioma,IDInsumo) VALUES (7,45);
INSERT INTO DistribuirMedicina(IDBioma,IDInsumo) VALUES (1,4);
INSERT INTO DistribuirMedicina(IDBioma,IDInsumo) VALUES (2,98);
INSERT INTO DistribuirMedicina(IDBioma,IDInsumo) VALUES (4,46);
INSERT INTO DistribuirMedicina(IDBioma,IDInsumo) VALUES (7,25);
INSERT INTO DistribuirMedicina(IDBioma,IDInsumo) VALUES (2,81);
INSERT INTO DistribuirMedicina(IDBioma,IDInsumo) VALUES (2,25);
INSERT INTO DistribuirMedicina(IDBioma,IDInsumo) VALUES (2,43);
INSERT INTO DistribuirMedicina(IDBioma,IDInsumo) VALUES (3,75);
INSERT INTO DistribuirMedicina(IDBioma,IDInsumo) VALUES (6,34);
INSERT INTO DistribuirMedicina(IDBioma,IDInsumo) VALUES (4,48);
INSERT INTO DistribuirMedicina(IDBioma,IDInsumo) VALUES (8,81);
INSERT INTO DistribuirMedicina(IDBioma,IDInsumo) VALUES (6,97);
INSERT INTO DistribuirMedicina(IDBioma,IDInsumo) VALUES (2,65);
INSERT INTO DistribuirMedicina(IDBioma,IDInsumo) VALUES (7,30);
INSERT INTO DistribuirMedicina(IDBioma,IDInsumo) VALUES (6,6);
INSERT INTO DistribuirMedicina(IDBioma,IDInsumo) VALUES (5,90);
INSERT INTO DistribuirMedicina(IDBioma,IDInsumo) VALUES (3,63);
INSERT INTO DistribuirMedicina(IDBioma,IDInsumo) VALUES (4,84);
INSERT INTO DistribuirMedicina(IDBioma,IDInsumo) VALUES (7,74);
INSERT INTO DistribuirMedicina(IDBioma,IDInsumo) VALUES (8,53);
INSERT INTO DistribuirMedicina(IDBioma,IDInsumo) VALUES (6,56);
INSERT INTO DistribuirMedicina(IDBioma,IDInsumo) VALUES (5,13);
INSERT INTO DistribuirMedicina(IDBioma,IDInsumo) VALUES (4,46);
INSERT INTO DistribuirMedicina(IDBioma,IDInsumo) VALUES (6,27);
INSERT INTO DistribuirMedicina(IDBioma,IDInsumo) VALUES (8,95);
INSERT INTO DistribuirMedicina(IDBioma,IDInsumo) VALUES (1,26);
INSERT INTO DistribuirMedicina(IDBioma,IDInsumo) VALUES (2,96);
INSERT INTO DistribuirMedicina(IDBioma,IDInsumo) VALUES (7,96);
INSERT INTO DistribuirMedicina(IDBioma,IDInsumo) VALUES (8,53);
INSERT INTO DistribuirMedicina(IDBioma,IDInsumo) VALUES (6,78);
INSERT INTO DistribuirMedicina(IDBioma,IDInsumo) VALUES (6,4);
INSERT INTO DistribuirMedicina(IDBioma,IDInsumo) VALUES (3,100);
INSERT INTO DistribuirMedicina(IDBioma,IDInsumo) VALUES (5,43);
INSERT INTO DistribuirMedicina(IDBioma,IDInsumo) VALUES (6,33);
INSERT INTO DistribuirMedicina(IDBioma,IDInsumo) VALUES (5,29);
INSERT INTO DistribuirMedicina(IDBioma,IDInsumo) VALUES (8,79);
INSERT INTO DistribuirMedicina(IDBioma,IDInsumo) VALUES (3,31);
INSERT INTO DistribuirMedicina(IDBioma,IDInsumo) VALUES (5,39);
INSERT INTO DistribuirMedicina(IDBioma,IDInsumo) VALUES (3,82);
INSERT INTO DistribuirMedicina(IDBioma,IDInsumo) VALUES (4,12);
INSERT INTO DistribuirMedicina(IDBioma,IDInsumo) VALUES (7,1);
INSERT INTO DistribuirMedicina(IDBioma,IDInsumo) VALUES (2,45);
INSERT INTO DistribuirMedicina(IDBioma,IDInsumo) VALUES (3,20);
INSERT INTO DistribuirMedicina(IDBioma,IDInsumo) VALUES (3,21);
INSERT INTO DistribuirMedicina(IDBioma,IDInsumo) VALUES (3,43);
INSERT INTO DistribuirMedicina(IDBioma,IDInsumo) VALUES (2,75);
INSERT INTO DistribuirMedicina(IDBioma,IDInsumo) VALUES (5,62);
INSERT INTO DistribuirMedicina(IDBioma,IDInsumo) VALUES (2,41);
INSERT INTO DistribuirMedicina(IDBioma,IDInsumo) VALUES (5,17);
INSERT INTO DistribuirMedicina(IDBioma,IDInsumo) VALUES (3,47);
INSERT INTO DistribuirMedicina(IDBioma,IDInsumo) VALUES (8,59);
INSERT INTO DistribuirMedicina(IDBioma,IDInsumo) VALUES (3,24);

INSERT INTO CorreoCuidador(IDPersona,Correo) VALUES (63,'knarramore0@reddit.com');
INSERT INTO CorreoCuidador(IDPersona,Correo) VALUES (18,'lmullane1@wunderground.com');
INSERT INTO CorreoCuidador(IDPersona,Correo) VALUES (41,'lmcgarel2@timesonline.co.uk');
INSERT INTO CorreoCuidador(IDPersona,Correo) VALUES (36,'btoolan3@ask.com');
INSERT INTO CorreoCuidador(IDPersona,Correo) VALUES (41,'rdonlon4@hibu.com');
INSERT INTO CorreoCuidador(IDPersona,Correo) VALUES (66,'dnovotna5@google.ca');
INSERT INTO CorreoCuidador(IDPersona,Correo) VALUES (58,'sdon6@cmu.edu');
INSERT INTO CorreoCuidador(IDPersona,Correo) VALUES (34,'etollet7@apache.org');
INSERT INTO CorreoCuidador(IDPersona,Correo) VALUES (42,'gkeemer8@google.com');
INSERT INTO CorreoCuidador(IDPersona,Correo) VALUES (90,'tvakhonin9@yale.edu');
INSERT INTO CorreoCuidador(IDPersona,Correo) VALUES (78,'efischera@mozilla.org');
INSERT INTO CorreoCuidador(IDPersona,Correo) VALUES (43,'bsummerillb@dailymail.co.uk');
INSERT INTO CorreoCuidador(IDPersona,Correo) VALUES (7,'nfarmeryc@fotki.com');
INSERT INTO CorreoCuidador(IDPersona,Correo) VALUES (72,'mhousbyd@china.com.cn');
INSERT INTO CorreoCuidador(IDPersona,Correo) VALUES (20,'pblackslande@virginia.edu');
INSERT INTO CorreoCuidador(IDPersona,Correo) VALUES (36,'lwarrenerf@quantcast.com');
INSERT INTO CorreoCuidador(IDPersona,Correo) VALUES (50,'broydeng@nationalgeographic.com');
INSERT INTO CorreoCuidador(IDPersona,Correo) VALUES (82,'ccorwoodh@bandcamp.com');
INSERT INTO CorreoCuidador(IDPersona,Correo) VALUES (55,'gkarlolczaki@ycombinator.com');
INSERT INTO CorreoCuidador(IDPersona,Correo) VALUES (26,'oepinoyj@linkedin.com');
INSERT INTO CorreoCuidador(IDPersona,Correo) VALUES (79,'caslettk@prnewswire.com');
INSERT INTO CorreoCuidador(IDPersona,Correo) VALUES (14,'ggourliel@amazon.co.jp');
INSERT INTO CorreoCuidador(IDPersona,Correo) VALUES (9,'fkillenm@yahoo.com');
INSERT INTO CorreoCuidador(IDPersona,Correo) VALUES (100,'pkinnearn@walmart.com');
INSERT INTO CorreoCuidador(IDPersona,Correo) VALUES (74,'rgrebnero@t.co');
INSERT INTO CorreoCuidador(IDPersona,Correo) VALUES (67,'ggiovannillip@tonline.de');
INSERT INTO CorreoCuidador(IDPersona,Correo) VALUES (57,'kcastelletq@topsy.com');
INSERT INTO CorreoCuidador(IDPersona,Correo) VALUES (73,'csellwoodr@reg.co.uk');
INSERT INTO CorreoCuidador(IDPersona,Correo) VALUES (57,'rtomensons@biglobe.ne.jp');
INSERT INTO CorreoCuidador(IDPersona,Correo) VALUES (54,'atrowelt@google.com');
INSERT INTO CorreoCuidador(IDPersona,Correo) VALUES (77,'bgarriqueu@npr.org');
INSERT INTO CorreoCuidador(IDPersona,Correo) VALUES (3,'ikedwardv@bloglovin.com');
INSERT INTO CorreoCuidador(IDPersona,Correo) VALUES (89,'llamckenw@globo.com');
INSERT INTO CorreoCuidador(IDPersona,Correo) VALUES (19,'sdurtnellx@ox.ac.uk');
INSERT INTO CorreoCuidador(IDPersona,Correo) VALUES (27,'dkinchy@istockphoto.com');
INSERT INTO CorreoCuidador(IDPersona,Correo) VALUES (83,'eparsissonz@amazonaws.com');
INSERT INTO CorreoCuidador(IDPersona,Correo) VALUES (92,'jnalder10@opensource.org');
INSERT INTO CorreoCuidador(IDPersona,Correo) VALUES (70,'llhommeau11@ycombinator.com');
INSERT INTO CorreoCuidador(IDPersona,Correo) VALUES (8,'sallaker12@etsy.com');
INSERT INTO CorreoCuidador(IDPersona,Correo) VALUES (44,'dsells13@naver.com');
INSERT INTO CorreoCuidador(IDPersona,Correo) VALUES (61,'fhun14@linkedin.com');
INSERT INTO CorreoCuidador(IDPersona,Correo) VALUES (79,'jauletta15@yandex.ru');
INSERT INTO CorreoCuidador(IDPersona,Correo) VALUES (11,'pjenk16@desdev.cn');
INSERT INTO CorreoCuidador(IDPersona,Correo) VALUES (69,'dsiggins17@yahoo.com');
INSERT INTO CorreoCuidador(IDPersona,Correo) VALUES (56,'ihassen18@dell.com');
INSERT INTO CorreoCuidador(IDPersona,Correo) VALUES (88,'hcullivan19@gmpg.org');
INSERT INTO CorreoCuidador(IDPersona,Correo) VALUES (71,'cmacilriach1a@hao.com');
INSERT INTO CorreoCuidador(IDPersona,Correo) VALUES (24,'frudgley1b@linkedin.com');
INSERT INTO CorreoCuidador(IDPersona,Correo) VALUES (82,'jbullman1c@fastcompany.com');
INSERT INTO CorreoCuidador(IDPersona,Correo) VALUES (69,'cblais1d@jimdo.com');
INSERT INTO CorreoCuidador(IDPersona,Correo) VALUES (83,'nmckeowon1e@artisteer.com');
INSERT INTO CorreoCuidador(IDPersona,Correo) VALUES (15,'cgibbon1f@prlog.org');
INSERT INTO CorreoCuidador(IDPersona,Correo) VALUES (35,'estudart1g@economist.com');
INSERT INTO CorreoCuidador(IDPersona,Correo) VALUES (86,'oiacofo1h@eventbrite.com');
INSERT INTO CorreoCuidador(IDPersona,Correo) VALUES (78,'rbignell1i@photobucket.com');
INSERT INTO CorreoCuidador(IDPersona,Correo) VALUES (92,'reveritt1j@mac.com');
INSERT INTO CorreoCuidador(IDPersona,Correo) VALUES (89,'uhurley1k@google.ru');
INSERT INTO CorreoCuidador(IDPersona,Correo) VALUES (73,'mcatcheside1l@patch.com');
INSERT INTO CorreoCuidador(IDPersona,Correo) VALUES (6,'bmorsley1m@soup.io');
INSERT INTO CorreoCuidador(IDPersona,Correo) VALUES (50,'kashlee1n@amazon.co.jp');
INSERT INTO CorreoCuidador(IDPersona,Correo) VALUES (1,'ecarlesi1o@ucoz.ru');
INSERT INTO CorreoCuidador(IDPersona,Correo) VALUES (14,'choltaway1p@latimes.com');
INSERT INTO CorreoCuidador(IDPersona,Correo) VALUES (8,'ehaistwell1q@sun.com');
INSERT INTO CorreoCuidador(IDPersona,Correo) VALUES (83,'vtulloch1r@about.com');
INSERT INTO CorreoCuidador(IDPersona,Correo) VALUES (48,'dkimmings1s@cdbaby.com');
INSERT INTO CorreoCuidador(IDPersona,Correo) VALUES (25,'cameerbeg1t@de.vu');
INSERT INTO CorreoCuidador(IDPersona,Correo) VALUES (79,'hsyalvester1u@mlb.com');
INSERT INTO CorreoCuidador(IDPersona,Correo) VALUES (20,'gmcguiness1v@admin.ch');
INSERT INTO CorreoCuidador(IDPersona,Correo) VALUES (76,'salexander1w@mtv.com');
INSERT INTO CorreoCuidador(IDPersona,Correo) VALUES (21,'bborghese1x@topsy.com');
INSERT INTO CorreoCuidador(IDPersona,Correo) VALUES (53,'rwareing1y@deliciousdays.com');
INSERT INTO CorreoCuidador(IDPersona,Correo) VALUES (48,'bvesty1z@freewebs.com');
INSERT INTO CorreoCuidador(IDPersona,Correo) VALUES (41,'sgibbings20@narod.ru');
INSERT INTO CorreoCuidador(IDPersona,Correo) VALUES (40,'jpyecroft21@topsy.com');
INSERT INTO CorreoCuidador(IDPersona,Correo) VALUES (4,'bcayser22@mashable.com');
INSERT INTO CorreoCuidador(IDPersona,Correo) VALUES (88,'lcawthra23@weebly.com');
INSERT INTO CorreoCuidador(IDPersona,Correo) VALUES (61,'estrickland24@phpbb.com');
INSERT INTO CorreoCuidador(IDPersona,Correo) VALUES (22,'mnore25@wordpress.com');
INSERT INTO CorreoCuidador(IDPersona,Correo) VALUES (38,'mvinnick26@jalbum.net');
INSERT INTO CorreoCuidador(IDPersona,Correo) VALUES (76,'aflamank27@desdev.cn');
INSERT INTO CorreoCuidador(IDPersona,Correo) VALUES (86,'bbakhrushkin28@twitpic.com');
INSERT INTO CorreoCuidador(IDPersona,Correo) VALUES (52,'ctytherton29@gnu.org');
INSERT INTO CorreoCuidador(IDPersona,Correo) VALUES (85,'carmand2a@webs.com');
INSERT INTO CorreoCuidador(IDPersona,Correo) VALUES (95,'feberts2b@sohu.com');
INSERT INTO CorreoCuidador(IDPersona,Correo) VALUES (84,'opridden2c@networkadvertising.org');
INSERT INTO CorreoCuidador(IDPersona,Correo) VALUES (43,'lmarl2d@hud.gov');
INSERT INTO CorreoCuidador(IDPersona,Correo) VALUES (3,'aferrarello2e@java.com');
INSERT INTO CorreoCuidador(IDPersona,Correo) VALUES (53,'bpitkeathly2f@cloudflare.com');
INSERT INTO CorreoCuidador(IDPersona,Correo) VALUES (12,'vsoutter2g@discovery.com');
INSERT INTO CorreoCuidador(IDPersona,Correo) VALUES (23,'afinneran2h@mozilla.com');
INSERT INTO CorreoCuidador(IDPersona,Correo) VALUES (87,'cconstant2i@seattletimes.com');
INSERT INTO CorreoCuidador(IDPersona,Correo) VALUES (59,'alind2j@netscape.com');
INSERT INTO CorreoCuidador(IDPersona,Correo) VALUES (45,'evoisey2k@washington.edu');
INSERT INTO CorreoCuidador(IDPersona,Correo) VALUES (76,'dpooley2l@huffingtonpost.com');
INSERT INTO CorreoCuidador(IDPersona,Correo) VALUES (2,'ifouch2m@geocities.jp');
INSERT INTO CorreoCuidador(IDPersona,Correo) VALUES (56,'acurwood2n@blinklist.com');
INSERT INTO CorreoCuidador(IDPersona,Correo) VALUES (93,'lrobathon2o@paypal.com');
INSERT INTO CorreoCuidador(IDPersona,Correo) VALUES (35,'jnettles2p@foxnews.com');
INSERT INTO CorreoCuidador(IDPersona,Correo) VALUES (93,'owratten2q@nature.com');
INSERT INTO CorreoCuidador(IDPersona,Correo) VALUES (39,'pklemt2r@merriamwebster.com');

INSERT INTO TelefonoCuidador(IDPersona,Telefono) VALUES (1,5590512381);
INSERT INTO TelefonoCuidador(IDPersona,Telefono) VALUES (80,5597735536);
INSERT INTO TelefonoCuidador(IDPersona,Telefono) VALUES (43,5525182954);
INSERT INTO TelefonoCuidador(IDPersona,Telefono) VALUES (79,5594559744);
INSERT INTO TelefonoCuidador(IDPersona,Telefono) VALUES (48,5551154674);
INSERT INTO TelefonoCuidador(IDPersona,Telefono) VALUES (71,5546775161);
INSERT INTO TelefonoCuidador(IDPersona,Telefono) VALUES (75,5526964761);
INSERT INTO TelefonoCuidador(IDPersona,Telefono) VALUES (36,5571350758);
INSERT INTO TelefonoCuidador(IDPersona,Telefono) VALUES (15,5538084394);
INSERT INTO TelefonoCuidador(IDPersona,Telefono) VALUES (78,5535351634);
INSERT INTO TelefonoCuidador(IDPersona,Telefono) VALUES (69,5579922582);
INSERT INTO TelefonoCuidador(IDPersona,Telefono) VALUES (5,5573170230);
INSERT INTO TelefonoCuidador(IDPersona,Telefono) VALUES (38,5597490179);
INSERT INTO TelefonoCuidador(IDPersona,Telefono) VALUES (97,5578822231);
INSERT INTO TelefonoCuidador(IDPersona,Telefono) VALUES (88,5515798614);
INSERT INTO TelefonoCuidador(IDPersona,Telefono) VALUES (35,5576356693);
INSERT INTO TelefonoCuidador(IDPersona,Telefono) VALUES (11,5540669412);
INSERT INTO TelefonoCuidador(IDPersona,Telefono) VALUES (23,5588716985);
INSERT INTO TelefonoCuidador(IDPersona,Telefono) VALUES (28,5555264682);
INSERT INTO TelefonoCuidador(IDPersona,Telefono) VALUES (90,5561256024);
INSERT INTO TelefonoCuidador(IDPersona,Telefono) VALUES (45,5555511055);
INSERT INTO TelefonoCuidador(IDPersona,Telefono) VALUES (21,5599077315);
INSERT INTO TelefonoCuidador(IDPersona,Telefono) VALUES (20,5590349647);
INSERT INTO TelefonoCuidador(IDPersona,Telefono) VALUES (29,5565942480);
INSERT INTO TelefonoCuidador(IDPersona,Telefono) VALUES (17,5573096934);
INSERT INTO TelefonoCuidador(IDPersona,Telefono) VALUES (88,5520911744);
INSERT INTO TelefonoCuidador(IDPersona,Telefono) VALUES (93,5535649964);
INSERT INTO TelefonoCuidador(IDPersona,Telefono) VALUES (75,5558631481);
INSERT INTO TelefonoCuidador(IDPersona,Telefono) VALUES (42,5541960204);
INSERT INTO TelefonoCuidador(IDPersona,Telefono) VALUES (44,5568189594);
INSERT INTO TelefonoCuidador(IDPersona,Telefono) VALUES (17,5521370075);
INSERT INTO TelefonoCuidador(IDPersona,Telefono) VALUES (62,5525175715);
INSERT INTO TelefonoCuidador(IDPersona,Telefono) VALUES (59,5559995950);
INSERT INTO TelefonoCuidador(IDPersona,Telefono) VALUES (2,5542499450);
INSERT INTO TelefonoCuidador(IDPersona,Telefono) VALUES (6,5599895828);
INSERT INTO TelefonoCuidador(IDPersona,Telefono) VALUES (38,5544218061);
INSERT INTO TelefonoCuidador(IDPersona,Telefono) VALUES (5,5546032207);
INSERT INTO TelefonoCuidador(IDPersona,Telefono) VALUES (71,5511480606);
INSERT INTO TelefonoCuidador(IDPersona,Telefono) VALUES (98,5571118909);
INSERT INTO TelefonoCuidador(IDPersona,Telefono) VALUES (100,5561356962);
INSERT INTO TelefonoCuidador(IDPersona,Telefono) VALUES (34,5549169223);
INSERT INTO TelefonoCuidador(IDPersona,Telefono) VALUES (19,5542436932);
INSERT INTO TelefonoCuidador(IDPersona,Telefono) VALUES (47,5515163678);
INSERT INTO TelefonoCuidador(IDPersona,Telefono) VALUES (49,5512489378);
INSERT INTO TelefonoCuidador(IDPersona,Telefono) VALUES (77,5527990373);
INSERT INTO TelefonoCuidador(IDPersona,Telefono) VALUES (27,5578617522);
INSERT INTO TelefonoCuidador(IDPersona,Telefono) VALUES (39,5587283939);
INSERT INTO TelefonoCuidador(IDPersona,Telefono) VALUES (13,5598578283);
INSERT INTO TelefonoCuidador(IDPersona,Telefono) VALUES (50,5516051659);
INSERT INTO TelefonoCuidador(IDPersona,Telefono) VALUES (76,5559188446);
INSERT INTO TelefonoCuidador(IDPersona,Telefono) VALUES (21,5514680901);
INSERT INTO TelefonoCuidador(IDPersona,Telefono) VALUES (28,5595145944);
INSERT INTO TelefonoCuidador(IDPersona,Telefono) VALUES (64,5530525165);
INSERT INTO TelefonoCuidador(IDPersona,Telefono) VALUES (29,5547125490);
INSERT INTO TelefonoCuidador(IDPersona,Telefono) VALUES (2,5559739946);
INSERT INTO TelefonoCuidador(IDPersona,Telefono) VALUES (7,5511638270);
INSERT INTO TelefonoCuidador(IDPersona,Telefono) VALUES (2,5552920260);
INSERT INTO TelefonoCuidador(IDPersona,Telefono) VALUES (22,5550279959);
INSERT INTO TelefonoCuidador(IDPersona,Telefono) VALUES (52,5516855865);
INSERT INTO TelefonoCuidador(IDPersona,Telefono) VALUES (79,5551871855);
INSERT INTO TelefonoCuidador(IDPersona,Telefono) VALUES (36,5565840068);
INSERT INTO TelefonoCuidador(IDPersona,Telefono) VALUES (67,5511534645);
INSERT INTO TelefonoCuidador(IDPersona,Telefono) VALUES (95,5511416379);
INSERT INTO TelefonoCuidador(IDPersona,Telefono) VALUES (31,5589197275);
INSERT INTO TelefonoCuidador(IDPersona,Telefono) VALUES (57,5559964555);
INSERT INTO TelefonoCuidador(IDPersona,Telefono) VALUES (37,5566527754);
INSERT INTO TelefonoCuidador(IDPersona,Telefono) VALUES (52,5524643618);
INSERT INTO TelefonoCuidador(IDPersona,Telefono) VALUES (83,5598587666);
INSERT INTO TelefonoCuidador(IDPersona,Telefono) VALUES (21,5516214260);
INSERT INTO TelefonoCuidador(IDPersona,Telefono) VALUES (57,5546819962);
INSERT INTO TelefonoCuidador(IDPersona,Telefono) VALUES (62,5513949120);
INSERT INTO TelefonoCuidador(IDPersona,Telefono) VALUES (6,5565070547);
INSERT INTO TelefonoCuidador(IDPersona,Telefono) VALUES (87,5545889952);
INSERT INTO TelefonoCuidador(IDPersona,Telefono) VALUES (61,5528961904);
INSERT INTO TelefonoCuidador(IDPersona,Telefono) VALUES (53,5519854925);
INSERT INTO TelefonoCuidador(IDPersona,Telefono) VALUES (50,5554858051);
INSERT INTO TelefonoCuidador(IDPersona,Telefono) VALUES (35,5557470198);
INSERT INTO TelefonoCuidador(IDPersona,Telefono) VALUES (73,5537821455);
INSERT INTO TelefonoCuidador(IDPersona,Telefono) VALUES (69,5582373264);
INSERT INTO TelefonoCuidador(IDPersona,Telefono) VALUES (46,5556856476);
INSERT INTO TelefonoCuidador(IDPersona,Telefono) VALUES (44,5571580788);
INSERT INTO TelefonoCuidador(IDPersona,Telefono) VALUES (12,5517766922);
INSERT INTO TelefonoCuidador(IDPersona,Telefono) VALUES (75,5562776833);
INSERT INTO TelefonoCuidador(IDPersona,Telefono) VALUES (95,5529729980);
INSERT INTO TelefonoCuidador(IDPersona,Telefono) VALUES (91,5527623988);
INSERT INTO TelefonoCuidador(IDPersona,Telefono) VALUES (31,5517868353);
INSERT INTO TelefonoCuidador(IDPersona,Telefono) VALUES (63,5588716575);
INSERT INTO TelefonoCuidador(IDPersona,Telefono) VALUES (99,5598319157);
INSERT INTO TelefonoCuidador(IDPersona,Telefono) VALUES (14,5511155769);
INSERT INTO TelefonoCuidador(IDPersona,Telefono) VALUES (43,5566750447);
INSERT INTO TelefonoCuidador(IDPersona,Telefono) VALUES (48,5593638903);
INSERT INTO TelefonoCuidador(IDPersona,Telefono) VALUES (24,5530819851);
INSERT INTO TelefonoCuidador(IDPersona,Telefono) VALUES (33,5552941382);
INSERT INTO TelefonoCuidador(IDPersona,Telefono) VALUES (77,5537883725);
INSERT INTO TelefonoCuidador(IDPersona,Telefono) VALUES (96,5598979756);
INSERT INTO TelefonoCuidador(IDPersona,Telefono) VALUES (96,5569846001);
INSERT INTO TelefonoCuidador(IDPersona,Telefono) VALUES (4,5594317033);
INSERT INTO TelefonoCuidador(IDPersona,Telefono) VALUES (89,5580277499);
INSERT INTO TelefonoCuidador(IDPersona,Telefono) VALUES (32,5552039666);
INSERT INTO TelefonoCuidador(IDPersona,Telefono) VALUES (45,5598073684);
