INSERT INTO Proveedor(IDPersona,Nombre,ApellidoPaterno,ApellidoMaterno,Nacimiento,RFC,Genero,InicioContrato,FinContrato,NumInt,NumExt,Calle,Colonia,CodigoPostal,Estado,Costo,Producto,Frecuencia) VALUES (1,'LUKA','SEVILLANO','ASCENCIO','1998-04-30','SEAL980430','F','2000-07-18','2019-03-12',129,85,'Av. de los Insurgentes Sur','Ctm X Culhuacan (U Hab)',11509,'Juarez',6033.12,'Medicina',3);
INSERT INTO Proveedor(IDPersona,Nombre,ApellidoPaterno,ApellidoMaterno,Nacimiento,RFC,Genero,InicioContrato,FinContrato,NumInt,NumExt,Calle,Colonia,CodigoPostal,Estado,Costo,Producto,Frecuencia) VALUES (2,'HORTENCIA','BELTRAN','CADENGO','1973-04-25','BECH730425','F','2002-05-02','2011-06-19',115,11,'James Sullivan','Jaime S Emiliano G',4951,'Batan Viejo (El Maestro)',8642.1,'Alimento',2);
INSERT INTO Proveedor(IDPersona,Nombre,ApellidoPaterno,ApellidoMaterno,Nacimiento,RFC,Genero,InicioContrato,FinContrato,NumInt,NumExt,Calle,Colonia,CodigoPostal,Estado,Costo,Producto,Frecuencia) VALUES (3,'JADE','DE LA PALMA','CHIMALPOPOCA','1971-07-11','DECJ710711','M','2008-04-28','2010-12-03',103,5,'Eje 2 Poniente Rio Tiber','Cuchilla De Padierna',5959,'Independencia San Ramon (U Hab)',5805.37,'Medicina',1);
INSERT INTO Proveedor(IDPersona,Nombre,ApellidoPaterno,ApellidoMaterno,Nacimiento,RFC,Genero,InicioContrato,FinContrato,NumInt,NumExt,Calle,Colonia,CodigoPostal,Estado,Costo,Producto,Frecuencia) VALUES (4,'NAOMI','NEMER','FIALLO','1986-07-11','NEFN860711','F','2009-10-05','2015-12-04',39,70,'Av. Zacatepetl','San Lucas (Barr)',4556,'Romero De Terreros (Cond)',5615.71,'Alimento',3);
INSERT INTO Proveedor(IDPersona,Nombre,ApellidoPaterno,ApellidoMaterno,Nacimiento,RFC,Genero,InicioContrato,FinContrato,NumInt,NumExt,Calle,Colonia,CodigoPostal,Estado,Costo,Producto,Frecuencia) VALUES (5,'ESLI','MENCHACA','VALLEJON','1987-06-24','MEVE870624','M','2007-09-20','2022-08-20',108,155,'Eje 10A Sur Av. Universidad','Agricola Oriental Viii',7376,'Santa Maria Aztahuacan (Ej)',5084.81,'Medicina',3);
INSERT INTO Proveedor(IDPersona,Nombre,ApellidoPaterno,ApellidoMaterno,Nacimiento,RFC,Genero,InicioContrato,FinContrato,NumInt,NumExt,Calle,Colonia,CodigoPostal,Estado,Costo,Producto,Frecuencia) VALUES (6,'NATHALIA','CAJUN','VERTTI','1999-03-25','CAVN990325','M','2005-09-19','2021-03-16',121,97,'Eje 4 Sur Prolongacion Plutarco Elias Calles','Tenorios (Ampl)',14918,'Nonoalco-Tlatelolco (U Hab)',6372.14,'Alimento',3);
INSERT INTO Proveedor(IDPersona,Nombre,ApellidoPaterno,ApellidoMaterno,Nacimiento,RFC,Genero,InicioContrato,FinContrato,NumInt,NumExt,Calle,Colonia,CodigoPostal,Estado,Costo,Producto,Frecuencia) VALUES (7,'COSME','RACHED','MULATO','1999-12-16','RAMC991216','F','2010-05-14','2022-08-24',145,129,'Eje 3 Poniente Amores','Huasipungo (U Hab)',9330,'Morales Seccion Palmas (Polanco)',10392.95,'Alimento',2);
INSERT INTO Proveedor(IDPersona,Nombre,ApellidoPaterno,ApellidoMaterno,Nacimiento,RFC,Genero,InicioContrato,FinContrato,NumInt,NumExt,Calle,Colonia,CodigoPostal,Estado,Costo,Producto,Frecuencia) VALUES (8,'ARALY','TAMEZ','ASENCION','1988-12-12','TAAA881212','F','2009-12-05','2017-01-18',50,15,'Av. Ejercito Nacional Mexicano','Juristas',11405,'Los  Encinos',12774.75,'Alimento',3);
INSERT INTO Proveedor(IDPersona,Nombre,ApellidoPaterno,ApellidoMaterno,Nacimiento,RFC,Genero,InicioContrato,FinContrato,NumInt,NumExt,Calle,Colonia,CodigoPostal,Estado,Costo,Producto,Frecuencia) VALUES (9,'DOLLY','RIEGO','MURCIA','1967-01-17','RIMD670117','M','2002-03-02','2018-12-28',131,136,'Eje 3 Norte Av. Cuitlahuac','La Joya',9211,'San Antonio Culhuacan (Barr)',5409.07,'Alimento',2);
INSERT INTO Proveedor(IDPersona,Nombre,ApellidoPaterno,ApellidoMaterno,Nacimiento,RFC,Genero,InicioContrato,FinContrato,NumInt,NumExt,Calle,Colonia,CodigoPostal,Estado,Costo,Producto,Frecuencia) VALUES (10,'KENIA','RICARIO','AGUSTIMIANO','1987-01-26','RIAK870126','M','2000-05-16','2022-05-21',75,172,'Av. Ejercito Nacional Mexicano','Atocpa',10677,'Granjas Esmeralda',14596.18,'Medicina',3);
INSERT INTO Proveedor(IDPersona,Nombre,ApellidoPaterno,ApellidoMaterno,Nacimiento,RFC,Genero,InicioContrato,FinContrato,NumInt,NumExt,Calle,Colonia,CodigoPostal,Estado,Costo,Producto,Frecuencia) VALUES (11,'TAILI','NERY','MIXTEGA','1985-08-17','NEMT850817','M','2001-11-01','2019-08-03',20,75,'Molino del Rey','Nueva España',11435,'La Santisima (Barr)',9883.99,'Alimento',1);
INSERT INTO Proveedor(IDPersona,Nombre,ApellidoPaterno,ApellidoMaterno,Nacimiento,RFC,Genero,InicioContrato,FinContrato,NumInt,NumExt,Calle,Colonia,CodigoPostal,Estado,Costo,Producto,Frecuencia) VALUES (12,'TANNYA','BEULO','MIRNA','1965-01-21','BEMT650121','F','2006-04-23','2013-05-16',74,158,'Av. Juan de Dios Batiz','Na Hal Ti (U Hab)',8702,'Camino A San Juan De Aragon (Pblo)',7904.07,'Alimento',2);
INSERT INTO Proveedor(IDPersona,Nombre,ApellidoPaterno,ApellidoMaterno,Nacimiento,RFC,Genero,InicioContrato,FinContrato,NumInt,NumExt,Calle,Colonia,CodigoPostal,Estado,Costo,Producto,Frecuencia) VALUES (13,'ELEAZAR','ABAZAN','TOME','1989-06-23','ABTE890623','F','2004-06-27','2015-04-18',94,135,'Av. 3-A','Ramos Millan Bramadero',15797,'San Bartolo Cahualtongo (Pblo)',7042.22,'Medicina',1);
INSERT INTO Proveedor(IDPersona,Nombre,ApellidoPaterno,ApellidoMaterno,Nacimiento,RFC,Genero,InicioContrato,FinContrato,NumInt,NumExt,Calle,Colonia,CodigoPostal,Estado,Costo,Producto,Frecuencia) VALUES (14,'HORUS','Y YAM','FERRERA','1966-04-16','Y FH660416','F','2001-06-30','2015-05-26',19,138,'Eje 2 A Sur Francisco Javier Clavijero','Villas Azcapotzalco (U Hab)',9614,'Parajes Buenavista (Tetecon)',12778.79,'Medicina',1);
INSERT INTO Proveedor(IDPersona,Nombre,ApellidoPaterno,ApellidoMaterno,Nacimiento,RFC,Genero,InicioContrato,FinContrato,NumInt,NumExt,Calle,Colonia,CodigoPostal,Estado,Costo,Producto,Frecuencia) VALUES (15,'JOSEHP','PELAYO','ORDOÑEZ','1996-06-27','PEOJ960627','M','2007-01-14','2021-12-30',78,105,'Eje 3 Oriente Francisco del Paso y Troncoso','Ojo De Agua',7434,'Mirador',9284.47,'Alimento',2);
INSERT INTO Proveedor(IDPersona,Nombre,ApellidoPaterno,ApellidoMaterno,Nacimiento,RFC,Genero,InicioContrato,FinContrato,NumInt,NumExt,Calle,Colonia,CodigoPostal,Estado,Costo,Producto,Frecuencia) VALUES (16,'SKARLETH','SUNZA','SAUZA','1990-06-12','SUSS900612','M','2001-03-22','2015-05-25',126,117,'Eje 3 Sur Dr. Ignacio Morones Prieto','Jose Lopez Portillo',9843,'San Lorenzo Atemoaya (Pblo)',9582.17,'Alimento',1);
INSERT INTO Proveedor(IDPersona,Nombre,ApellidoPaterno,ApellidoMaterno,Nacimiento,RFC,Genero,InicioContrato,FinContrato,NumInt,NumExt,Calle,Colonia,CodigoPostal,Estado,Costo,Producto,Frecuencia) VALUES (17,'HARUMI','CANELA','NONATO','1971-05-22','CANH710522','F','2003-09-11','2013-10-18',45,114,'Eje 9 Sur Miguel Angel de Quevedo','San Jose Obrero',10076,'San Pedro Zacatenco (Pblo)',11201.4,'Medicina',1);
INSERT INTO Proveedor(IDPersona,Nombre,ApellidoPaterno,ApellidoMaterno,Nacimiento,RFC,Genero,InicioContrato,FinContrato,NumInt,NumExt,Calle,Colonia,CodigoPostal,Estado,Costo,Producto,Frecuencia) VALUES (18,'NEREIDA','BORUNDA','TUT','1990-01-03','BOTN900103','F','2007-06-16','2011-05-25',33,84,'Eje 1 Oriente Vidal Alcocer','Aviacion Civil (Ampl)',3104,'San Mateo (Barr)',11117.99,'Alimento',2);
INSERT INTO Proveedor(IDPersona,Nombre,ApellidoPaterno,ApellidoMaterno,Nacimiento,RFC,Genero,InicioContrato,FinContrato,NumInt,NumExt,Calle,Colonia,CodigoPostal,Estado,Costo,Producto,Frecuencia) VALUES (19,'HANNA','SERRALTA','CALIXTRO','1986-01-21','SECH860121','F','2007-11-20','2014-08-27',26,123,'Anillo Periferico Boulevard Manuel Avila Camacho','Cocoyotes (Ampl)',7848,'Zotoltitla',6522.71,'Alimento',1);
INSERT INTO Proveedor(IDPersona,Nombre,ApellidoPaterno,ApellidoMaterno,Nacimiento,RFC,Genero,InicioContrato,FinContrato,NumInt,NumExt,Calle,Colonia,CodigoPostal,Estado,Costo,Producto,Frecuencia) VALUES (20,'MARLO','DE COSS','URQUIN','1985-03-25','DEUM850325','M','2008-03-29','2015-01-11',75,90,'Prolongacion Bosques de la Reforma','Los Angeles Apanoaya',1965,'Santa Anita',10410.74,'Medicina',2);
INSERT INTO Proveedor(IDPersona,Nombre,ApellidoPaterno,ApellidoMaterno,Nacimiento,RFC,Genero,InicioContrato,FinContrato,NumInt,NumExt,Calle,Colonia,CodigoPostal,Estado,Costo,Producto,Frecuencia) VALUES (21,'NIKOOL','CALIHUA','GRANIEL','1988-07-10','CAGN880710','M','2000-03-14','2014-04-11',84,131,'Eje 5 Norte Cantera','Corpus Christy',14155,'Na Hal Ti (U Hab)',9311.21,'Alimento',2);
INSERT INTO Proveedor(IDPersona,Nombre,ApellidoPaterno,ApellidoMaterno,Nacimiento,RFC,Genero,InicioContrato,FinContrato,NumInt,NumExt,Calle,Colonia,CodigoPostal,Estado,Costo,Producto,Frecuencia) VALUES (22,'KARIN','MULATO','Y ORTEGA','1993-02-09','MUYK930209','M','2008-12-04','2015-05-19',48,44,'Av. Marina Nacional','San Francisco Tlalnepantla (Pblo)',12654,'Olimpica',8691.45,'Medicina',3);
INSERT INTO Proveedor(IDPersona,Nombre,ApellidoPaterno,ApellidoMaterno,Nacimiento,RFC,Genero,InicioContrato,FinContrato,NumInt,NumExt,Calle,Colonia,CodigoPostal,Estado,Costo,Producto,Frecuencia) VALUES (23,'MARLON','ROMANO','AC','1985-07-23','ROAM850723','F','2001-11-22','2021-05-02',16,19,'Av. Industria Militar','Indeco (U Hab)',13097,'Manuel Rivera Anaya Croc  (U Hab)',11861.72,'Medicina',3);
INSERT INTO Proveedor(IDPersona,Nombre,ApellidoPaterno,ApellidoMaterno,Nacimiento,RFC,Genero,InicioContrato,FinContrato,NumInt,NumExt,Calle,Colonia,CodigoPostal,Estado,Costo,Producto,Frecuencia) VALUES (24,'EVERARDO','MONTAÑEZ','ALMONACI','1984-08-11','MOAE840811','F','2010-05-25','2017-05-21',121,64,'Eje 6 Sur Angel Urraza','San Juan Tlihuaca (Pblo)',7902,'Popo (Ampl)',13791.63,'Medicina',1);
INSERT INTO Proveedor(IDPersona,Nombre,ApellidoPaterno,ApellidoMaterno,Nacimiento,RFC,Genero,InicioContrato,FinContrato,NumInt,NumExt,Calle,Colonia,CodigoPostal,Estado,Costo,Producto,Frecuencia) VALUES (25,'SALOMON','MEGCHUN','LINARTE','1981-02-17','MELS810217','M','2007-04-01','2012-06-23',140,144,'Av. Zacatepetl','Emancipacion Del Pueblo (U Hab)',1096,'Guadalupe Insurgentes',5200.92,'Alimento',1);
INSERT INTO Proveedor(IDPersona,Nombre,ApellidoPaterno,ApellidoMaterno,Nacimiento,RFC,Genero,InicioContrato,FinContrato,NumInt,NumExt,Calle,Colonia,CodigoPostal,Estado,Costo,Producto,Frecuencia) VALUES (26,'ANETH','AVELLA','MARCELINA','1999-04-19','AVMA990419','F','2000-11-20','2017-12-28',102,90,'Eje 3 Oriente Calzada Gral. Ignacio Zaragoza','Pasteros',15564,'Cuatro Arboles',14214.1,'Alimento',3);
INSERT INTO Proveedor(IDPersona,Nombre,ApellidoPaterno,ApellidoMaterno,Nacimiento,RFC,Genero,InicioContrato,FinContrato,NumInt,NumExt,Calle,Colonia,CodigoPostal,Estado,Costo,Producto,Frecuencia) VALUES (27,'BRITANY','ORAN','BARNET','1991-07-12','ORBB910712','M','2002-06-18','2012-12-09',53,18,'Eje 3 Norte 16 de Septiembre','Narvarte',4775,'El Arbolillo 1 (U Hab)',14723.01,'Alimento',2);
INSERT INTO Proveedor(IDPersona,Nombre,ApellidoPaterno,ApellidoMaterno,Nacimiento,RFC,Genero,InicioContrato,FinContrato,NumInt,NumExt,Calle,Colonia,CodigoPostal,Estado,Costo,Producto,Frecuencia) VALUES (28,'PATRIK','CALERO','SARTIAGUIN','1992-03-18','CASP920318','M','2006-08-13','2015-09-01',62,172,'Calzada General Ignacio Zaragoza','Irrigacion',7616,'Transito',10850.78,'Medicina',1);
INSERT INTO Proveedor(IDPersona,Nombre,ApellidoPaterno,ApellidoMaterno,Nacimiento,RFC,Genero,InicioContrato,FinContrato,NumInt,NumExt,Calle,Colonia,CodigoPostal,Estado,Costo,Producto,Frecuencia) VALUES (29,'CHRISTELLE','ALVA','ARMIENTA','1996-04-06','ALAC960406','F','2003-01-25','2018-07-24',92,49,'Camino a Nativitas','Los Gamitos',9058,'Barrio Oxtopulco Universidad',7277.73,'Medicina',2);
INSERT INTO Proveedor(IDPersona,Nombre,ApellidoPaterno,ApellidoMaterno,Nacimiento,RFC,Genero,InicioContrato,FinContrato,NumInt,NumExt,Calle,Colonia,CodigoPostal,Estado,Costo,Producto,Frecuencia) VALUES (30,'LENYN','ESPAÑA','MELCHI','1998-03-26','ESML980326','F','2007-10-18','2019-09-05',87,154,'Av. Ceylan','Belvedere',5026,'Tres Estrellas',15256.1,'Alimento',3);
INSERT INTO Proveedor(IDPersona,Nombre,ApellidoPaterno,ApellidoMaterno,Nacimiento,RFC,Genero,InicioContrato,FinContrato,NumInt,NumExt,Calle,Colonia,CodigoPostal,Estado,Costo,Producto,Frecuencia) VALUES (31,'ANTOINE','BRIBIESCAS','HUARACHA','2001-04-20','BRHA010420','F','2008-01-15','2017-10-09',48,3,'Av. Oceania','San Salvador Cuauhtenco (Pblo)',6118,'Moctezuma 1a Seccion',11708.3,'Alimento',2);
INSERT INTO Proveedor(IDPersona,Nombre,ApellidoPaterno,ApellidoMaterno,Nacimiento,RFC,Genero,InicioContrato,FinContrato,NumInt,NumExt,Calle,Colonia,CodigoPostal,Estado,Costo,Producto,Frecuencia) VALUES (32,'ARIANE','DEFERIA','BENITO','1979-04-03','DEBA790403','F','2003-04-28','2019-03-31',11,41,'Eje 1A Sur Av. Chapultepec','Parque Residencial San Antonio (U Hab)',1159,'Ecologica Novedades Impacto (U Hab)',9441.73,'Alimento',1);
INSERT INTO Proveedor(IDPersona,Nombre,ApellidoPaterno,ApellidoMaterno,Nacimiento,RFC,Genero,InicioContrato,FinContrato,NumInt,NumExt,Calle,Colonia,CodigoPostal,Estado,Costo,Producto,Frecuencia) VALUES (33,'ANAELI','MAGADAN','LAVENANT','2004-03-31','MALA040331','F','2007-10-07','2015-04-13',111,181,'Eje 7 Sur Extremadura','Piloto (Adolfo Lopez Mateos)',12158,'Nueva Generacion 103',13668.09,'Alimento',1);
INSERT INTO Proveedor(IDPersona,Nombre,ApellidoPaterno,ApellidoMaterno,Nacimiento,RFC,Genero,InicioContrato,FinContrato,NumInt,NumExt,Calle,Colonia,CodigoPostal,Estado,Costo,Producto,Frecuencia) VALUES (34,'ISMERAI','RESCALVO','XULUC','1996-08-16','REXI960816','F','2009-06-05','2016-11-15',52,80,'Eje 2 A Sur San Luis Potosi','Minerva',1472,'La Pera Xochinahuac (U Hab)',10853.86,'Medicina',2);
INSERT INTO Proveedor(IDPersona,Nombre,ApellidoPaterno,ApellidoMaterno,Nacimiento,RFC,Genero,InicioContrato,FinContrato,NumInt,NumExt,Calle,Colonia,CodigoPostal,Estado,Costo,Producto,Frecuencia) VALUES (35,'EILEN','LOMAN','LIGONIO','1998-02-18','LOLE980218','F','2007-05-04','2023-07-11',103,58,'Circuito Interior Boulevard Puerto Aereo','Tempiluli',1309,'Santa Fe Km 8.5',9777.38,'Alimento',2);
INSERT INTO Proveedor(IDPersona,Nombre,ApellidoPaterno,ApellidoMaterno,Nacimiento,RFC,Genero,InicioContrato,FinContrato,NumInt,NumExt,Calle,Colonia,CodigoPostal,Estado,Costo,Producto,Frecuencia) VALUES (36,'JESICA','L','LIVERA','1966-06-12','LLJ660612','M','2008-01-19','2020-12-21',96,158,'Eje 1A Sur Jose Maria Izazaga','Infonavit (U Hab)',1378,'Pedregal De Sto Domingo Iv',10942.2,'Alimento',2);
INSERT INTO Proveedor(IDPersona,Nombre,ApellidoPaterno,ApellidoMaterno,Nacimiento,RFC,Genero,InicioContrato,FinContrato,NumInt,NumExt,Calle,Colonia,CodigoPostal,Estado,Costo,Producto,Frecuencia) VALUES (37,'ATZURI','OCAÑO','OTAÑEZ','1968-11-06','OCOA681106','M','2003-12-16','2013-10-21',71,155,'Calzada Coyuya','San Miguel  Xicalco (Pblo)',13574,'Atlampa',7244.3,'Medicina',3);
INSERT INTO Proveedor(IDPersona,Nombre,ApellidoPaterno,ApellidoMaterno,Nacimiento,RFC,Genero,InicioContrato,FinContrato,NumInt,NumExt,Calle,Colonia,CodigoPostal,Estado,Costo,Producto,Frecuencia) VALUES (38,'FIORELLA','ESTEBANEZ','ELENES','2001-03-27','ESEF010327','M','2008-03-26','2017-12-19',143,27,'Av. Altavista','Presidente Madero (U Hab)',10264,'Lomas De Plateros (U Hab)',6575.27,'Alimento',2);
INSERT INTO Proveedor(IDPersona,Nombre,ApellidoPaterno,ApellidoMaterno,Nacimiento,RFC,Genero,InicioContrato,FinContrato,NumInt,NumExt,Calle,Colonia,CodigoPostal,Estado,Costo,Producto,Frecuencia) VALUES (39,'ABIGAIL','ATECPANECATL','MOO','1965-01-05','ATMA650105','F','2006-10-06','2016-09-23',77,35,'Eje 1 Oriente Mariano Arista','San Antonio (Fracc)',10162,'Cañada Del Olivar (U Hab)',14749.11,'Alimento',3);
INSERT INTO Proveedor(IDPersona,Nombre,ApellidoPaterno,ApellidoMaterno,Nacimiento,RFC,Genero,InicioContrato,FinContrato,NumInt,NumExt,Calle,Colonia,CodigoPostal,Estado,Costo,Producto,Frecuencia) VALUES (40,'RUT','TISNADO','MAAS','1969-08-01','TIMR690801','F','2003-05-29','2020-08-29',11,181,'Año de Juarez','Valle De Luces (U Hab)',6885,'Canal Once (U Hab)',13045.25,'Alimento',3);
INSERT INTO Proveedor(IDPersona,Nombre,ApellidoPaterno,ApellidoMaterno,Nacimiento,RFC,Genero,InicioContrato,FinContrato,NumInt,NumExt,Calle,Colonia,CodigoPostal,Estado,Costo,Producto,Frecuencia) VALUES (41,'KERIN','NORATO','PIÑUELAS','1992-08-13','NOPK920813','M','2005-01-23','2017-12-13',45,102,'Eje 4 Sur Av. Te','Culhuacan (Pblo)',8362,'Mexico Nuevo',5185.45,'Medicina',3);
INSERT INTO Proveedor(IDPersona,Nombre,ApellidoPaterno,ApellidoMaterno,Nacimiento,RFC,Genero,InicioContrato,FinContrato,NumInt,NumExt,Calle,Colonia,CodigoPostal,Estado,Costo,Producto,Frecuencia) VALUES (42,'NATASHA','CORREO','BLANDO','1995-06-03','COBN950603','F','2001-04-25','2015-04-25',67,175,'Eje 3 Norte Angel Albino Corzo','Guadalupe Tepeyac',9635,'Potrerillo (Ampl)',5446.55,'Alimento',3);
INSERT INTO Proveedor(IDPersona,Nombre,ApellidoPaterno,ApellidoMaterno,Nacimiento,RFC,Genero,InicioContrato,FinContrato,NumInt,NumExt,Calle,Colonia,CodigoPostal,Estado,Costo,Producto,Frecuencia) VALUES (43,'ROMANE','ESCALONA','ABITIA','1972-04-23','ESAR720423','F','2007-03-07','2015-07-09',7,126,'Eje 2 Norte Canal del Norte','Jardines Tecma',12049,'San Salvador Cuauhtenco (Pblo)',15826.97,'Alimento',2);
INSERT INTO Proveedor(IDPersona,Nombre,ApellidoPaterno,ApellidoMaterno,Nacimiento,RFC,Genero,InicioContrato,FinContrato,NumInt,NumExt,Calle,Colonia,CodigoPostal,Estado,Costo,Producto,Frecuencia) VALUES (44,'ASENET','TINAJERO','ESTEBANEZ','1979-11-04','TIEA791104','F','2005-09-03','2014-11-20',118,136,'Canal Nacional','Bella Vista',13433,'Prado Coapa 2a Seccion',14448.82,'Alimento',3);
INSERT INTO Proveedor(IDPersona,Nombre,ApellidoPaterno,ApellidoMaterno,Nacimiento,RFC,Genero,InicioContrato,FinContrato,NumInt,NumExt,Calle,Colonia,CodigoPostal,Estado,Costo,Producto,Frecuencia) VALUES (45,'AHMED','MOYSEN','MAPEL','1988-02-10','MOMA880210','F','2009-07-15','2017-10-13',136,94,'Eje Central Av. del Iman','Sinatel (Ampl)',11386,'Graciano Sanchez',6296.86,'Medicina',3);
INSERT INTO Proveedor(IDPersona,Nombre,ApellidoPaterno,ApellidoMaterno,Nacimiento,RFC,Genero,InicioContrato,FinContrato,NumInt,NumExt,Calle,Colonia,CodigoPostal,Estado,Costo,Producto,Frecuencia) VALUES (46,'CHELSEE','BRISEÑO','CAPORAL','1999-01-26','BRCC990126','M','2009-11-06','2015-01-24',46,136,'Cumbres de Maltrata','San Marcos (Barr)',2881,'Portal Del Sol',13997.57,'Medicina',3);
INSERT INTO Proveedor(IDPersona,Nombre,ApellidoPaterno,ApellidoMaterno,Nacimiento,RFC,Genero,InicioContrato,FinContrato,NumInt,NumExt,Calle,Colonia,CodigoPostal,Estado,Costo,Producto,Frecuencia) VALUES (47,'LEVI','MINDER','ECHAURI','1990-08-31','MIEL900831','F','2008-10-29','2017-05-19',83,68,'Av. Oceania','Merced Balbuena',9265,'Milpa Del Cedro',12769.41,'Alimento',2);
INSERT INTO Proveedor(IDPersona,Nombre,ApellidoPaterno,ApellidoMaterno,Nacimiento,RFC,Genero,InicioContrato,FinContrato,NumInt,NumExt,Calle,Colonia,CodigoPostal,Estado,Costo,Producto,Frecuencia) VALUES (48,'ROSENDA','ROSSETE','ALEJANDRI','1969-12-06','ROAR691206','F','2006-02-21','2015-07-08',67,25,'Paseo de la Reforma','San Lorenzo Acopilco (Pblo)',11451,'Residencial Maria Isabel',8806.36,'Alimento',3);
INSERT INTO Proveedor(IDPersona,Nombre,ApellidoPaterno,ApellidoMaterno,Nacimiento,RFC,Genero,InicioContrato,FinContrato,NumInt,NumExt,Calle,Colonia,CodigoPostal,Estado,Costo,Producto,Frecuencia) VALUES (49,'SORA','ESCORCIA','HERNANDEZ','1995-12-08','ESHS951208','M','2003-01-04','2011-08-02',94,181,'Via Expres TAPO','Moctezuma 1a Seccion',15397,'Real Del Monte',8996.26,'Alimento',2);
INSERT INTO Proveedor(IDPersona,Nombre,ApellidoPaterno,ApellidoMaterno,Nacimiento,RFC,Genero,InicioContrato,FinContrato,NumInt,NumExt,Calle,Colonia,CodigoPostal,Estado,Costo,Producto,Frecuencia) VALUES (50,'NERIK','COCOTLE','CAÑEDO','1974-12-26','COCN741226','F','2004-03-16','2022-06-02',50,80,'Eje 4 Norte Mimosas','La Asuncion (Barr)',5228,'Nueva Atzacoalco',12066.22,'Alimento',2);
INSERT INTO Proveedor(IDPersona,Nombre,ApellidoPaterno,ApellidoMaterno,Nacimiento,RFC,Genero,InicioContrato,FinContrato,NumInt,NumExt,Calle,Colonia,CodigoPostal,Estado,Costo,Producto,Frecuencia) VALUES (51,'ANALY','PORTUGAL','DEL PILAR','2001-10-25','PODA011025','M','2010-06-06','2020-01-14',70,183,'Av. Rio de Tacubaya','Cuitlahuac (U Hab)',10394,'Mexicaltzingo (Pblo)',9778.14,'Medicina',2);
INSERT INTO Proveedor(IDPersona,Nombre,ApellidoPaterno,ApellidoMaterno,Nacimiento,RFC,Genero,InicioContrato,FinContrato,NumInt,NumExt,Calle,Colonia,CodigoPostal,Estado,Costo,Producto,Frecuencia) VALUES (52,'JANE','TRUJANO','RIOFRIO','2001-10-21','TRRJ011021','F','2001-01-12','2013-05-29',39,31,'Av. Ferrocarril San Rafael Atlixco','Jardines Del Sur',2212,'Lomas De  Padierna',12507.5,'Alimento',1);
INSERT INTO Proveedor(IDPersona,Nombre,ApellidoPaterno,ApellidoMaterno,Nacimiento,RFC,Genero,InicioContrato,FinContrato,NumInt,NumExt,Calle,Colonia,CodigoPostal,Estado,Costo,Producto,Frecuencia) VALUES (53,'SERGI','QUI','GODINEZ','1968-02-27','QUGS680227','M','2005-07-14','2020-07-05',5,23,'Eje 4 Sur Benjamin Franklin','Rincon Del Bosque',13760,'Progreso Tlalpan',6590.35,'Medicina',3);
INSERT INTO Proveedor(IDPersona,Nombre,ApellidoPaterno,ApellidoMaterno,Nacimiento,RFC,Genero,InicioContrato,FinContrato,NumInt,NumExt,Calle,Colonia,CodigoPostal,Estado,Costo,Producto,Frecuencia) VALUES (54,'NOUR','SANTILLANEZ','GALERA','1965-10-21','SAGN651021','F','2002-12-11','2022-06-29',26,65,'Cumbres de Maltrata','La Forestal 1',2900,'El Rosario (Barr)',5068.4,'Medicina',2);
INSERT INTO Proveedor(IDPersona,Nombre,ApellidoPaterno,ApellidoMaterno,Nacimiento,RFC,Genero,InicioContrato,FinContrato,NumInt,NumExt,Calle,Colonia,CodigoPostal,Estado,Costo,Producto,Frecuencia) VALUES (55,'FROYLAN','MONTERREY','COLMENARES','1990-02-28','MOCF900228','M','2010-05-13','2022-06-09',73,38,'Eje 5 Sur Av. Circunvalacion','Infonavit (U Hab)',5840,'Santa Ines',12463.38,'Medicina',1);
INSERT INTO Proveedor(IDPersona,Nombre,ApellidoPaterno,ApellidoMaterno,Nacimiento,RFC,Genero,InicioContrato,FinContrato,NumInt,NumExt,Calle,Colonia,CodigoPostal,Estado,Costo,Producto,Frecuencia) VALUES (56,'ABY','PALANCARES','HEBREO','1972-09-07','PAHA720907','F','2006-02-03','2015-04-05',112,43,'Eje 3 Poniente Av. Colonia del Valle','Independencia',5891,'Narciso Mendoza-Villa',5618.27,'Alimento',1);
INSERT INTO Proveedor(IDPersona,Nombre,ApellidoPaterno,ApellidoMaterno,Nacimiento,RFC,Genero,InicioContrato,FinContrato,NumInt,NumExt,Calle,Colonia,CodigoPostal,Estado,Costo,Producto,Frecuencia) VALUES (57,'ARISHA','SILVEYRA','ARGUETA','1966-11-20','SIAA661120','M','2007-09-08','2017-10-23',120,29,'Boulevard Nuevo Leon','Alfalfar',1933,'Justo Sierra',7163.25,'Alimento',3);
INSERT INTO Proveedor(IDPersona,Nombre,ApellidoPaterno,ApellidoMaterno,Nacimiento,RFC,Genero,InicioContrato,FinContrato,NumInt,NumExt,Calle,Colonia,CodigoPostal,Estado,Costo,Producto,Frecuencia) VALUES (58,'JACOB','OAXACA','YAH','1985-01-08','OAYJ850108','M','2000-10-20','2021-12-15',90,75,'Av. Hidalgo','Agricola Oriental Iv',7986,'Lomas De Centenario (U Hab)',14508.67,'Alimento',2);
INSERT INTO Proveedor(IDPersona,Nombre,ApellidoPaterno,ApellidoMaterno,Nacimiento,RFC,Genero,InicioContrato,FinContrato,NumInt,NumExt,Calle,Colonia,CodigoPostal,Estado,Costo,Producto,Frecuencia) VALUES (59,'AZUSENA','GOLLAZ','CHOC','1984-11-16','GOCA841116','M','2002-07-11','2014-02-09',128,94,'Eje 2 Norte Av. Transvaal','Alcanfores (U Hab)',4837,'Aldana',6244.15,'Medicina',3);
INSERT INTO Proveedor(IDPersona,Nombre,ApellidoPaterno,ApellidoMaterno,Nacimiento,RFC,Genero,InicioContrato,FinContrato,NumInt,NumExt,Calle,Colonia,CodigoPostal,Estado,Costo,Producto,Frecuencia) VALUES (60,'EDU','ALBAREZ','SANTO','1971-05-19','ALSE710519','M','2000-12-17','2019-03-12',88,131,'Av. de los Insurgentes Norte','Esperanza',10006,'Petrolera',9733.71,'Alimento',3);
INSERT INTO Proveedor(IDPersona,Nombre,ApellidoPaterno,ApellidoMaterno,Nacimiento,RFC,Genero,InicioContrato,FinContrato,NumInt,NumExt,Calle,Colonia,CodigoPostal,Estado,Costo,Producto,Frecuencia) VALUES (61,'HASEL','PRUDENCIANO','MASTRANZO','1981-07-23','PRMH810723','F','2002-03-26','2018-10-16',73,111,'Eje 4 Sur Tehuantepec','Ignacio Allende',5578,'Granjas Estrella',13124.29,'Alimento',2);
INSERT INTO Proveedor(IDPersona,Nombre,ApellidoPaterno,ApellidoMaterno,Nacimiento,RFC,Genero,InicioContrato,FinContrato,NumInt,NumExt,Calle,Colonia,CodigoPostal,Estado,Costo,Producto,Frecuencia) VALUES (62,'LORETTA','UCO','ESCARREGA','1977-01-13','UCEL770113','M','2000-07-03','2015-11-09',11,117,'Av. Vasco de Quiroga','Azteca',4666,'Plazuela Del Pedregal',11285.8,'Medicina',1);
INSERT INTO Proveedor(IDPersona,Nombre,ApellidoPaterno,ApellidoMaterno,Nacimiento,RFC,Genero,InicioContrato,FinContrato,NumInt,NumExt,Calle,Colonia,CodigoPostal,Estado,Costo,Producto,Frecuencia) VALUES (63,'JOSHIMAR','GARRAFA','RUIZ','1982-12-12','GARJ821212','M','2001-12-26','2012-11-10',7,49,'Calzada Gral. Ignacio Zaragoza','La Concepcion (Barr)',1796,'El Prado',9566.6,'Medicina',3);
INSERT INTO Proveedor(IDPersona,Nombre,ApellidoPaterno,ApellidoMaterno,Nacimiento,RFC,Genero,InicioContrato,FinContrato,NumInt,NumExt,Calle,Colonia,CodigoPostal,Estado,Costo,Producto,Frecuencia) VALUES (64,'IKEER','MONTEJANO','COSTA','1966-12-25','MOCI661225','M','2009-04-09','2013-12-21',60,23,'Eje 10 Sur Av. Copilco','Petrolera Taxqueña',9713,'Pedregal De Sto Domingo Viii',8606.9,'Alimento',3);
INSERT INTO Proveedor(IDPersona,Nombre,ApellidoPaterno,ApellidoMaterno,Nacimiento,RFC,Genero,InicioContrato,FinContrato,NumInt,NumExt,Calle,Colonia,CodigoPostal,Estado,Costo,Producto,Frecuencia) VALUES (65,'BARUCK','MONTOR','NAHUACATL','2004-09-14','MONB040914','M','2001-04-08','2018-08-27',29,74,'Av. Aquiles Serdan','Country Club',4690,'Angel Zimbron',15120.95,'Alimento',3);
INSERT INTO Proveedor(IDPersona,Nombre,ApellidoPaterno,ApellidoMaterno,Nacimiento,RFC,Genero,InicioContrato,FinContrato,NumInt,NumExt,Calle,Colonia,CodigoPostal,Estado,Costo,Producto,Frecuencia) VALUES (66,'FRANCO','LARGO','CEFERINO','1991-01-03','LACF910103','F','2001-04-01','2013-07-10',51,50,'Eje 5 Sur Av. de las Torres','Popo (Ampl)',8603,'La Habana',14704.79,'Alimento',3);
INSERT INTO Proveedor(IDPersona,Nombre,ApellidoPaterno,ApellidoMaterno,Nacimiento,RFC,Genero,InicioContrato,FinContrato,NumInt,NumExt,Calle,Colonia,CodigoPostal,Estado,Costo,Producto,Frecuencia) VALUES (67,'LARA','PERDOMO','MARINES','1996-11-29','PEML961129','M','2000-12-26','2017-08-07',31,117,'Anillo Periferico Acueducto de Tenayuca','Barrio Oxtopulco Universidad',15991,'El Pocito',12297.78,'Alimento',1);
INSERT INTO Proveedor(IDPersona,Nombre,ApellidoPaterno,ApellidoMaterno,Nacimiento,RFC,Genero,InicioContrato,FinContrato,NumInt,NumExt,Calle,Colonia,CodigoPostal,Estado,Costo,Producto,Frecuencia) VALUES (68,'JEROME','LOPES','MUÑIZ','1996-08-27','LOMJ960827','M','2000-04-23','2013-11-16',45,185,'Calzada Chivatito','6 De Junio',12671,'Cerro Grande',7291.87,'Alimento',3);
INSERT INTO Proveedor(IDPersona,Nombre,ApellidoPaterno,ApellidoMaterno,Nacimiento,RFC,Genero,InicioContrato,FinContrato,NumInt,NumExt,Calle,Colonia,CodigoPostal,Estado,Costo,Producto,Frecuencia) VALUES (69,'LAWRENCE','PASAYE','QUISTIANO','1995-05-20','PAQL950520','F','2003-02-16','2020-09-21',26,84,'Eje 3 Norte 16 de Septiembre','San Lorenzo Tezonco  (U Hab)',5646,'Anahuac Dos Lagos',14409.21,'Medicina',1);
INSERT INTO Proveedor(IDPersona,Nombre,ApellidoPaterno,ApellidoMaterno,Nacimiento,RFC,Genero,InicioContrato,FinContrato,NumInt,NumExt,Calle,Colonia,CodigoPostal,Estado,Costo,Producto,Frecuencia) VALUES (70,'SIGRID','ANSELMO','LUGARDO','1994-10-22','ANLS941022','M','2004-07-05','2017-07-09',12,139,'Circuito Interior Paseo de las Jacarandas','Lomas De Puerta Grande',9497,'Presidentes 1ra (Ampl)',9240.28,'Alimento',3);
INSERT INTO Proveedor(IDPersona,Nombre,ApellidoPaterno,ApellidoMaterno,Nacimiento,RFC,Genero,InicioContrato,FinContrato,NumInt,NumExt,Calle,Colonia,CodigoPostal,Estado,Costo,Producto,Frecuencia) VALUES (71,'JUVENTINO','TARIN','BURGOIN','1993-11-27','TABJ931127','M','2007-08-10','2020-04-11',120,181,'Mazatlan','Union Popular Emiliano Zapata (U Hab)',6030,'Tlatilco (U Hab)',12482.28,'Alimento',2);
INSERT INTO Proveedor(IDPersona,Nombre,ApellidoPaterno,ApellidoMaterno,Nacimiento,RFC,Genero,InicioContrato,FinContrato,NumInt,NumExt,Calle,Colonia,CodigoPostal,Estado,Costo,Producto,Frecuencia) VALUES (72,'DULCINEA','RON','MONTORES','1967-10-17','ROMD671017','M','2001-03-27','2013-10-04',19,9,'Eje 3 Oriente Francisco del Paso y Troncoso','Jardines Del Pedregal',10802,'Villa De Aragon (Fracc)',11638.29,'Medicina',3);
INSERT INTO Proveedor(IDPersona,Nombre,ApellidoPaterno,ApellidoMaterno,Nacimiento,RFC,Genero,InicioContrato,FinContrato,NumInt,NumExt,Calle,Colonia,CodigoPostal,Estado,Costo,Producto,Frecuencia) VALUES (73,'NICOOLE','LINAREZ','NUÑEZ','1972-07-17','LINN720717','M','2009-11-30','2017-12-14',76,109,'Calzada Mexico Tacuba','Villa Milpa Alta (Pblo)',12610,'Carlos Hank Gonzalez',7330.11,'Alimento',2);
INSERT INTO Proveedor(IDPersona,Nombre,ApellidoPaterno,ApellidoMaterno,Nacimiento,RFC,Genero,InicioContrato,FinContrato,NumInt,NumExt,Calle,Colonia,CodigoPostal,Estado,Costo,Producto,Frecuencia) VALUES (74,'NURITH','SICAIROS','SIQUEIROS','1981-01-21','SISN810121','F','2002-03-03','2013-03-31',74,29,'Viaducto Rio de la Piedad','Pemex Prados Del Rosario (U Hab)',6972,'Miguel Aleman',8099.68,'Medicina',2);
INSERT INTO Proveedor(IDPersona,Nombre,ApellidoPaterno,ApellidoMaterno,Nacimiento,RFC,Genero,InicioContrato,FinContrato,NumInt,NumExt,Calle,Colonia,CodigoPostal,Estado,Costo,Producto,Frecuencia) VALUES (75,'ENNA','TECO','DE LA PARRA','1985-11-30','TEDE851130','F','2010-01-18','2010-12-21',82,18,'Eje 5 Norte Lic. Andres Henestrosa','Abraham Gonzalez',11307,'Ctm Ix Culhuacan Zona 29-30 (U Hab)',11528.6,'Alimento',3);
INSERT INTO Proveedor(IDPersona,Nombre,ApellidoPaterno,ApellidoMaterno,Nacimiento,RFC,Genero,InicioContrato,FinContrato,NumInt,NumExt,Calle,Colonia,CodigoPostal,Estado,Costo,Producto,Frecuencia) VALUES (76,'KATARA','BLAKE','GUERECA','1963-07-23','BLGK630723','F','2007-10-14','2017-07-13',62,132,'Av. Queretaro','Margarita M De Juarez',2539,'Chinampac De Juarez',6581.44,'Medicina',1);
INSERT INTO Proveedor(IDPersona,Nombre,ApellidoPaterno,ApellidoMaterno,Nacimiento,RFC,Genero,InicioContrato,FinContrato,NumInt,NumExt,Calle,Colonia,CodigoPostal,Estado,Costo,Producto,Frecuencia) VALUES (77,'SAORI','LUERA','LAU','1995-11-29','LULS951129','F','2001-09-28','2015-06-27',98,90,'Av. Acueducto de Guadalupe','Dos Rios',4918,'Emilio Portes Gil Pemex Picacho (U Hab)',14068.64,'Alimento',2);
INSERT INTO Proveedor(IDPersona,Nombre,ApellidoPaterno,ApellidoMaterno,Nacimiento,RFC,Genero,InicioContrato,FinContrato,NumInt,NumExt,Calle,Colonia,CodigoPostal,Estado,Costo,Producto,Frecuencia) VALUES (78,'ENYEL','BASTIDA','MENDIZABAL','1986-03-16','BAME860316','M','2008-09-12','2017-12-01',129,62,'5 de Mayo','Cerro Grande',2910,'Quetzalcoatl 3',8769.95,'Alimento',3);
INSERT INTO Proveedor(IDPersona,Nombre,ApellidoPaterno,ApellidoMaterno,Nacimiento,RFC,Genero,InicioContrato,FinContrato,NumInt,NumExt,Calle,Colonia,CodigoPostal,Estado,Costo,Producto,Frecuencia) VALUES (79,'CEDRIC','CANABAL','CARLOCK','1976-11-07','CACC761107','M','2006-10-06','2014-06-29',73,67,'Eje 3 Oriente Francisco del Paso y Troncoso','Sta Cruz Atoyac',3838,'Valentin Gomez Farias',5267.97,'Alimento',1);
INSERT INTO Proveedor(IDPersona,Nombre,ApellidoPaterno,ApellidoMaterno,Nacimiento,RFC,Genero,InicioContrato,FinContrato,NumInt,NumExt,Calle,Colonia,CodigoPostal,Estado,Costo,Producto,Frecuencia) VALUES (80,'YORLENI','DOÑU','ARCIQUE','1975-02-09','DOAY750209','F','2010-06-07','2018-04-25',83,186,'Eje 6 Norte 306','Zacahuitzco',6139,'Sn Juan  Tepeximilpa (Ampl)',12826.93,'Medicina',1);
INSERT INTO Proveedor(IDPersona,Nombre,ApellidoPaterno,ApellidoMaterno,Nacimiento,RFC,Genero,InicioContrato,FinContrato,NumInt,NumExt,Calle,Colonia,CodigoPostal,Estado,Costo,Producto,Frecuencia) VALUES (81,'YARETSI','FOSADO','BENITES','1967-03-28','FOBY670328','M','2010-07-30','2023-05-24',18,98,'Eje 2 Poniente Rio Tiber','Cuitlahuac 1 Y 2 (U Hab)',11544,'San Juan',9344.37,'Medicina',3);
INSERT INTO Proveedor(IDPersona,Nombre,ApellidoPaterno,ApellidoMaterno,Nacimiento,RFC,Genero,InicioContrato,FinContrato,NumInt,NumExt,Calle,Colonia,CodigoPostal,Estado,Costo,Producto,Frecuencia) VALUES (82,'JASER','MAGLAH','NIETO','1992-11-05','MANJ921105','M','2006-08-07','2015-03-29',49,150,'Eje 7 Sur Benvenuto Cellini','Industrial Puerto Aereo (Fracc)',15289,'Escuadron 201',13241.45,'Medicina',2);
INSERT INTO Proveedor(IDPersona,Nombre,ApellidoPaterno,ApellidoMaterno,Nacimiento,RFC,Genero,InicioContrato,FinContrato,NumInt,NumExt,Calle,Colonia,CodigoPostal,Estado,Costo,Producto,Frecuencia) VALUES (83,'JOSHUAN','PURATA','CHAVERO','1973-04-05','PUCJ730405','F','2005-11-11','2020-01-04',95,159,'Eje 5 Norte 5 de Febrero','San Francisco Apolocalco',5518,'Arturo Gamiz',8732.77,'Medicina',3);
INSERT INTO Proveedor(IDPersona,Nombre,ApellidoPaterno,ApellidoMaterno,Nacimiento,RFC,Genero,InicioContrato,FinContrato,NumInt,NumExt,Calle,Colonia,CodigoPostal,Estado,Costo,Producto,Frecuencia) VALUES (84,'IRVING','ARGAEZ','JARA','2000-02-26','ARJI000226','M','2004-07-21','2017-02-06',10,138,'Circuito Interior Av. Patriotismo','Ma Esther Zuno De Echeverria-Tlalpuente',9265,'Barrio Norte',5286.31,'Alimento',3);
INSERT INTO Proveedor(IDPersona,Nombre,ApellidoPaterno,ApellidoMaterno,Nacimiento,RFC,Genero,InicioContrato,FinContrato,NumInt,NumExt,Calle,Colonia,CodigoPostal,Estado,Costo,Producto,Frecuencia) VALUES (85,'ARIT','JACINTO','BALDOMERO','1987-05-25','JABA870525','F','2001-10-28','2023-06-05',112,101,'Paseo de la Reforma','Olivar De Los Padres',5349,'Atlamaya',5189.79,'Alimento',1);
INSERT INTO Proveedor(IDPersona,Nombre,ApellidoPaterno,ApellidoMaterno,Nacimiento,RFC,Genero,InicioContrato,FinContrato,NumInt,NumExt,Calle,Colonia,CodigoPostal,Estado,Costo,Producto,Frecuencia) VALUES (86,'JOEN','PITOL','WARD','1994-12-20','PIWJ941220','M','2000-11-16','2021-01-09',76,172,'Av. de las Civilizaciones','Emiliano Zapata',14462,'Villa Hermosa',15321.75,'Alimento',2);
INSERT INTO Proveedor(IDPersona,Nombre,ApellidoPaterno,ApellidoMaterno,Nacimiento,RFC,Genero,InicioContrato,FinContrato,NumInt,NumExt,Calle,Colonia,CodigoPostal,Estado,Costo,Producto,Frecuencia) VALUES (87,'ZELZIN','TABOADA','CHUNGA','2002-03-16','TACZ020316','M','2009-12-11','2016-04-17',72,6,'Eje 5 Norte Cantera','Romero Rubio',5145,'Zenon Delgado',6849.05,'Alimento',1);
INSERT INTO Proveedor(IDPersona,Nombre,ApellidoPaterno,ApellidoMaterno,Nacimiento,RFC,Genero,InicioContrato,FinContrato,NumInt,NumExt,Calle,Colonia,CodigoPostal,Estado,Costo,Producto,Frecuencia) VALUES (88,'ASGARD','CASTAÑEDA','BLASS','1980-07-16','CABA800716','M','2000-10-03','2023-01-17',97,111,'Av. Vito Alessio Robles','Lomas De  Padierna',7637,'Mosco Chinampa',13878.11,'Medicina',1);
INSERT INTO Proveedor(IDPersona,Nombre,ApellidoPaterno,ApellidoMaterno,Nacimiento,RFC,Genero,InicioContrato,FinContrato,NumInt,NumExt,Calle,Colonia,CodigoPostal,Estado,Costo,Producto,Frecuencia) VALUES (89,'JAANAI','TECPANECATL','CALLADO','2001-03-03','TECJ010303','F','2002-09-25','2016-12-09',107,135,'Canal de Miramontes','La Cañada',8856,'Los Cerrillos',5958.47,'Alimento',1);
INSERT INTO Proveedor(IDPersona,Nombre,ApellidoPaterno,ApellidoMaterno,Nacimiento,RFC,Genero,InicioContrato,FinContrato,NumInt,NumExt,Calle,Colonia,CodigoPostal,Estado,Costo,Producto,Frecuencia) VALUES (90,'XQUENDA','LABRADOR','CARRIZAL','1966-01-03','LACX660103','F','2006-11-15','2023-05-11',126,62,'Eje 4 Sur Gobernador Agustin Vicente Eguia','Ignacio Zaragoza',15268,'Potrero De San Bernardino',14650.98,'Alimento',2);
INSERT INTO Proveedor(IDPersona,Nombre,ApellidoPaterno,ApellidoMaterno,Nacimiento,RFC,Genero,InicioContrato,FinContrato,NumInt,NumExt,Calle,Colonia,CodigoPostal,Estado,Costo,Producto,Frecuencia) VALUES (91,'XIMENNA','BELMONT','MONTALVAN','1995-01-12','BEMX950112','F','2009-02-21','2014-06-26',13,44,'Eje 3 Oriente Francisco del Paso y Troncoso','Potrero De San Bernardino',15308,'Nueva Diaz Ordaz',10332.31,'Medicina',1);
INSERT INTO Proveedor(IDPersona,Nombre,ApellidoPaterno,ApellidoMaterno,Nacimiento,RFC,Genero,InicioContrato,FinContrato,NumInt,NumExt,Calle,Colonia,CodigoPostal,Estado,Costo,Producto,Frecuencia) VALUES (92,'KALIL','ONTAMUCHA','ECHEGARAY','1998-04-05','ONEK980405','F','2003-11-04','2020-10-04',81,159,'Eje 1 Sur Dr. Rio de la Loza','Palmas',11897,'San Pedro (Barr)',11926.93,'Alimento',1);
INSERT INTO Proveedor(IDPersona,Nombre,ApellidoPaterno,ApellidoMaterno,Nacimiento,RFC,Genero,InicioContrato,FinContrato,NumInt,NumExt,Calle,Colonia,CodigoPostal,Estado,Costo,Producto,Frecuencia) VALUES (93,'ARETZY','VILLASEÑOR','SANTOSCOY','1965-04-11','VISA650411','M','2010-03-11','2011-04-22',65,141,'Boulevard Miguel de Cervantes Saavedra','Zapote-Luis Donaldo Colosio (U Habs)',1332,'La Huerta',8852.77,'Alimento',3);
INSERT INTO Proveedor(IDPersona,Nombre,ApellidoPaterno,ApellidoMaterno,Nacimiento,RFC,Genero,InicioContrato,FinContrato,NumInt,NumExt,Calle,Colonia,CodigoPostal,Estado,Costo,Producto,Frecuencia) VALUES (94,'ROSELINE','REYNOSA','STENNER','2003-01-21','RESR030121','M','2001-08-19','2015-08-11',4,178,'Eje 3 Norte Alfredo Robles Dominguez','Guadalupe (Barr)',14052,'Residencial Los Pinos (U Hab)',15897.39,'Alimento',1);
INSERT INTO Proveedor(IDPersona,Nombre,ApellidoPaterno,ApellidoMaterno,Nacimiento,RFC,Genero,InicioContrato,FinContrato,NumInt,NumExt,Calle,Colonia,CodigoPostal,Estado,Costo,Producto,Frecuencia) VALUES (95,'JENNY','POPOCATL','SANTISTEBAN','2001-03-24','POSJ010324','F','2004-05-27','2021-12-04',76,100,'Eje 7 Sur Municipio Libre','Tepepan (Ampl)',6447,'El Molinito',15152.84,'Alimento',2);
INSERT INTO Proveedor(IDPersona,Nombre,ApellidoPaterno,ApellidoMaterno,Nacimiento,RFC,Genero,InicioContrato,FinContrato,NumInt,NumExt,Calle,Colonia,CodigoPostal,Estado,Costo,Producto,Frecuencia) VALUES (96,'JASON','BACAB','PUCH','2002-03-31','BAPJ020331','M','2007-02-11','2023-02-28',36,55,'Av. Rio San Joaquin','Minas De Cristo',1976,'Lomas De San Angel Inn',9336.15,'Medicina',2);
INSERT INTO Proveedor(IDPersona,Nombre,ApellidoPaterno,ApellidoMaterno,Nacimiento,RFC,Genero,InicioContrato,FinContrato,NumInt,NumExt,Calle,Colonia,CodigoPostal,Estado,Costo,Producto,Frecuencia) VALUES (97,'PAOLINA','JURADO','CUAMANI','2004-10-05','JUCP041005','M','2009-04-29','2022-11-25',98,5,'Plaza de la Constitucion','Los Cedros (Fracc)',7736,'Centro Urbano Tlalpan (U Hab)',5296.85,'Alimento',3);
INSERT INTO Proveedor(IDPersona,Nombre,ApellidoPaterno,ApellidoMaterno,Nacimiento,RFC,Genero,InicioContrato,FinContrato,NumInt,NumExt,Calle,Colonia,CodigoPostal,Estado,Costo,Producto,Frecuencia) VALUES (98,'ITAN','BARCENA','ALMEDA','1963-09-10','BAAI630910','M','2006-10-13','2020-07-13',32,63,'Av. Estanislao Ramirez Ruiz','El Toro',1677,'Pedregal De San Angel (Ampl)',11011.15,'Medicina',2);
INSERT INTO Proveedor(IDPersona,Nombre,ApellidoPaterno,ApellidoMaterno,Nacimiento,RFC,Genero,InicioContrato,FinContrato,NumInt,NumExt,Calle,Colonia,CodigoPostal,Estado,Costo,Producto,Frecuencia) VALUES (99,'CARIDAD','CARRO','COELLO','1989-07-19','CACC890719','F','2005-10-23','2011-08-27',125,195,'Eje 2 Sur Av. Alvaro Obregon','El Parque',15625,'Francisco Villa (Ejercito Constitucionalista)',8914.03,'Alimento',1);
INSERT INTO Proveedor(IDPersona,Nombre,ApellidoPaterno,ApellidoMaterno,Nacimiento,RFC,Genero,InicioContrato,FinContrato,NumInt,NumExt,Calle,Colonia,CodigoPostal,Estado,Costo,Producto,Frecuencia) VALUES (100,'XALLI','CENTENO','AYAR','1988-09-13','CEAX880913','M','2004-12-12','2017-05-26',124,45,'Av. Tezozomoc','El Rosario',9835,'La Malinche',15499.26,'Alimento',1);

INSERT INTO CorreoProveedor(IDPersona,Correo) VALUES (1,'tcorryer0@nbcnews.com');
INSERT INTO CorreoProveedor(IDPersona,Correo) VALUES (2,'mfrarey1@omniture.com');
INSERT INTO CorreoProveedor(IDPersona,Correo) VALUES (3,'mlonie2@so-net.ne.jp');
INSERT INTO CorreoProveedor(IDPersona,Correo) VALUES (4,'cpapaminas3@princeton.edu');
INSERT INTO CorreoProveedor(IDPersona,Correo) VALUES (5,'ljackling4@washington.edu');
INSERT INTO CorreoProveedor(IDPersona,Correo) VALUES (6,'odottrell5@flickr.com');
INSERT INTO CorreoProveedor(IDPersona,Correo) VALUES (7,'vmasedon6@oaic.gov.au');
INSERT INTO CorreoProveedor(IDPersona,Correo) VALUES (8,'mstirland7@ifeng.com');
INSERT INTO CorreoProveedor(IDPersona,Correo) VALUES (9,'kgribben8@comsenz.com');
INSERT INTO CorreoProveedor(IDPersona,Correo) VALUES (10,'shuntall9@admin.ch');
INSERT INTO CorreoProveedor(IDPersona,Correo) VALUES (11,'lmacphaila@ox.ac.uk');
INSERT INTO CorreoProveedor(IDPersona,Correo) VALUES (12,'wgainforthb@huffingtonpost.com');
INSERT INTO CorreoProveedor(IDPersona,Correo) VALUES (13,'tshimonc@nps.gov');
INSERT INTO CorreoProveedor(IDPersona,Correo) VALUES (14,'egreendaled@thetimes.co.uk');
INSERT INTO CorreoProveedor(IDPersona,Correo) VALUES (15,'padamsone@apache.org');
INSERT INTO CorreoProveedor(IDPersona,Correo) VALUES (16,'tplayhillf@google.com.hk');
INSERT INTO CorreoProveedor(IDPersona,Correo) VALUES (17,'fosiring@forbes.com');
INSERT INTO CorreoProveedor(IDPersona,Correo) VALUES (18,'kdunbletonh@wix.com');
INSERT INTO CorreoProveedor(IDPersona,Correo) VALUES (19,'soharei@eventbrite.com');
INSERT INTO CorreoProveedor(IDPersona,Correo) VALUES (20,'talyukinj@addthis.com');
INSERT INTO CorreoProveedor(IDPersona,Correo) VALUES (21,'cferneleyk@pbs.org');
INSERT INTO CorreoProveedor(IDPersona,Correo) VALUES (22,'jzupol@edublogs.org');
INSERT INTO CorreoProveedor(IDPersona,Correo) VALUES (23,'tanfossim@yellowpages.com');
INSERT INTO CorreoProveedor(IDPersona,Correo) VALUES (24,'mparelln@patch.com');
INSERT INTO CorreoProveedor(IDPersona,Correo) VALUES (25,'mivanshintsevo@prweb.com');
INSERT INTO CorreoProveedor(IDPersona,Correo) VALUES (26,'ubewp@squidoo.com');
INSERT INTO CorreoProveedor(IDPersona,Correo) VALUES (27,'mvlasyevq@omniture.com');
INSERT INTO CorreoProveedor(IDPersona,Correo) VALUES (28,'fissettr@163.com');
INSERT INTO CorreoProveedor(IDPersona,Correo) VALUES (29,'culyets@fc2.com');
INSERT INTO CorreoProveedor(IDPersona,Correo) VALUES (30,'ehawsbyt@irs.gov');
INSERT INTO CorreoProveedor(IDPersona,Correo) VALUES (31,'sisaacsu@pagesperso-orange.fr');
INSERT INTO CorreoProveedor(IDPersona,Correo) VALUES (32,'ksulterv@ning.com');
INSERT INTO CorreoProveedor(IDPersona,Correo) VALUES (33,'fpictonw@addthis.com');
INSERT INTO CorreoProveedor(IDPersona,Correo) VALUES (34,'aokinedyx@sohu.com');
INSERT INTO CorreoProveedor(IDPersona,Correo) VALUES (35,'jlimery@house.gov');
INSERT INTO CorreoProveedor(IDPersona,Correo) VALUES (36,'narnowiczz@discovery.com');
INSERT INTO CorreoProveedor(IDPersona,Correo) VALUES (37,'jchapelle10@nasa.gov');
INSERT INTO CorreoProveedor(IDPersona,Correo) VALUES (38,'mvelareal11@dropbox.com');
INSERT INTO CorreoProveedor(IDPersona,Correo) VALUES (39,'markcoll12@symantec.com');
INSERT INTO CorreoProveedor(IDPersona,Correo) VALUES (40,'sliggins13@purevolume.com');
INSERT INTO CorreoProveedor(IDPersona,Correo) VALUES (41,'ddelascy14@acquirethisname.com');
INSERT INTO CorreoProveedor(IDPersona,Correo) VALUES (42,'smcenery15@businessweek.com');
INSERT INTO CorreoProveedor(IDPersona,Correo) VALUES (43,'ddavidovsky16@state.tx.us');
INSERT INTO CorreoProveedor(IDPersona,Correo) VALUES (44,'crodell17@newsvine.com');
INSERT INTO CorreoProveedor(IDPersona,Correo) VALUES (45,'rstanmore18@uol.com.br');
INSERT INTO CorreoProveedor(IDPersona,Correo) VALUES (46,'arappoport19@vinaora.com');
INSERT INTO CorreoProveedor(IDPersona,Correo) VALUES (47,'mkyncl1a@sohu.com');
INSERT INTO CorreoProveedor(IDPersona,Correo) VALUES (48,'afarman1b@smugmug.com');
INSERT INTO CorreoProveedor(IDPersona,Correo) VALUES (49,'tlascell1c@quantcast.com');
INSERT INTO CorreoProveedor(IDPersona,Correo) VALUES (50,'aheustace1d@youku.com');
INSERT INTO CorreoProveedor(IDPersona,Correo) VALUES (51,'pwilcox1e@cloudflare.com');
INSERT INTO CorreoProveedor(IDPersona,Correo) VALUES (52,'hjasik1f@ucoz.ru');
INSERT INTO CorreoProveedor(IDPersona,Correo) VALUES (53,'mhallen1g@wikispaces.com');
INSERT INTO CorreoProveedor(IDPersona,Correo) VALUES (54,'ljankovsky1h@illinois.edu');
INSERT INTO CorreoProveedor(IDPersona,Correo) VALUES (55,'bsloper1i@sina.com.cn');
INSERT INTO CorreoProveedor(IDPersona,Correo) VALUES (56,'jroberti1j@posterous.com');
INSERT INTO CorreoProveedor(IDPersona,Correo) VALUES (57,'ecobbin1k@nymag.com');
INSERT INTO CorreoProveedor(IDPersona,Correo) VALUES (58,'asplaven1l@nbcnews.com');
INSERT INTO CorreoProveedor(IDPersona,Correo) VALUES (59,'bstorror1m@edublogs.org');
INSERT INTO CorreoProveedor(IDPersona,Correo) VALUES (60,'swindas1n@fastcompany.com');
INSERT INTO CorreoProveedor(IDPersona,Correo) VALUES (61,'nhacaud1o@weebly.com');
INSERT INTO CorreoProveedor(IDPersona,Correo) VALUES (62,'tspehr1p@bloomberg.com');
INSERT INTO CorreoProveedor(IDPersona,Correo) VALUES (63,'gclemente1q@youtube.com');
INSERT INTO CorreoProveedor(IDPersona,Correo) VALUES (64,'ccotgrave1r@vistaprint.com');
INSERT INTO CorreoProveedor(IDPersona,Correo) VALUES (65,'emountford1s@umich.edu');
INSERT INTO CorreoProveedor(IDPersona,Correo) VALUES (66,'mkordovani1t@slate.com');
INSERT INTO CorreoProveedor(IDPersona,Correo) VALUES (67,'sblenkinship1u@livejournal.com');
INSERT INTO CorreoProveedor(IDPersona,Correo) VALUES (68,'egladwell1v@ucsd.edu');
INSERT INTO CorreoProveedor(IDPersona,Correo) VALUES (69,'lmaccarter1w@hibu.com');
INSERT INTO CorreoProveedor(IDPersona,Correo) VALUES (70,'lpostgate1x@yellowbook.com');
INSERT INTO CorreoProveedor(IDPersona,Correo) VALUES (71,'esmedmoor1y@nps.gov');
INSERT INTO CorreoProveedor(IDPersona,Correo) VALUES (72,'nmadle1z@psu.edu');
INSERT INTO CorreoProveedor(IDPersona,Correo) VALUES (73,'npantecost20@desdev.cn');
INSERT INTO CorreoProveedor(IDPersona,Correo) VALUES (74,'mhamnet21@cbslocal.com');
INSERT INTO CorreoProveedor(IDPersona,Correo) VALUES (75,'kblunsden22@soundcloud.com');
INSERT INTO CorreoProveedor(IDPersona,Correo) VALUES (76,'hsage23@altervista.org');
INSERT INTO CorreoProveedor(IDPersona,Correo) VALUES (77,'ncuttle24@jimdo.com');
INSERT INTO CorreoProveedor(IDPersona,Correo) VALUES (78,'dharbar25@sohu.com');
INSERT INTO CorreoProveedor(IDPersona,Correo) VALUES (79,'lpechet26@sogou.com');
INSERT INTO CorreoProveedor(IDPersona,Correo) VALUES (80,'jmaccauley27@europa.eu');
INSERT INTO CorreoProveedor(IDPersona,Correo) VALUES (81,'mkmiec28@fda.gov');
INSERT INTO CorreoProveedor(IDPersona,Correo) VALUES (82,'wcreber29@oaic.gov.au');
INSERT INTO CorreoProveedor(IDPersona,Correo) VALUES (83,'kpoppleston2a@gnu.org');
INSERT INTO CorreoProveedor(IDPersona,Correo) VALUES (84,'hwooderson2b@nps.gov');
INSERT INTO CorreoProveedor(IDPersona,Correo) VALUES (85,'ndibbert2c@istockphoto.com');
INSERT INTO CorreoProveedor(IDPersona,Correo) VALUES (86,'lgraundisson2d@liveinternet.ru');
INSERT INTO CorreoProveedor(IDPersona,Correo) VALUES (87,'pridolfo2e@cyberchimps.com');
INSERT INTO CorreoProveedor(IDPersona,Correo) VALUES (88,'fabbatucci2f@homestead.com');
INSERT INTO CorreoProveedor(IDPersona,Correo) VALUES (89,'thryniewicki2g@yale.edu');
INSERT INTO CorreoProveedor(IDPersona,Correo) VALUES (90,'cferby2h@comcast.net');
INSERT INTO CorreoProveedor(IDPersona,Correo) VALUES (91,'bstaddom2i@amazon.com');
INSERT INTO CorreoProveedor(IDPersona,Correo) VALUES (92,'bmadsen2j@walmart.com');
INSERT INTO CorreoProveedor(IDPersona,Correo) VALUES (93,'pkiellor2k@friendfeed.com');
INSERT INTO CorreoProveedor(IDPersona,Correo) VALUES (94,'rmulholland2l@macromedia.com');
INSERT INTO CorreoProveedor(IDPersona,Correo) VALUES (95,'epotkin2m@seesaa.net');
INSERT INTO CorreoProveedor(IDPersona,Correo) VALUES (96,'mweldrake2n@cocolog-nifty.com');
INSERT INTO CorreoProveedor(IDPersona,Correo) VALUES (97,'chutcheon2o@illinois.edu');
INSERT INTO CorreoProveedor(IDPersona,Correo) VALUES (98,'cdangelo2p@ameblo.jp');
INSERT INTO CorreoProveedor(IDPersona,Correo) VALUES (99,'memerine2q@stumbleupon.com');
INSERT INTO CorreoProveedor(IDPersona,Correo) VALUES (100,'cbartolommeo2r@github.com');

INSERT INTO TelefonoProveedor(IDPersona,Telefono) VALUES (1,5502359245);
INSERT INTO TelefonoProveedor(IDPersona,Telefono) VALUES (2,5592167926);
INSERT INTO TelefonoProveedor(IDPersona,Telefono) VALUES (3,5571891408);
INSERT INTO TelefonoProveedor(IDPersona,Telefono) VALUES (4,5565668100);
INSERT INTO TelefonoProveedor(IDPersona,Telefono) VALUES (5,5523700651);
INSERT INTO TelefonoProveedor(IDPersona,Telefono) VALUES (6,5554293282);
INSERT INTO TelefonoProveedor(IDPersona,Telefono) VALUES (7,5572491759);
INSERT INTO TelefonoProveedor(IDPersona,Telefono) VALUES (8,5593876501);
INSERT INTO TelefonoProveedor(IDPersona,Telefono) VALUES (9,5561469928);
INSERT INTO TelefonoProveedor(IDPersona,Telefono) VALUES (10,5527432308);
INSERT INTO TelefonoProveedor(IDPersona,Telefono) VALUES (11,5505488516);
INSERT INTO TelefonoProveedor(IDPersona,Telefono) VALUES (12,5528305043);
INSERT INTO TelefonoProveedor(IDPersona,Telefono) VALUES (13,5546239404);
INSERT INTO TelefonoProveedor(IDPersona,Telefono) VALUES (14,5522387695);
INSERT INTO TelefonoProveedor(IDPersona,Telefono) VALUES (15,5548507192);
INSERT INTO TelefonoProveedor(IDPersona,Telefono) VALUES (16,5565818247);
INSERT INTO TelefonoProveedor(IDPersona,Telefono) VALUES (17,5587840978);
INSERT INTO TelefonoProveedor(IDPersona,Telefono) VALUES (18,5588241353);
INSERT INTO TelefonoProveedor(IDPersona,Telefono) VALUES (19,5532091361);
INSERT INTO TelefonoProveedor(IDPersona,Telefono) VALUES (20,5546972730);
INSERT INTO TelefonoProveedor(IDPersona,Telefono) VALUES (21,5505750653);
INSERT INTO TelefonoProveedor(IDPersona,Telefono) VALUES (22,5590816072);
INSERT INTO TelefonoProveedor(IDPersona,Telefono) VALUES (23,5507656781);
INSERT INTO TelefonoProveedor(IDPersona,Telefono) VALUES (24,5560610175);
INSERT INTO TelefonoProveedor(IDPersona,Telefono) VALUES (25,5502647946);
INSERT INTO TelefonoProveedor(IDPersona,Telefono) VALUES (26,5502650808);
INSERT INTO TelefonoProveedor(IDPersona,Telefono) VALUES (27,5513337299);
INSERT INTO TelefonoProveedor(IDPersona,Telefono) VALUES (28,5523104739);
INSERT INTO TelefonoProveedor(IDPersona,Telefono) VALUES (29,5579719610);
INSERT INTO TelefonoProveedor(IDPersona,Telefono) VALUES (30,5510202873);
INSERT INTO TelefonoProveedor(IDPersona,Telefono) VALUES (31,5572128439);
INSERT INTO TelefonoProveedor(IDPersona,Telefono) VALUES (32,5592259895);
INSERT INTO TelefonoProveedor(IDPersona,Telefono) VALUES (33,5570529088);
INSERT INTO TelefonoProveedor(IDPersona,Telefono) VALUES (34,5581948781);
INSERT INTO TelefonoProveedor(IDPersona,Telefono) VALUES (35,5555440951);
INSERT INTO TelefonoProveedor(IDPersona,Telefono) VALUES (36,5506899086);
INSERT INTO TelefonoProveedor(IDPersona,Telefono) VALUES (37,5566061508);
INSERT INTO TelefonoProveedor(IDPersona,Telefono) VALUES (38,5558428198);
INSERT INTO TelefonoProveedor(IDPersona,Telefono) VALUES (39,5524073177);
INSERT INTO TelefonoProveedor(IDPersona,Telefono) VALUES (40,5584566987);
INSERT INTO TelefonoProveedor(IDPersona,Telefono) VALUES (41,5579729841);
INSERT INTO TelefonoProveedor(IDPersona,Telefono) VALUES (42,5504059766);
INSERT INTO TelefonoProveedor(IDPersona,Telefono) VALUES (43,5544620725);
INSERT INTO TelefonoProveedor(IDPersona,Telefono) VALUES (44,5514632242);
INSERT INTO TelefonoProveedor(IDPersona,Telefono) VALUES (45,5508114610);
INSERT INTO TelefonoProveedor(IDPersona,Telefono) VALUES (46,5521051473);
INSERT INTO TelefonoProveedor(IDPersona,Telefono) VALUES (47,5546178486);
INSERT INTO TelefonoProveedor(IDPersona,Telefono) VALUES (48,5532797256);
INSERT INTO TelefonoProveedor(IDPersona,Telefono) VALUES (49,5519716331);
INSERT INTO TelefonoProveedor(IDPersona,Telefono) VALUES (50,5520527468);
INSERT INTO TelefonoProveedor(IDPersona,Telefono) VALUES (51,5586867955);
INSERT INTO TelefonoProveedor(IDPersona,Telefono) VALUES (52,5500417197);
INSERT INTO TelefonoProveedor(IDPersona,Telefono) VALUES (53,5561870569);
INSERT INTO TelefonoProveedor(IDPersona,Telefono) VALUES (54,5545105083);
INSERT INTO TelefonoProveedor(IDPersona,Telefono) VALUES (55,5562904072);
INSERT INTO TelefonoProveedor(IDPersona,Telefono) VALUES (56,5571095362);
INSERT INTO TelefonoProveedor(IDPersona,Telefono) VALUES (57,5597568961);
INSERT INTO TelefonoProveedor(IDPersona,Telefono) VALUES (58,5503623101);
INSERT INTO TelefonoProveedor(IDPersona,Telefono) VALUES (59,5502251887);
INSERT INTO TelefonoProveedor(IDPersona,Telefono) VALUES (60,5554539250);
INSERT INTO TelefonoProveedor(IDPersona,Telefono) VALUES (61,5527872802);
INSERT INTO TelefonoProveedor(IDPersona,Telefono) VALUES (62,5509713099);
INSERT INTO TelefonoProveedor(IDPersona,Telefono) VALUES (63,5597391714);
INSERT INTO TelefonoProveedor(IDPersona,Telefono) VALUES (64,5504983026);
INSERT INTO TelefonoProveedor(IDPersona,Telefono) VALUES (65,5583330375);
INSERT INTO TelefonoProveedor(IDPersona,Telefono) VALUES (66,5535761462);
INSERT INTO TelefonoProveedor(IDPersona,Telefono) VALUES (67,5502054983);
INSERT INTO TelefonoProveedor(IDPersona,Telefono) VALUES (68,5568258588);
INSERT INTO TelefonoProveedor(IDPersona,Telefono) VALUES (69,5587851938);
INSERT INTO TelefonoProveedor(IDPersona,Telefono) VALUES (70,5565097738);
INSERT INTO TelefonoProveedor(IDPersona,Telefono) VALUES (71,5507304117);
INSERT INTO TelefonoProveedor(IDPersona,Telefono) VALUES (72,5594690567);
INSERT INTO TelefonoProveedor(IDPersona,Telefono) VALUES (73,5565351404);
INSERT INTO TelefonoProveedor(IDPersona,Telefono) VALUES (74,5529011607);
INSERT INTO TelefonoProveedor(IDPersona,Telefono) VALUES (75,5542974920);
INSERT INTO TelefonoProveedor(IDPersona,Telefono) VALUES (76,5555790326);
INSERT INTO TelefonoProveedor(IDPersona,Telefono) VALUES (77,5554544060);
INSERT INTO TelefonoProveedor(IDPersona,Telefono) VALUES (78,5563593378);
INSERT INTO TelefonoProveedor(IDPersona,Telefono) VALUES (79,5525612070);
INSERT INTO TelefonoProveedor(IDPersona,Telefono) VALUES (80,5525187085);
INSERT INTO TelefonoProveedor(IDPersona,Telefono) VALUES (81,5523278876);
INSERT INTO TelefonoProveedor(IDPersona,Telefono) VALUES (82,5541831348);
INSERT INTO TelefonoProveedor(IDPersona,Telefono) VALUES (83,5566926505);
INSERT INTO TelefonoProveedor(IDPersona,Telefono) VALUES (84,5580562572);
INSERT INTO TelefonoProveedor(IDPersona,Telefono) VALUES (85,5556350132);
INSERT INTO TelefonoProveedor(IDPersona,Telefono) VALUES (86,5597567557);
INSERT INTO TelefonoProveedor(IDPersona,Telefono) VALUES (87,5543006365);
INSERT INTO TelefonoProveedor(IDPersona,Telefono) VALUES (88,5505352611);
INSERT INTO TelefonoProveedor(IDPersona,Telefono) VALUES (89,5525510247);
INSERT INTO TelefonoProveedor(IDPersona,Telefono) VALUES (90,5506813329);
INSERT INTO TelefonoProveedor(IDPersona,Telefono) VALUES (91,5514997143);
INSERT INTO TelefonoProveedor(IDPersona,Telefono) VALUES (92,5513857394);
INSERT INTO TelefonoProveedor(IDPersona,Telefono) VALUES (93,5574517641);
INSERT INTO TelefonoProveedor(IDPersona,Telefono) VALUES (94,5532739996);
INSERT INTO TelefonoProveedor(IDPersona,Telefono) VALUES (95,5568834548);
INSERT INTO TelefonoProveedor(IDPersona,Telefono) VALUES (96,5530042775);
INSERT INTO TelefonoProveedor(IDPersona,Telefono) VALUES (97,5582913123);
INSERT INTO TelefonoProveedor(IDPersona,Telefono) VALUES (98,5582570822);
INSERT INTO TelefonoProveedor(IDPersona,Telefono) VALUES (99,5597927910);
INSERT INTO TelefonoProveedor(IDPersona,Telefono) VALUES (100,5539262191);


INSERT INTO Bioma(IDBioma,Tipo) VALUES (1,'Desierto');
INSERT INTO Bioma(IDBioma,Tipo) VALUES (2,'Pastizales');
INSERT INTO Bioma(IDBioma,Tipo) VALUES (3,'Franja');
INSERT INTO Bioma(IDBioma,Tipo) VALUES (4,'Costera');
INSERT INTO Bioma(IDBioma,Tipo) VALUES (5,'Tundra');
INSERT INTO Bioma(IDBioma,Tipo) VALUES (6,'Aviario');
INSERT INTO Bioma(IDBioma,Tipo) VALUES (7,'Bosque templado');
INSERT INTO Bioma(IDBioma,Tipo) VALUES (8,'Bosque Tropical');


INSERT INTO Jaula(IDBioma,NumJaula) VALUES (1,1);
INSERT INTO Jaula(IDBioma,NumJaula) VALUES (2,2);
INSERT INTO Jaula(IDBioma,NumJaula) VALUES (3,3);
INSERT INTO Jaula(IDBioma,NumJaula) VALUES (4,4);
INSERT INTO Jaula(IDBioma,NumJaula) VALUES (5,5);
INSERT INTO Jaula(IDBioma,NumJaula) VALUES (6,6);
INSERT INTO Jaula(IDBioma,NumJaula) VALUES (7,7);
INSERT INTO Jaula(IDBioma,NumJaula) VALUES (8,8);
INSERT INTO Jaula(IDBioma,NumJaula) VALUES (1,9);
INSERT INTO Jaula(IDBioma,NumJaula) VALUES (2,10);
INSERT INTO Jaula(IDBioma,NumJaula) VALUES (3,11);
INSERT INTO Jaula(IDBioma,NumJaula) VALUES (4,12);
INSERT INTO Jaula(IDBioma,NumJaula) VALUES (5,13);
INSERT INTO Jaula(IDBioma,NumJaula) VALUES (6,14);
INSERT INTO Jaula(IDBioma,NumJaula) VALUES (7,15);
INSERT INTO Jaula(IDBioma,NumJaula) VALUES (8,16);
INSERT INTO Jaula(IDBioma,NumJaula) VALUES (1,17);
INSERT INTO Jaula(IDBioma,NumJaula) VALUES (2,18);
INSERT INTO Jaula(IDBioma,NumJaula) VALUES (3,19);
INSERT INTO Jaula(IDBioma,NumJaula) VALUES (4,20);
INSERT INTO Jaula(IDBioma,NumJaula) VALUES (5,21);
INSERT INTO Jaula(IDBioma,NumJaula) VALUES (6,22);
INSERT INTO Jaula(IDBioma,NumJaula) VALUES (7,23);
INSERT INTO Jaula(IDBioma,NumJaula) VALUES (8,24);
INSERT INTO Jaula(IDBioma,NumJaula) VALUES (1,25);
INSERT INTO Jaula(IDBioma,NumJaula) VALUES (2,26);
INSERT INTO Jaula(IDBioma,NumJaula) VALUES (3,27);
INSERT INTO Jaula(IDBioma,NumJaula) VALUES (4,28);
INSERT INTO Jaula(IDBioma,NumJaula) VALUES (5,29);
INSERT INTO Jaula(IDBioma,NumJaula) VALUES (6,30);
INSERT INTO Jaula(IDBioma,NumJaula) VALUES (7,31);
INSERT INTO Jaula(IDBioma,NumJaula) VALUES (8,32);
INSERT INTO Jaula(IDBioma,NumJaula) VALUES (1,33);
INSERT INTO Jaula(IDBioma,NumJaula) VALUES (2,34);
INSERT INTO Jaula(IDBioma,NumJaula) VALUES (3,35);
INSERT INTO Jaula(IDBioma,NumJaula) VALUES (4,36);
INSERT INTO Jaula(IDBioma,NumJaula) VALUES (5,37);
INSERT INTO Jaula(IDBioma,NumJaula) VALUES (6,38);
INSERT INTO Jaula(IDBioma,NumJaula) VALUES (7,39);
INSERT INTO Jaula(IDBioma,NumJaula) VALUES (8,40);
INSERT INTO Jaula(IDBioma,NumJaula) VALUES (1,41);
INSERT INTO Jaula(IDBioma,NumJaula) VALUES (2,42);
INSERT INTO Jaula(IDBioma,NumJaula) VALUES (3,43);
INSERT INTO Jaula(IDBioma,NumJaula) VALUES (4,44);
INSERT INTO Jaula(IDBioma,NumJaula) VALUES (5,45);
INSERT INTO Jaula(IDBioma,NumJaula) VALUES (6,46);
INSERT INTO Jaula(IDBioma,NumJaula) VALUES (7,47);
INSERT INTO Jaula(IDBioma,NumJaula) VALUES (8,48);
INSERT INTO Jaula(IDBioma,NumJaula) VALUES (1,49);
INSERT INTO Jaula(IDBioma,NumJaula) VALUES (2,50);
INSERT INTO Jaula(IDBioma,NumJaula) VALUES (3,51);
INSERT INTO Jaula(IDBioma,NumJaula) VALUES (4,52);
INSERT INTO Jaula(IDBioma,NumJaula) VALUES (5,53);
INSERT INTO Jaula(IDBioma,NumJaula) VALUES (6,54);
INSERT INTO Jaula(IDBioma,NumJaula) VALUES (7,55);
INSERT INTO Jaula(IDBioma,NumJaula) VALUES (8,56);
INSERT INTO Jaula(IDBioma,NumJaula) VALUES (1,57);
INSERT INTO Jaula(IDBioma,NumJaula) VALUES (2,58);
INSERT INTO Jaula(IDBioma,NumJaula) VALUES (3,59);
INSERT INTO Jaula(IDBioma,NumJaula) VALUES (4,60);
INSERT INTO Jaula(IDBioma,NumJaula) VALUES (5,61);
INSERT INTO Jaula(IDBioma,NumJaula) VALUES (6,62);
INSERT INTO Jaula(IDBioma,NumJaula) VALUES (7,63);
INSERT INTO Jaula(IDBioma,NumJaula) VALUES (8,64);
INSERT INTO Jaula(IDBioma,NumJaula) VALUES (1,65);
INSERT INTO Jaula(IDBioma,NumJaula) VALUES (2,66);
INSERT INTO Jaula(IDBioma,NumJaula) VALUES (3,67);
INSERT INTO Jaula(IDBioma,NumJaula) VALUES (4,68);
INSERT INTO Jaula(IDBioma,NumJaula) VALUES (5,69);
INSERT INTO Jaula(IDBioma,NumJaula) VALUES (6,70);
INSERT INTO Jaula(IDBioma,NumJaula) VALUES (7,71);
INSERT INTO Jaula(IDBioma,NumJaula) VALUES (8,72);
INSERT INTO Jaula(IDBioma,NumJaula) VALUES (1,73);
INSERT INTO Jaula(IDBioma,NumJaula) VALUES (2,74);
INSERT INTO Jaula(IDBioma,NumJaula) VALUES (3,75);
INSERT INTO Jaula(IDBioma,NumJaula) VALUES (4,76);
INSERT INTO Jaula(IDBioma,NumJaula) VALUES (5,77);
INSERT INTO Jaula(IDBioma,NumJaula) VALUES (6,78);
INSERT INTO Jaula(IDBioma,NumJaula) VALUES (7,79);
INSERT INTO Jaula(IDBioma,NumJaula) VALUES (8,80);
INSERT INTO Jaula(IDBioma,NumJaula) VALUES (1,81);
INSERT INTO Jaula(IDBioma,NumJaula) VALUES (2,82);
INSERT INTO Jaula(IDBioma,NumJaula) VALUES (3,83);
INSERT INTO Jaula(IDBioma,NumJaula) VALUES (4,84);
INSERT INTO Jaula(IDBioma,NumJaula) VALUES (5,85);
INSERT INTO Jaula(IDBioma,NumJaula) VALUES (6,86);
INSERT INTO Jaula(IDBioma,NumJaula) VALUES (7,87);
INSERT INTO Jaula(IDBioma,NumJaula) VALUES (8,88);
INSERT INTO Jaula(IDBioma,NumJaula) VALUES (1,89);
INSERT INTO Jaula(IDBioma,NumJaula) VALUES (2,90);
INSERT INTO Jaula(IDBioma,NumJaula) VALUES (3,91);
INSERT INTO Jaula(IDBioma,NumJaula) VALUES (4,92);
INSERT INTO Jaula(IDBioma,NumJaula) VALUES (5,93);
INSERT INTO Jaula(IDBioma,NumJaula) VALUES (6,94);
INSERT INTO Jaula(IDBioma,NumJaula) VALUES (7,95);
INSERT INTO Jaula(IDBioma,NumJaula) VALUES (8,96);
INSERT INTO Jaula(IDBioma,NumJaula) VALUES (1,97);
INSERT INTO Jaula(IDBioma,NumJaula) VALUES (2,98);
INSERT INTO Jaula(IDBioma,NumJaula) VALUES (3,99);
INSERT INTO Jaula(IDBioma,NumJaula) VALUES (4,100);


INSERT INTO Alimento(IDInsumo,Nombre,Caducidad,Cantidad,Refrigeracion,Tipo) VALUES (1,'ciervo','2024-08-13',38,'false','Verdura');
INSERT INTO Alimento(IDInsumo,Nombre,Caducidad,Cantidad,Refrigeracion,Tipo) VALUES (2,'gusanos de seda','2024-09-03',38,'false','Pescado');
INSERT INTO Alimento(IDInsumo,Nombre,Caducidad,Cantidad,Refrigeracion,Tipo) VALUES (3,'cerezas','2024-09-09',74,'true','Semilla');
INSERT INTO Alimento(IDInsumo,Nombre,Caducidad,Cantidad,Refrigeracion,Tipo) VALUES (4,'nabo daikon','2024-09-05',11,'false','Tuberculo');
INSERT INTO Alimento(IDInsumo,Nombre,Caducidad,Cantidad,Refrigeracion,Tipo) VALUES (5,'papa','2024-05-04',37,'false','Carne');
INSERT INTO Alimento(IDInsumo,Nombre,Caducidad,Cantidad,Refrigeracion,Tipo) VALUES (6,'gorgojos de palma','2024-10-11',51,'false','Verdura');
INSERT INTO Alimento(IDInsumo,Nombre,Caducidad,Cantidad,Refrigeracion,Tipo) VALUES (7,'pargo rojo del Pacífico','2024-04-11',95,'false','Carne');
INSERT INTO Alimento(IDInsumo,Nombre,Caducidad,Cantidad,Refrigeracion,Tipo) VALUES (8,'plátano','2024-09-08',80,'true','Tuberculo');
INSERT INTO Alimento(IDInsumo,Nombre,Caducidad,Cantidad,Refrigeracion,Tipo) VALUES (9,'linaza dorada','2023-11-08',77,'true','Tuberculo');
INSERT INTO Alimento(IDInsumo,Nombre,Caducidad,Cantidad,Refrigeracion,Tipo) VALUES (10,'calabaza del acantilado','2024-10-13',29,'false','Tuberculo');
INSERT INTO Alimento(IDInsumo,Nombre,Caducidad,Cantidad,Refrigeracion,Tipo) VALUES (11,'ciruela negra','2024-07-04',7,'false','Semilla');
INSERT INTO Alimento(IDInsumo,Nombre,Caducidad,Cantidad,Refrigeracion,Tipo) VALUES (12,'judía verde','2024-07-16',68,'false','Pescado');
INSERT INTO Alimento(IDInsumo,Nombre,Caducidad,Cantidad,Refrigeracion,Tipo) VALUES (13,'pavo','2024-09-14',71,'true','Fruta');
INSERT INTO Alimento(IDInsumo,Nombre,Caducidad,Cantidad,Refrigeracion,Tipo) VALUES (14,'gallina de Cornualles','2024-05-31',39,'false','Tuberculo');
INSERT INTO Alimento(IDInsumo,Nombre,Caducidad,Cantidad,Refrigeracion,Tipo) VALUES (15,'berro de agua','2024-04-24',3,'true','Fruta');
INSERT INTO Alimento(IDInsumo,Nombre,Caducidad,Cantidad,Refrigeracion,Tipo) VALUES (16,'calabaza de bellota','2024-10-16',3,'false','Insecto');
INSERT INTO Alimento(IDInsumo,Nombre,Caducidad,Cantidad,Refrigeracion,Tipo) VALUES (17,'durazno amarillo','2023-11-02',3,'false','Insecto');
INSERT INTO Alimento(IDInsumo,Nombre,Caducidad,Cantidad,Refrigeracion,Tipo) VALUES (18,'frambuesa','2023-11-17',65,'true','Carne');
INSERT INTO Alimento(IDInsumo,Nombre,Caducidad,Cantidad,Refrigeracion,Tipo) VALUES (19,'larvas de langosta','2023-12-31',36,'false','Insecto');
INSERT INTO Alimento(IDInsumo,Nombre,Caducidad,Cantidad,Refrigeracion,Tipo) VALUES (20,'zanahoria morada','2024-04-08',25,'true','Pescado');
INSERT INTO Alimento(IDInsumo,Nombre,Caducidad,Cantidad,Refrigeracion,Tipo) VALUES (21,'calabacín','2024-10-19',57,'false','Fruta');
INSERT INTO Alimento(IDInsumo,Nombre,Caducidad,Cantidad,Refrigeracion,Tipo) VALUES (22,'rábano daikon','2024-07-13',10,'true','Lacteo');
INSERT INTO Alimento(IDInsumo,Nombre,Caducidad,Cantidad,Refrigeracion,Tipo) VALUES (23,'dorada rayada del Atlántico','2024-05-03',66,'false','Tuberculo');
INSERT INTO Alimento(IDInsumo,Nombre,Caducidad,Cantidad,Refrigeracion,Tipo) VALUES (24,'pollo de Cornualles gigante','2023-11-23',72,'true','Carne');
INSERT INTO Alimento(IDInsumo,Nombre,Caducidad,Cantidad,Refrigeracion,Tipo) VALUES (25,'ciruela roja japonesa','2024-10-08',27,'true','Semilla');
INSERT INTO Alimento(IDInsumo,Nombre,Caducidad,Cantidad,Refrigeracion,Tipo) VALUES (26,'soja','2024-08-10',33,'false','Lacteo');
INSERT INTO Alimento(IDInsumo,Nombre,Caducidad,Cantidad,Refrigeracion,Tipo) VALUES (27,'ciruela santa rosa','2024-07-30',35,'false','Tuberculo');
INSERT INTO Alimento(IDInsumo,Nombre,Caducidad,Cantidad,Refrigeracion,Tipo) VALUES (28,'kiwi','2023-12-14',26,'true','Pescado');
INSERT INTO Alimento(IDInsumo,Nombre,Caducidad,Cantidad,Refrigeracion,Tipo) VALUES (29,'calabaza espagueti','2024-08-02',90,'false','Carne');
INSERT INTO Alimento(IDInsumo,Nombre,Caducidad,Cantidad,Refrigeracion,Tipo) VALUES (30,'larvas de abeja de miel','2024-01-31',80,'false','Carne');
INSERT INTO Alimento(IDInsumo,Nombre,Caducidad,Cantidad,Refrigeracion,Tipo) VALUES (31,'ciruela italiana','2024-10-05',6,'true','Tuberculo');
INSERT INTO Alimento(IDInsumo,Nombre,Caducidad,Cantidad,Refrigeracion,Tipo) VALUES (32,'cordero','2024-05-25',67,'false','Carne');
INSERT INTO Alimento(IDInsumo,Nombre,Caducidad,Cantidad,Refrigeracion,Tipo) VALUES (33,'rábano chino','2023-11-17',93,'true','Carne');
INSERT INTO Alimento(IDInsumo,Nombre,Caducidad,Cantidad,Refrigeracion,Tipo) VALUES (34,'berro de agua','2024-10-19',100,'true','Verdura');
INSERT INTO Alimento(IDInsumo,Nombre,Caducidad,Cantidad,Refrigeracion,Tipo) VALUES (35,'ganso del Canadá','2024-09-20',15,'false','Tuberculo');
INSERT INTO Alimento(IDInsumo,Nombre,Caducidad,Cantidad,Refrigeracion,Tipo) VALUES (36,'pimiento','2023-11-18',50,'true','Tuberculo');
INSERT INTO Alimento(IDInsumo,Nombre,Caducidad,Cantidad,Refrigeracion,Tipo) VALUES (37,'sésamo negro','2024-09-20',74,'false','Fruta');
INSERT INTO Alimento(IDInsumo,Nombre,Caducidad,Cantidad,Refrigeracion,Tipo) VALUES (38,'linaza dorada','2023-11-30',34,'true','Carne');
INSERT INTO Alimento(IDInsumo,Nombre,Caducidad,Cantidad,Refrigeracion,Tipo) VALUES (39,'ciruela pasa','2023-12-23',26,'false','Lacteo');
INSERT INTO Alimento(IDInsumo,Nombre,Caducidad,Cantidad,Refrigeracion,Tipo) VALUES (40,'larvas de polilla de la seda','2024-01-03',20,'true','Fruta');
INSERT INTO Alimento(IDInsumo,Nombre,Caducidad,Cantidad,Refrigeracion,Tipo) VALUES (41,'nabo sueco','2024-01-23',30,'true','Semilla');
INSERT INTO Alimento(IDInsumo,Nombre,Caducidad,Cantidad,Refrigeracion,Tipo) VALUES (42,'lubina','2024-02-29',35,'false','Carne');
INSERT INTO Alimento(IDInsumo,Nombre,Caducidad,Cantidad,Refrigeracion,Tipo) VALUES (43,'ciruela roja japonesa','2023-12-08',40,'true','Fruta');
INSERT INTO Alimento(IDInsumo,Nombre,Caducidad,Cantidad,Refrigeracion,Tipo) VALUES (44,'nabo largo','2024-03-06',13,'false','Carne');
INSERT INTO Alimento(IDInsumo,Nombre,Caducidad,Cantidad,Refrigeracion,Tipo) VALUES (45,'pato de Pekín','2024-05-19',84,'true','Verdura');
INSERT INTO Alimento(IDInsumo,Nombre,Caducidad,Cantidad,Refrigeracion,Tipo) VALUES (46,'pargo dentón','2023-11-14',30,'false','Pescado');
INSERT INTO Alimento(IDInsumo,Nombre,Caducidad,Cantidad,Refrigeracion,Tipo) VALUES (47,'mújol del Atlántico','2024-10-23',53,'false','Semilla');
INSERT INTO Alimento(IDInsumo,Nombre,Caducidad,Cantidad,Refrigeracion,Tipo) VALUES (48,'nabo daikon','2024-01-12',59,'true','Insecto');
INSERT INTO Alimento(IDInsumo,Nombre,Caducidad,Cantidad,Refrigeracion,Tipo) VALUES (49,'pollo','2024-03-23',98,'false','Pescado');
INSERT INTO Alimento(IDInsumo,Nombre,Caducidad,Cantidad,Refrigeracion,Tipo) VALUES (50,'mazorca de maíz','2023-12-04',35,'false','Semilla');
INSERT INTO Alimento(IDInsumo,Nombre,Caducidad,Cantidad,Refrigeracion,Tipo) VALUES (51,'cordero','2024-09-09',63,'true','Insecto');
INSERT INTO Alimento(IDInsumo,Nombre,Caducidad,Cantidad,Refrigeracion,Tipo) VALUES (52,'durazno amarillo','2024-06-21',26,'false','Carne');
INSERT INTO Alimento(IDInsumo,Nombre,Caducidad,Cantidad,Refrigeracion,Tipo) VALUES (53,'garza blanca grande','2023-12-16',37,'false','Verdura');
INSERT INTO Alimento(IDInsumo,Nombre,Caducidad,Cantidad,Refrigeracion,Tipo) VALUES (54,'rábano','2024-04-13',25,'true','Pescado');
INSERT INTO Alimento(IDInsumo,Nombre,Caducidad,Cantidad,Refrigeracion,Tipo) VALUES (55,'rábano','2024-03-01',3,'false','Carne');
INSERT INTO Alimento(IDInsumo,Nombre,Caducidad,Cantidad,Refrigeracion,Tipo) VALUES (56,'pimiento verde','2024-08-05',50,'false','Tuberculo');
INSERT INTO Alimento(IDInsumo,Nombre,Caducidad,Cantidad,Refrigeracion,Tipo) VALUES (57,'lentejas','2023-12-20',100,'false','Carne');
INSERT INTO Alimento(IDInsumo,Nombre,Caducidad,Cantidad,Refrigeracion,Tipo) VALUES (58,'chía','2024-02-09',89,'false','Insecto');
INSERT INTO Alimento(IDInsumo,Nombre,Caducidad,Cantidad,Refrigeracion,Tipo) VALUES (59,'pavo Bourbon Red','2024-06-14',61,'true','Fruta');
INSERT INTO Alimento(IDInsumo,Nombre,Caducidad,Cantidad,Refrigeracion,Tipo) VALUES (60,'calabaza','2024-03-22',17,'true','Pescado');
INSERT INTO Alimento(IDInsumo,Nombre,Caducidad,Cantidad,Refrigeracion,Tipo) VALUES (61,'larvas de escarabajo de la harina','2023-11-23',88,'false','Semilla');
INSERT INTO Alimento(IDInsumo,Nombre,Caducidad,Cantidad,Refrigeracion,Tipo) VALUES (62,'saltamontes','2024-09-21',1,'true','Insecto');
INSERT INTO Alimento(IDInsumo,Nombre,Caducidad,Cantidad,Refrigeracion,Tipo) VALUES (63,'anguila','2024-07-10',100,'false','Insecto');
INSERT INTO Alimento(IDInsumo,Nombre,Caducidad,Cantidad,Refrigeracion,Tipo) VALUES (64,'pollo de Cornualles blanco','2024-05-21',14,'true','Lacteo');
INSERT INTO Alimento(IDInsumo,Nombre,Caducidad,Cantidad,Refrigeracion,Tipo) VALUES (65,'coliflor','2024-07-22',31,'true','Lacteo');
INSERT INTO Alimento(IDInsumo,Nombre,Caducidad,Cantidad,Refrigeracion,Tipo) VALUES (66,'nabo daikon','2023-11-22',46,'true','Insecto');
INSERT INTO Alimento(IDInsumo,Nombre,Caducidad,Cantidad,Refrigeracion,Tipo) VALUES (67,'mijo perla','2024-08-23',38,'true','Insecto');
INSERT INTO Alimento(IDInsumo,Nombre,Caducidad,Cantidad,Refrigeracion,Tipo) VALUES (68,'pavo','2023-12-18',49,'false','Fruta');
INSERT INTO Alimento(IDInsumo,Nombre,Caducidad,Cantidad,Refrigeracion,Tipo) VALUES (69,'conejo de monte','2024-05-21',13,'true','Carne');
INSERT INTO Alimento(IDInsumo,Nombre,Caducidad,Cantidad,Refrigeracion,Tipo) VALUES (70,'mújol rayado','2024-07-16',47,'false','Fruta');
INSERT INTO Alimento(IDInsumo,Nombre,Caducidad,Cantidad,Refrigeracion,Tipo) VALUES (71,'ciruela roja japonesa','2024-10-14',39,'false','Insecto');
INSERT INTO Alimento(IDInsumo,Nombre,Caducidad,Cantidad,Refrigeracion,Tipo) VALUES (72,'papaya','2023-12-15',56,'true','Carne');
INSERT INTO Alimento(IDInsumo,Nombre,Caducidad,Cantidad,Refrigeracion,Tipo) VALUES (73,'mijo','2024-09-24',29,'false','Verdura');
INSERT INTO Alimento(IDInsumo,Nombre,Caducidad,Cantidad,Refrigeracion,Tipo) VALUES (74,'nabo daikon','2024-05-07',11,'false','Carne');
INSERT INTO Alimento(IDInsumo,Nombre,Caducidad,Cantidad,Refrigeracion,Tipo) VALUES (75,'chía blanca','2024-04-01',80,'true','Carne');
INSERT INTO Alimento(IDInsumo,Nombre,Caducidad,Cantidad,Refrigeracion,Tipo) VALUES (76,'mújol rayado','2024-02-05',27,'false','Insecto');
INSERT INTO Alimento(IDInsumo,Nombre,Caducidad,Cantidad,Refrigeracion,Tipo) VALUES (77,'gusanos de harina','2024-09-27',46,'true','Carne');
INSERT INTO Alimento(IDInsumo,Nombre,Caducidad,Cantidad,Refrigeracion,Tipo) VALUES (78,'ciervo','2024-10-04',30,'false','Tuberculo');
INSERT INTO Alimento(IDInsumo,Nombre,Caducidad,Cantidad,Refrigeracion,Tipo) VALUES (79,'zanahoria','2024-09-11',26,'false','Lacteo');
INSERT INTO Alimento(IDInsumo,Nombre,Caducidad,Cantidad,Refrigeracion,Tipo) VALUES (80,'nabo','2024-06-19',17,'false','Verdura');
INSERT INTO Alimento(IDInsumo,Nombre,Caducidad,Cantidad,Refrigeracion,Tipo) VALUES (81,'grillos','2024-07-10',62,'true','Carne');
INSERT INTO Alimento(IDInsumo,Nombre,Caducidad,Cantidad,Refrigeracion,Tipo) VALUES (82,'pavo Narragansett','2024-05-01',65,'false','Pescado');
INSERT INTO Alimento(IDInsumo,Nombre,Caducidad,Cantidad,Refrigeracion,Tipo) VALUES (83,'coliflor','2023-12-14',54,'true','Verdura');
INSERT INTO Alimento(IDInsumo,Nombre,Caducidad,Cantidad,Refrigeracion,Tipo) VALUES (84,'avispa','2024-10-19',7,'true','Carne');
INSERT INTO Alimento(IDInsumo,Nombre,Caducidad,Cantidad,Refrigeracion,Tipo) VALUES (85,'ternera','2023-11-15',97,'false','Verdura');
INSERT INTO Alimento(IDInsumo,Nombre,Caducidad,Cantidad,Refrigeracion,Tipo) VALUES (86,'salmón','2024-01-17',50,'false','Verdura');
INSERT INTO Alimento(IDInsumo,Nombre,Caducidad,Cantidad,Refrigeracion,Tipo) VALUES (87,'quinua negra','2024-06-02',17,'true','Insecto');
INSERT INTO Alimento(IDInsumo,Nombre,Caducidad,Cantidad,Refrigeracion,Tipo) VALUES (88,'repollo','2024-05-13',47,'true','Lacteo');
INSERT INTO Alimento(IDInsumo,Nombre,Caducidad,Cantidad,Refrigeracion,Tipo) VALUES (89,'papaya','2024-06-30',59,'false','Fruta');
INSERT INTO Alimento(IDInsumo,Nombre,Caducidad,Cantidad,Refrigeracion,Tipo) VALUES (90,'calabaza del acantilado','2024-05-23',17,'true','Tuberculo');
INSERT INTO Alimento(IDInsumo,Nombre,Caducidad,Cantidad,Refrigeracion,Tipo) VALUES (91,'nuez','2024-04-16',62,'true','Verdura');
INSERT INTO Alimento(IDInsumo,Nombre,Caducidad,Cantidad,Refrigeracion,Tipo) VALUES (92,'garza real','2023-12-02',51,'true','Tuberculo');
INSERT INTO Alimento(IDInsumo,Nombre,Caducidad,Cantidad,Refrigeracion,Tipo) VALUES (93,'pollo','2023-12-02',48,'true','Fruta');
INSERT INTO Alimento(IDInsumo,Nombre,Caducidad,Cantidad,Refrigeracion,Tipo) VALUES (94,'conejo','2024-01-09',100,'true','Pescado');
INSERT INTO Alimento(IDInsumo,Nombre,Caducidad,Cantidad,Refrigeracion,Tipo) VALUES (95,'abejorro','2024-01-12',56,'false','Pescado');
INSERT INTO Alimento(IDInsumo,Nombre,Caducidad,Cantidad,Refrigeracion,Tipo) VALUES (96,'calabaza cacahuete','2024-07-15',45,'false','Lacteo');
INSERT INTO Alimento(IDInsumo,Nombre,Caducidad,Cantidad,Refrigeracion,Tipo) VALUES (97,'trucha marrón','2024-03-16',64,'false','Semilla');
INSERT INTO Alimento(IDInsumo,Nombre,Caducidad,Cantidad,Refrigeracion,Tipo) VALUES (98,'calabacín de verano','2024-02-25',10,'false','Lacteo');
INSERT INTO Alimento(IDInsumo,Nombre,Caducidad,Cantidad,Refrigeracion,Tipo) VALUES (99,'carpa','2023-11-18',67,'false','Insecto');
INSERT INTO Alimento(IDInsumo,Nombre,Caducidad,Cantidad,Refrigeracion,Tipo) VALUES (100,'garbanzos','2024-08-20',13,'false','Semilla');


INSERT INTO Medicina(IDInsumo,Nombre,Caducidad,Cantidad,Refrigeracion,Tipo,Laboratorio) VALUES (1,'Oxitetraciclina','2026-04-27',246,'true','Antiinflamatorio','VetFarm Labs');
INSERT INTO Medicina(IDInsumo,Nombre,Caducidad,Cantidad,Refrigeracion,Tipo,Laboratorio) VALUES (2,'Neomycin','2025-05-01',764,'true','Antiviral','BioZootecno');
INSERT INTO Medicina(IDInsumo,Nombre,Caducidad,Cantidad,Refrigeracion,Tipo,Laboratorio) VALUES (3,'Omeprazol','2025-03-05',421,'false','Antiviral','ZootecnoMedix');
INSERT INTO Medicina(IDInsumo,Nombre,Caducidad,Cantidad,Refrigeracion,Tipo,Laboratorio) VALUES (4,'Ciclosporina','2024-09-10',783,'true','Antiparasitario','AnimalCure Formulations');
INSERT INTO Medicina(IDInsumo,Nombre,Caducidad,Cantidad,Refrigeracion,Tipo,Laboratorio) VALUES (5,'Fenbendazol','2028-10-27',626,'true','Antibiótico','AnimalGuard Labs');
INSERT INTO Medicina(IDInsumo,Nombre,Caducidad,Cantidad,Refrigeracion,Tipo,Laboratorio) VALUES (6,'Amantadine','2023-02-06',343,'false','Desparasitante','ZootecnoMedix');
INSERT INTO Medicina(IDInsumo,Nombre,Caducidad,Cantidad,Refrigeracion,Tipo,Laboratorio) VALUES (7,'Naproxen','2032-11-22',253,'true','Antibiótico','ZootecnoLife Solutions');
INSERT INTO Medicina(IDInsumo,Nombre,Caducidad,Cantidad,Refrigeracion,Tipo,Laboratorio) VALUES (8,'Dihydrostreptomycin','2026-02-14',720,'false','Vitamina','ZooSafe Formulas');
INSERT INTO Medicina(IDInsumo,Nombre,Caducidad,Cantidad,Refrigeracion,Tipo,Laboratorio) VALUES (9,'Bromhexina','2034-02-12',335,'true','Antihistamínico','FarmAnimal Health');
INSERT INTO Medicina(IDInsumo,Nombre,Caducidad,Cantidad,Refrigeracion,Tipo,Laboratorio) VALUES (10,'Trimethoprim','2020-02-07',979,'false','Vitamina','ZootecnoLife Solutions');
INSERT INTO Medicina(IDInsumo,Nombre,Caducidad,Cantidad,Refrigeracion,Tipo,Laboratorio) VALUES (11,'Prednisone','2027-10-05',308,'true','Inmunosupresor','ZooPharmaTech');
INSERT INTO Medicina(IDInsumo,Nombre,Caducidad,Cantidad,Refrigeracion,Tipo,Laboratorio) VALUES (12,'Famciclovir','2028-03-14',614,'false','Desparasitante','ZooMedicine Solutions');
INSERT INTO Medicina(IDInsumo,Nombre,Caducidad,Cantidad,Refrigeracion,Tipo,Laboratorio) VALUES (13,'Trazodone','2024-10-02',500,'true','Anestesia','ZooPro Health');
INSERT INTO Medicina(IDInsumo,Nombre,Caducidad,Cantidad,Refrigeracion,Tipo,Laboratorio) VALUES (14,'Pentoxifylline','2029-01-10',432,'false','Analgésico','ZooCare Pharmaceuticals');
INSERT INTO Medicina(IDInsumo,Nombre,Caducidad,Cantidad,Refrigeracion,Tipo,Laboratorio) VALUES (15,'Tolazoline','2020-10-14',415,'false','Antihistamínico','AgroVet Labs');
INSERT INTO Medicina(IDInsumo,Nombre,Caducidad,Cantidad,Refrigeracion,Tipo,Laboratorio) VALUES (16,'Dexametasona','2033-04-15',761,'true','Antiinflamatorio','AnimalGuard Labs');
INSERT INTO Medicina(IDInsumo,Nombre,Caducidad,Cantidad,Refrigeracion,Tipo,Laboratorio) VALUES (17,'Sevoflurane','2023-03-08',439,'true','Antiviral','FarmVet Innovations');
INSERT INTO Medicina(IDInsumo,Nombre,Caducidad,Cantidad,Refrigeracion,Tipo,Laboratorio) VALUES (18,'Fluoxetine','2021-07-29',853,'true','Antiviral','FarmAnimal Health');
INSERT INTO Medicina(IDInsumo,Nombre,Caducidad,Cantidad,Refrigeracion,Tipo,Laboratorio) VALUES (19,'Tylosin','2033-12-26',589,'false','Desparasitante','VetPro Research');
INSERT INTO Medicina(IDInsumo,Nombre,Caducidad,Cantidad,Refrigeracion,Tipo,Laboratorio) VALUES (20,'Ketamine','2034-07-03',113,'true','Antibiótico','ZooPro Health');
INSERT INTO Medicina(IDInsumo,Nombre,Caducidad,Cantidad,Refrigeracion,Tipo,Laboratorio) VALUES (21,'Marbofloxacina','2029-07-14',488,'true','Vitamina','LivestockPharma');
INSERT INTO Medicina(IDInsumo,Nombre,Caducidad,Cantidad,Refrigeracion,Tipo,Laboratorio) VALUES (22,'Dihydrostreptomycin','2022-11-29',604,'true','Antiinflamatorio','ZooCare Pharmaceuticals');
INSERT INTO Medicina(IDInsumo,Nombre,Caducidad,Cantidad,Refrigeracion,Tipo,Laboratorio) VALUES (23,'Lansoprazole','2025-02-24',892,'false','Antifúngico','AnimalWise Innovations');
INSERT INTO Medicina(IDInsumo,Nombre,Caducidad,Cantidad,Refrigeracion,Tipo,Laboratorio) VALUES (24,'Famciclovir','2031-12-27',593,'true','Antifúngico','ZooCare Technologies');
INSERT INTO Medicina(IDInsumo,Nombre,Caducidad,Cantidad,Refrigeracion,Tipo,Laboratorio) VALUES (25,'Fenilbutazona','2027-06-22',669,'true','Antiviral','LivestockRx Solutions');
INSERT INTO Medicina(IDInsumo,Nombre,Caducidad,Cantidad,Refrigeracion,Tipo,Laboratorio) VALUES (26,'Ibuprofen','2022-10-20',747,'false','Anestesia','AnimalWise Innovations');
INSERT INTO Medicina(IDInsumo,Nombre,Caducidad,Cantidad,Refrigeracion,Tipo,Laboratorio) VALUES (27,'Loratadina','2023-04-11',309,'false','Analgésico','AnimalLife Labs');
INSERT INTO Medicina(IDInsumo,Nombre,Caducidad,Cantidad,Refrigeracion,Tipo,Laboratorio) VALUES (28,'Tramadol','2025-07-28',229,'true','Antiparasitario','AnimalGuard Labs');
INSERT INTO Medicina(IDInsumo,Nombre,Caducidad,Cantidad,Refrigeracion,Tipo,Laboratorio) VALUES (29,'Toltramate','2033-05-08',873,'true','Antiparasitario','AgriVet Research');
INSERT INTO Medicina(IDInsumo,Nombre,Caducidad,Cantidad,Refrigeracion,Tipo,Laboratorio) VALUES (30,'Fluoxetine','2027-03-10',383,'false','Antibiótico','ZooVet Health');
INSERT INTO Medicina(IDInsumo,Nombre,Caducidad,Cantidad,Refrigeracion,Tipo,Laboratorio) VALUES (31,'Meloxicam','2020-10-15',805,'false','Vitamina','ZooGuard Innovations');
INSERT INTO Medicina(IDInsumo,Nombre,Caducidad,Cantidad,Refrigeracion,Tipo,Laboratorio) VALUES (32,'Penicillin','2033-04-14',838,'false','Inmunosupresor','ZootecnoPharmaTech');
INSERT INTO Medicina(IDInsumo,Nombre,Caducidad,Cantidad,Refrigeracion,Tipo,Laboratorio) VALUES (33,'Dihydrostreptomycin','2023-09-21',851,'false','Antiviral','ZooVet Innovations');
INSERT INTO Medicina(IDInsumo,Nombre,Caducidad,Cantidad,Refrigeracion,Tipo,Laboratorio) VALUES (34,'Chlorpheniramine','2020-01-19',813,'true','Antihistamínico','AgroVet Solutions');
INSERT INTO Medicina(IDInsumo,Nombre,Caducidad,Cantidad,Refrigeracion,Tipo,Laboratorio) VALUES (35,'Roxarsone','2030-11-04',685,'false','Antiviral','AnimalCure Solutions');
INSERT INTO Medicina(IDInsumo,Nombre,Caducidad,Cantidad,Refrigeracion,Tipo,Laboratorio) VALUES (36,'Methimazole','2020-10-18',985,'false','Vitamina','VetAgro Health');
INSERT INTO Medicina(IDInsumo,Nombre,Caducidad,Cantidad,Refrigeracion,Tipo,Laboratorio) VALUES (37,'Zidovudine','2025-09-29',536,'true','Antiviral','ZooVet Health');
INSERT INTO Medicina(IDInsumo,Nombre,Caducidad,Cantidad,Refrigeracion,Tipo,Laboratorio) VALUES (38,'Thiamine','2028-07-22',899,'true','Vitamina','ZooCare Research');
INSERT INTO Medicina(IDInsumo,Nombre,Caducidad,Cantidad,Refrigeracion,Tipo,Laboratorio) VALUES (39,'Procaine','2026-02-03',687,'true','Antifúngico','ZooPro Technologies');
INSERT INTO Medicina(IDInsumo,Nombre,Caducidad,Cantidad,Refrigeracion,Tipo,Laboratorio) VALUES (40,'Roxarsone','2027-11-05',324,'false','Vitamina','AgriVet Innovations');
INSERT INTO Medicina(IDInsumo,Nombre,Caducidad,Cantidad,Refrigeracion,Tipo,Laboratorio) VALUES (41,'Fenbendazol','2033-10-12',857,'false','Inmunosupresor','AnimalGuard Pharmaceuticals');
INSERT INTO Medicina(IDInsumo,Nombre,Caducidad,Cantidad,Refrigeracion,Tipo,Laboratorio) VALUES (42,'Gentamicin','2021-11-17',658,'false','Vitamina','FarmAnimal Solutions');
INSERT INTO Medicina(IDInsumo,Nombre,Caducidad,Cantidad,Refrigeracion,Tipo,Laboratorio) VALUES (43,'Sulfadimethoxine','2025-04-03',293,'true','Inmunosupresor','AnimalGuard Pharmaceuticals');
INSERT INTO Medicina(IDInsumo,Nombre,Caducidad,Cantidad,Refrigeracion,Tipo,Laboratorio) VALUES (44,'Haloperidol','2032-02-05',544,'true','Desparasitante','AnimalGuard Innovations');
INSERT INTO Medicina(IDInsumo,Nombre,Caducidad,Cantidad,Refrigeracion,Tipo,Laboratorio) VALUES (45,'Piperacilina','2034-11-26',144,'true','Antiinflamatorio','VetLife Labs');
INSERT INTO Medicina(IDInsumo,Nombre,Caducidad,Cantidad,Refrigeracion,Tipo,Laboratorio) VALUES (46,'Digoxina','2022-11-15',363,'true','Antiviral','Nombre');
INSERT INTO Medicina(IDInsumo,Nombre,Caducidad,Cantidad,Refrigeracion,Tipo,Laboratorio) VALUES (47,'Doxycycline','2025-07-11',258,'false','Anestesia','AgriLivestock Innovations');
INSERT INTO Medicina(IDInsumo,Nombre,Caducidad,Cantidad,Refrigeracion,Tipo,Laboratorio) VALUES (48,'Sucralfate','2021-06-04',119,'false','Desparasitante','ZooVet Health');
INSERT INTO Medicina(IDInsumo,Nombre,Caducidad,Cantidad,Refrigeracion,Tipo,Laboratorio) VALUES (49,'Toltrazuril','2033-12-27',928,'true','Antiinflamatorio','VetZoo Formulas');
INSERT INTO Medicina(IDInsumo,Nombre,Caducidad,Cantidad,Refrigeracion,Tipo,Laboratorio) VALUES (50,'Ketoprofeno','2020-10-26',899,'true','Antiinflamatorio','FarmGuard Pharmaceuticals');
INSERT INTO Medicina(IDInsumo,Nombre,Caducidad,Cantidad,Refrigeracion,Tipo,Laboratorio) VALUES (51,'Ketamine','2021-02-05',647,'true','Antibiótico','ZooTech Innovations');
INSERT INTO Medicina(IDInsumo,Nombre,Caducidad,Cantidad,Refrigeracion,Tipo,Laboratorio) VALUES (52,'Clomipramine','2029-03-21',777,'false','Anestesia','AgriVet Innovations');
INSERT INTO Medicina(IDInsumo,Nombre,Caducidad,Cantidad,Refrigeracion,Tipo,Laboratorio) VALUES (53,'Sulfadimethoxine','2021-11-19',256,'false','Antifúngico','AnimalLife Labs');
INSERT INTO Medicina(IDInsumo,Nombre,Caducidad,Cantidad,Refrigeracion,Tipo,Laboratorio) VALUES (54,'Toltrazuril','2022-10-29',573,'true','Desparasitante','AgriVet Pharma');
INSERT INTO Medicina(IDInsumo,Nombre,Caducidad,Cantidad,Refrigeracion,Tipo,Laboratorio) VALUES (55,'Sevoflurane','2021-02-20',803,'false','Antibiótico','ZootecnoMedix');
INSERT INTO Medicina(IDInsumo,Nombre,Caducidad,Cantidad,Refrigeracion,Tipo,Laboratorio) VALUES (56,'Rifampicin','2021-01-21',114,'true','Vitamina','ZootecnoLife Pharmaceuticals');
INSERT INTO Medicina(IDInsumo,Nombre,Caducidad,Cantidad,Refrigeracion,Tipo,Laboratorio) VALUES (57,'Ceftiofur','2030-02-09',670,'true','Anestesia','VetZoo Laboratories');
INSERT INTO Medicina(IDInsumo,Nombre,Caducidad,Cantidad,Refrigeracion,Tipo,Laboratorio) VALUES (58,'Dinoprost','2034-10-18',312,'false','Antihistamínico','FarmAnimal Solutions');
INSERT INTO Medicina(IDInsumo,Nombre,Caducidad,Cantidad,Refrigeracion,Tipo,Laboratorio) VALUES (59,'Lorazepam','2022-01-28',659,'true','Antiviral','FarmAnimal Health');
INSERT INTO Medicina(IDInsumo,Nombre,Caducidad,Cantidad,Refrigeracion,Tipo,Laboratorio) VALUES (60,'Levamisole','2023-04-15',551,'false','Desparasitante','AgroGuard Pharmaceuticals');
INSERT INTO Medicina(IDInsumo,Nombre,Caducidad,Cantidad,Refrigeracion,Tipo,Laboratorio) VALUES (61,'Fenbendazole','2022-09-12',450,'false','Antiinflamatorio','ZooWell Innovations');
INSERT INTO Medicina(IDInsumo,Nombre,Caducidad,Cantidad,Refrigeracion,Tipo,Laboratorio) VALUES (62,'Metronidazole','2026-11-05',752,'false','Anestesia','ZooWell Innovations');
INSERT INTO Medicina(IDInsumo,Nombre,Caducidad,Cantidad,Refrigeracion,Tipo,Laboratorio) VALUES (63,'Doxycycline','2020-04-13',395,'true','Antifúngico','ZooTech Innovations');
INSERT INTO Medicina(IDInsumo,Nombre,Caducidad,Cantidad,Refrigeracion,Tipo,Laboratorio) VALUES (64,'Fenbendazole','2034-12-13',802,'false','Antibiótico','AgriVet Sciences');
INSERT INTO Medicina(IDInsumo,Nombre,Caducidad,Cantidad,Refrigeracion,Tipo,Laboratorio) VALUES (65,'Ofloxacin','2025-04-09',201,'true','Analgésico','AnimalPro Formulas');
INSERT INTO Medicina(IDInsumo,Nombre,Caducidad,Cantidad,Refrigeracion,Tipo,Laboratorio) VALUES (66,'Minocycline','2031-08-06',874,'false','Anestesia','AnimalCure Solutions');
INSERT INTO Medicina(IDInsumo,Nombre,Caducidad,Cantidad,Refrigeracion,Tipo,Laboratorio) VALUES (67,'Dinoprost','2025-10-20',431,'false','Anestesia','ZooWell Health');
INSERT INTO Medicina(IDInsumo,Nombre,Caducidad,Cantidad,Refrigeracion,Tipo,Laboratorio) VALUES (68,'Fenilbutazona','2025-01-03',650,'true','Antiinflamatorio','VetLife Pharmaceuticals');
INSERT INTO Medicina(IDInsumo,Nombre,Caducidad,Cantidad,Refrigeracion,Tipo,Laboratorio) VALUES (69,'Levetiracetam','2031-06-13',845,'false','Inmunosupresor','AnimalGuard Innovations');
INSERT INTO Medicina(IDInsumo,Nombre,Caducidad,Cantidad,Refrigeracion,Tipo,Laboratorio) VALUES (70,'Fenilbutazona','2025-05-21',523,'true','Antiinflamatorio','ZootecnoMedix');
INSERT INTO Medicina(IDInsumo,Nombre,Caducidad,Cantidad,Refrigeracion,Tipo,Laboratorio) VALUES (71,'Naproxen','2024-01-05',345,'false','Antiviral','ZootecnoLife Pharmaceuticals');
INSERT INTO Medicina(IDInsumo,Nombre,Caducidad,Cantidad,Refrigeracion,Tipo,Laboratorio) VALUES (72,'Prednisolona','2027-06-21',126,'false','Antihistamínico','VetZoo Formulas');
INSERT INTO Medicina(IDInsumo,Nombre,Caducidad,Cantidad,Refrigeracion,Tipo,Laboratorio) VALUES (73,'Paroxetine','2025-01-13',269,'false','Vitamina','AnimalPharma Research');
INSERT INTO Medicina(IDInsumo,Nombre,Caducidad,Cantidad,Refrigeracion,Tipo,Laboratorio) VALUES (74,'Fipronil','2024-11-12',278,'true','Anestesia','ZootecnoLife Pharmaceuticals');
INSERT INTO Medicina(IDInsumo,Nombre,Caducidad,Cantidad,Refrigeracion,Tipo,Laboratorio) VALUES (75,'Tetracycline','2021-02-21',439,'true','Antiinflamatorio','AgroVet Formulas');
INSERT INTO Medicina(IDInsumo,Nombre,Caducidad,Cantidad,Refrigeracion,Tipo,Laboratorio) VALUES (76,'Pentoxifylline','2022-07-16',163,'false','Desparasitante','VetAnimal Pharmaceuticals');
INSERT INTO Medicina(IDInsumo,Nombre,Caducidad,Cantidad,Refrigeracion,Tipo,Laboratorio) VALUES (77,'Ceftiofur','2024-11-26',454,'false','Desparasitante','LivestockPharma Solutions');
INSERT INTO Medicina(IDInsumo,Nombre,Caducidad,Cantidad,Refrigeracion,Tipo,Laboratorio) VALUES (78,'Fipronil','2028-09-10',642,'true','Desparasitante','AnimalPro Formulas');
INSERT INTO Medicina(IDInsumo,Nombre,Caducidad,Cantidad,Refrigeracion,Tipo,Laboratorio) VALUES (79,'Rifampin','2026-07-10',204,'false','Antiparasitario','LivestockPharma Solutions');
INSERT INTO Medicina(IDInsumo,Nombre,Caducidad,Cantidad,Refrigeracion,Tipo,Laboratorio) VALUES (80,'Clomipramine','2034-02-12',783,'false','Desparasitante','FarmAnimal Labs');
INSERT INTO Medicina(IDInsumo,Nombre,Caducidad,Cantidad,Refrigeracion,Tipo,Laboratorio) VALUES (81,'Pimobendan','2029-11-19',158,'false','Antiparasitario','FarmVet Pharma');
INSERT INTO Medicina(IDInsumo,Nombre,Caducidad,Cantidad,Refrigeracion,Tipo,Laboratorio) VALUES (82,'Tobramycin','2023-02-26',417,'true','Antiinflamatorio','ZooWell Formulations');
INSERT INTO Medicina(IDInsumo,Nombre,Caducidad,Cantidad,Refrigeracion,Tipo,Laboratorio) VALUES (83,'Ciprofloxacina','2029-03-09',251,'false','Vitamina','AgriVet Sciences');
INSERT INTO Medicina(IDInsumo,Nombre,Caducidad,Cantidad,Refrigeracion,Tipo,Laboratorio) VALUES (84,'Cefalexina','2023-12-09',993,'false','Inmunosupresor','ZooSafe Formulas');
INSERT INTO Medicina(IDInsumo,Nombre,Caducidad,Cantidad,Refrigeracion,Tipo,Laboratorio) VALUES (85,'Piperacilina','2024-05-10',360,'false','Desparasitante','Farmavet Science');
INSERT INTO Medicina(IDInsumo,Nombre,Caducidad,Cantidad,Refrigeracion,Tipo,Laboratorio) VALUES (86,'Penicillin','2026-05-31',826,'false','Antihistamínico','LivestockRx Labs');
INSERT INTO Medicina(IDInsumo,Nombre,Caducidad,Cantidad,Refrigeracion,Tipo,Laboratorio) VALUES (87,'Ciclosporina','2020-08-20',575,'false','Anestesia','VetZoo Formulas');
INSERT INTO Medicina(IDInsumo,Nombre,Caducidad,Cantidad,Refrigeracion,Tipo,Laboratorio) VALUES (88,'Fluconazol','2022-01-10',230,'false','Analgésico','ZootecnoLife Solutions');
INSERT INTO Medicina(IDInsumo,Nombre,Caducidad,Cantidad,Refrigeracion,Tipo,Laboratorio) VALUES (89,'Voriconazole','2027-04-11',598,'true','Antifúngico','LivestockPharma');
INSERT INTO Medicina(IDInsumo,Nombre,Caducidad,Cantidad,Refrigeracion,Tipo,Laboratorio) VALUES (90,'Paroxetine','2026-05-01',334,'true','Desparasitante','BioVet Research');
INSERT INTO Medicina(IDInsumo,Nombre,Caducidad,Cantidad,Refrigeracion,Tipo,Laboratorio) VALUES (91,'Naproxen','2020-07-23',967,'true','Anestesia','AgroVet Science');
INSERT INTO Medicina(IDInsumo,Nombre,Caducidad,Cantidad,Refrigeracion,Tipo,Laboratorio) VALUES (92,'Phenylbutazone','2027-05-21',737,'true','Desparasitante','FarmAnimal Labs');
INSERT INTO Medicina(IDInsumo,Nombre,Caducidad,Cantidad,Refrigeracion,Tipo,Laboratorio) VALUES (93,'Amantadine','2028-09-28',412,'true','Antibiótico','LivestockPharma');
INSERT INTO Medicina(IDInsumo,Nombre,Caducidad,Cantidad,Refrigeracion,Tipo,Laboratorio) VALUES (94,'Doxycycline','2030-04-07',760,'true','Anestesia','AgriVet Sciences');
INSERT INTO Medicina(IDInsumo,Nombre,Caducidad,Cantidad,Refrigeracion,Tipo,Laboratorio) VALUES (95,'Nombre','2030-10-20',674,'false','Antiparasitario','ZootecnoMedix');
INSERT INTO Medicina(IDInsumo,Nombre,Caducidad,Cantidad,Refrigeracion,Tipo,Laboratorio) VALUES (96,'Metronidazol','2032-11-22',278,'false','Antibiótico','VetFarm Labs');
INSERT INTO Medicina(IDInsumo,Nombre,Caducidad,Cantidad,Refrigeracion,Tipo,Laboratorio) VALUES (97,'Metronidazole','2023-11-12',987,'true','Antiviral','AgriVet Solutions');
INSERT INTO Medicina(IDInsumo,Nombre,Caducidad,Cantidad,Refrigeracion,Tipo,Laboratorio) VALUES (98,'Zolpidem','2029-06-02',160,'true','Antiviral','ZooMed Research');
INSERT INTO Medicina(IDInsumo,Nombre,Caducidad,Cantidad,Refrigeracion,Tipo,Laboratorio) VALUES (99,'Toltrazuril','2031-03-23',857,'false','Antifúngico','VetLife Pharmaceuticals');
INSERT INTO Medicina(IDInsumo,Nombre,Caducidad,Cantidad,Refrigeracion,Tipo,Laboratorio) VALUES (100,'Paroxetine','2030-01-02',790,'false','Antibiótico','LivestockRx Labs');


INSERT INTO Cuidador(IDPersona,IDBioma,Nombre,ApellidoPaterno,ApellidoMaterno,Nacimiento,RFC,Genero,InicioContrato,FinContrato,NumInt,NumExt,Calle,Colonia,CodigoPostal,Estado,Salario,DiasLabor,Horario) VALUES (1,1,'EBENEZER','CEBADA','TORNEZ','1990-11-26','COE901126','F','2016-04-21','2029-09-11',90,136,'Av. Ceylan','Venustiano Carranza',5192,'Ciudad de Mexico',17749,6,'11:14 AM');
INSERT INTO Cuidador(IDPersona,IDBioma,Nombre,ApellidoPaterno,ApellidoMaterno,Nacimiento,RFC,Genero,InicioContrato,FinContrato,NumInt,NumExt,Calle,Colonia,CodigoPostal,Estado,Salario,DiasLabor,Horario) VALUES (2,8,'ELIA','OVALLE','VILLAFRANCO','1993-12-09','OIE931209','F','2019-11-05','2026-05-25',108,56,'Av. Sonora','Álvaro Obregón',2547,'Hidalgo',16891,6,'5:00 AM');
INSERT INTO Cuidador(IDPersona,IDBioma,Nombre,ApellidoPaterno,ApellidoMaterno,Nacimiento,RFC,Genero,InicioContrato,FinContrato,NumInt,NumExt,Calle,Colonia,CodigoPostal,Estado,Salario,DiasLabor,Horario) VALUES (3,3,'AYONECTILI','OBANDO','ZUCCOLOTTO','1985-04-26','OUA850426','F','2021-02-26','2024-08-23',46,182,'Eje 4 Sur Canal de Tezontle','Álvaro Obregón',11812,'Tamaulipas',15670,6,'8:25 AM');
INSERT INTO Cuidador(IDPersona,IDBioma,Nombre,ApellidoPaterno,ApellidoMaterno,Nacimiento,RFC,Genero,InicioContrato,FinContrato,NumInt,NumExt,Calle,Colonia,CodigoPostal,Estado,Salario,DiasLabor,Horario) VALUES (4,2,'YAAKOV','BUENTELLO','NOPALA','1983-01-23','BOY830123','M','2005-11-30','2024-07-30',58,196,'Av. Ejercito Nacional Mexicano','Álvaro Obregón',5026,'Jalisco',14534,5,'11:34 AM');
INSERT INTO Cuidador(IDPersona,IDBioma,Nombre,ApellidoPaterno,ApellidoMaterno,Nacimiento,RFC,Genero,InicioContrato,FinContrato,NumInt,NumExt,Calle,Colonia,CodigoPostal,Estado,Salario,DiasLabor,Horario) VALUES (5,2,'QUIAHUITZIN','MERLIN','LUQUIN','1993-11-17','MUQ931117','F','2004-03-21','2024-02-06',81,200,'Dr. Jose Maria Vertiz','Iztacalco',5186,'San Luis Potosi',16345,5,'10:56 AM');
INSERT INTO Cuidador(IDPersona,IDBioma,Nombre,ApellidoPaterno,ApellidoMaterno,Nacimiento,RFC,Genero,InicioContrato,FinContrato,NumInt,NumExt,Calle,Colonia,CodigoPostal,Estado,Salario,DiasLabor,Horario) VALUES (6,6,'GABRIELLE','TELLO','PALEMONTE','1984-02-04','TAG840204','F','2017-01-26','2029-07-10',77,129,'Av. de los Insurgentes Sur','La Magdalena Contreras',5660,'Morelos',18646,6,'5:08 AM');
INSERT INTO Cuidador(IDPersona,IDBioma,Nombre,ApellidoPaterno,ApellidoMaterno,Nacimiento,RFC,Genero,InicioContrato,FinContrato,NumInt,NumExt,Calle,Colonia,CodigoPostal,Estado,Salario,DiasLabor,Horario) VALUES (7,2,'ANY','LUENGAS','CODALLOS','1990-11-30','LOA901130','M','2014-05-30','2023-02-12',149,189,'Viaducto Miguel Aleman','Álvaro Obregón',3749,'Hidalgo',16158,6,'9:22 AM');
INSERT INTO Cuidador(IDPersona,IDBioma,Nombre,ApellidoPaterno,ApellidoMaterno,Nacimiento,RFC,Genero,InicioContrato,FinContrato,NumInt,NumExt,Calle,Colonia,CodigoPostal,Estado,Salario,DiasLabor,Horario) VALUES (8,4,'ANTONINO','AVELINO','ROSEY','1997-10-12','AOA971012','M','2013-11-16','2025-05-04',35,200,'Av. de la Republica','Iztapalapa',5844,'Aguascalientes',17486,6,'10:20 AM');
INSERT INTO Cuidador(IDPersona,IDBioma,Nombre,ApellidoPaterno,ApellidoMaterno,Nacimiento,RFC,Genero,InicioContrato,FinContrato,NumInt,NumExt,Calle,Colonia,CodigoPostal,Estado,Salario,DiasLabor,Horario) VALUES (9,8,'KAY','LIZALDE','OLANO','1984-06-11','LLK840611','M','2011-04-09','2023-06-04',45,6,'Eje 4 Sur Prolongacion Plutarco Elias Calles','Iztacalco',13676,'San Luis Potosi',10534,6,'9:22 AM');
INSERT INTO Cuidador(IDPersona,IDBioma,Nombre,ApellidoPaterno,ApellidoMaterno,Nacimiento,RFC,Genero,InicioContrato,FinContrato,NumInt,NumExt,Calle,Colonia,CodigoPostal,Estado,Salario,DiasLabor,Horario) VALUES (10,6,'SINUHE','CHIHUAHUA','QUEB','1986-07-15','CUS860715','F','2003-04-18','2028-08-15',105,46,'Calzada Gral. Ignacio Zaragoza','Gustavo A. Madero',5363,'Sonora',13049,6,'7:41 AM');
INSERT INTO Cuidador(IDPersona,IDBioma,Nombre,ApellidoPaterno,ApellidoMaterno,Nacimiento,RFC,Genero,InicioContrato,FinContrato,NumInt,NumExt,Calle,Colonia,CodigoPostal,Estado,Salario,DiasLabor,Horario) VALUES (11,6,'AYLINE','MANJARREZ','ALEJO','1990-04-20','MLA900420','M','2020-10-22','2029-01-21',13,91,'Eje 10 Sur Carretera a Santa Catarina','Iztapalapa',14639,'Ciudad de Mexico',14168,6,'10:59 AM');
INSERT INTO Cuidador(IDPersona,IDBioma,Nombre,ApellidoPaterno,ApellidoMaterno,Nacimiento,RFC,Genero,InicioContrato,FinContrato,NumInt,NumExt,Calle,Colonia,CodigoPostal,Estado,Salario,DiasLabor,Horario) VALUES (12,5,'YOREL','CALTZONTZIN','VERASTICA','1965-08-27','CEY650827','M','2010-09-07','2026-06-18',143,127,'Camino a Santa Fe','Xochimilco',3533,'Ciudad de Mexico',12762,6,'11:06 AM');
INSERT INTO Cuidador(IDPersona,IDBioma,Nombre,ApellidoPaterno,ApellidoMaterno,Nacimiento,RFC,Genero,InicioContrato,FinContrato,NumInt,NumExt,Calle,Colonia,CodigoPostal,Estado,Salario,DiasLabor,Horario) VALUES (13,7,'BRYANT','SARABIO','CATACHE','1976-12-17','SAB761217','F','2013-07-22','2025-06-06',50,193,'Av. Acueducto de Guadalupe','Tlalpan',8165,'Morelos',13434,6,'11:52 AM');
INSERT INTO Cuidador(IDPersona,IDBioma,Nombre,ApellidoPaterno,ApellidoMaterno,Nacimiento,RFC,Genero,InicioContrato,FinContrato,NumInt,NumExt,Calle,Colonia,CodigoPostal,Estado,Salario,DiasLabor,Horario) VALUES (14,6,'NARA','ANTOLIN','HUERFANO','1980-10-05','AUN801005','F','2012-12-01','2029-12-20',82,130,'Año de Juarez','Xochimilco',1005,'Ciudad de Mexico',18210,6,'6:00 AM');
INSERT INTO Cuidador(IDPersona,IDBioma,Nombre,ApellidoPaterno,ApellidoMaterno,Nacimiento,RFC,Genero,InicioContrato,FinContrato,NumInt,NumExt,Calle,Colonia,CodigoPostal,Estado,Salario,DiasLabor,Horario) VALUES (15,8,'BALDEMAR','MAGALLAN','GOLLAZ','1978-08-02','MOB780802','M','2015-11-05','2026-02-20',62,40,'5 de Mayo','Venustiano Carranza',11838,'Nuevo Leon',19314,6,'9:46 AM');
INSERT INTO Cuidador(IDPersona,IDBioma,Nombre,ApellidoPaterno,ApellidoMaterno,Nacimiento,RFC,Genero,InicioContrato,FinContrato,NumInt,NumExt,Calle,Colonia,CodigoPostal,Estado,Salario,DiasLabor,Horario) VALUES (16,8,'CELESTINO','ZACAPALA','AHUATZIN','1994-01-01','ZHC940101','M','2006-10-06','2023-01-28',87,38,'Camino Real a Mixcoac','Álvaro Obregón',1553,'Ciudad de Mexico',15470,5,'5:04 AM');
INSERT INTO Cuidador(IDPersona,IDBioma,Nombre,ApellidoPaterno,ApellidoMaterno,Nacimiento,RFC,Genero,InicioContrato,FinContrato,NumInt,NumExt,Calle,Colonia,CodigoPostal,Estado,Salario,DiasLabor,Horario) VALUES (17,2,'NEFTALI','MONTEROS','PENCA','1986-06-24','MEN860624','F','2011-04-17','2028-03-28',110,183,'Eje 3 Sur Añil','Benito Juárez',13410,'Chihuahua',12549,6,'8:50 AM');
INSERT INTO Cuidador(IDPersona,IDBioma,Nombre,ApellidoPaterno,ApellidoMaterno,Nacimiento,RFC,Genero,InicioContrato,FinContrato,NumInt,NumExt,Calle,Colonia,CodigoPostal,Estado,Salario,DiasLabor,Horario) VALUES (18,2,'ASHLEE','CORIA','NOXPANCO','1993-01-13','COA930113','M','2013-08-03','2029-03-15',5,96,'Av. 3-A','Iztacalco',4700,'Veracruz',14351,6,'5:41 AM');
INSERT INTO Cuidador(IDPersona,IDBioma,Nombre,ApellidoPaterno,ApellidoMaterno,Nacimiento,RFC,Genero,InicioContrato,FinContrato,NumInt,NumExt,Calle,Colonia,CodigoPostal,Estado,Salario,DiasLabor,Horario) VALUES (19,3,'YANN','CUETO','LASTRA','1994-11-11','CAY941111','M','2002-11-12','2026-05-22',24,150,'Av. de los Insurgentes Norte','Tláhuac',15213,'Queretaro',18627,6,'10:48 AM');
INSERT INTO Cuidador(IDPersona,IDBioma,Nombre,ApellidoPaterno,ApellidoMaterno,Nacimiento,RFC,Genero,InicioContrato,FinContrato,NumInt,NumExt,Calle,Colonia,CodigoPostal,Estado,Salario,DiasLabor,Horario) VALUES (20,7,'GEORGE','SAUZA','ANA','1982-02-01','SNG820201','F','2019-12-08','2023-09-26',30,152,'Av. Jesus Galindo y Villa','Miguel Hidalgo',15702,'Michoacan',14425,6,'8:19 AM');
INSERT INTO Cuidador(IDPersona,IDBioma,Nombre,ApellidoPaterno,ApellidoMaterno,Nacimiento,RFC,Genero,InicioContrato,FinContrato,NumInt,NumExt,Calle,Colonia,CodigoPostal,Estado,Salario,DiasLabor,Horario) VALUES (21,7,'GERZAIN','RAMONES','BALADO','1992-09-09','RAG920909','M','2006-05-25','2028-12-30',26,169,'Eje 4 Oriente Canal Rio Churubusco','Gustavo A. Madero',8290,'Yucatan',18981,6,'9:37 AM');
INSERT INTO Cuidador(IDPersona,IDBioma,Nombre,ApellidoPaterno,ApellidoMaterno,Nacimiento,RFC,Genero,InicioContrato,FinContrato,NumInt,NumExt,Calle,Colonia,CodigoPostal,Estado,Salario,DiasLabor,Horario) VALUES (22,8,'MELINDA','GERVACIO','INDA','1967-01-08','GNM670108','F','2020-05-17','2028-03-04',31,170,'Eje 6 Sur Cardiologos','Iztapalapa',11930,'Guerrero',17332,5,'5:32 AM');
INSERT INTO Cuidador(IDPersona,IDBioma,Nombre,ApellidoPaterno,ApellidoMaterno,Nacimiento,RFC,Genero,InicioContrato,FinContrato,NumInt,NumExt,Calle,Colonia,CodigoPostal,Estado,Salario,DiasLabor,Horario) VALUES (23,3,'MINELI','PATIÑO','CORONADO','1984-03-13','POM840313','F','2006-09-04','2028-06-13',106,109,'Paseo de las Palmas','Álvaro Obregón',14969,'Guerrero',14710,5,'5:40 AM');
INSERT INTO Cuidador(IDPersona,IDBioma,Nombre,ApellidoPaterno,ApellidoMaterno,Nacimiento,RFC,Genero,InicioContrato,FinContrato,NumInt,NumExt,Calle,Colonia,CodigoPostal,Estado,Salario,DiasLabor,Horario) VALUES (24,3,'ANAT','BARRERO','ASTUDILLO','1980-12-30','BSA801230','M','2010-06-25','2029-01-10',8,40,'Anillo Periferico Calle 7','Gustavo A. Madero',14271,'Campeche',11822,5,'8:05 AM');
INSERT INTO Cuidador(IDPersona,IDBioma,Nombre,ApellidoPaterno,ApellidoMaterno,Nacimiento,RFC,Genero,InicioContrato,FinContrato,NumInt,NumExt,Calle,Colonia,CodigoPostal,Estado,Salario,DiasLabor,Horario) VALUES (25,5,'AHIAN','CERRO','BETANCES','1994-08-17','CEA940817','M','2004-09-19','2023-12-31',75,70,'Año de Juarez','Venustiano Carranza',1359,'Tabasco',15587,6,'9:20 AM');
INSERT INTO Cuidador(IDPersona,IDBioma,Nombre,ApellidoPaterno,ApellidoMaterno,Nacimiento,RFC,Genero,InicioContrato,FinContrato,NumInt,NumExt,Calle,Colonia,CodigoPostal,Estado,Salario,DiasLabor,Horario) VALUES (26,8,'IZAK','MANCILLA','LOZADA','1980-01-22','MOI800122','F','2002-07-18','2028-07-28',140,150,'Eje 5 Sur 1 de Mayo','Xochimilco',12762,'Durango',10358,5,'5:09 AM');
INSERT INTO Cuidador(IDPersona,IDBioma,Nombre,ApellidoPaterno,ApellidoMaterno,Nacimiento,RFC,Genero,InicioContrato,FinContrato,NumInt,NumExt,Calle,Colonia,CodigoPostal,Estado,Salario,DiasLabor,Horario) VALUES (27,8,'NAXCA','PUENTES','RETES','1982-06-20','PEN820620','F','2013-07-09','2028-09-27',68,183,'Cazuela','Tlalpan',14434,'Yucatan',12460,5,'9:12 AM');
INSERT INTO Cuidador(IDPersona,IDBioma,Nombre,ApellidoPaterno,ApellidoMaterno,Nacimiento,RFC,Genero,InicioContrato,FinContrato,NumInt,NumExt,Calle,Colonia,CodigoPostal,Estado,Salario,DiasLabor,Horario) VALUES (28,5,'TZITZITLINI','NANDEZ','LIMAS','1984-02-19','NIT840219','F','2018-04-25','2025-04-03',102,31,'Av. Division del Norte','Venustiano Carranza',13856,'Sonora',16913,6,'6:49 AM');
INSERT INTO Cuidador(IDPersona,IDBioma,Nombre,ApellidoPaterno,ApellidoMaterno,Nacimiento,RFC,Genero,InicioContrato,FinContrato,NumInt,NumExt,Calle,Colonia,CodigoPostal,Estado,Salario,DiasLabor,Horario) VALUES (29,5,'LUCILLE','GUIZAR','TRONCO','1969-05-22','GRL690522','M','2009-07-05','2026-09-10',6,135,'Eje 10A Sur Av. Universidad','Álvaro Obregón',4119,'Puebla',10749,6,'10:09 AM');
INSERT INTO Cuidador(IDPersona,IDBioma,Nombre,ApellidoPaterno,ApellidoMaterno,Nacimiento,RFC,Genero,InicioContrato,FinContrato,NumInt,NumExt,Calle,Colonia,CodigoPostal,Estado,Salario,DiasLabor,Horario) VALUES (30,4,'BETZAYDA','CESEÑA','ZARZA','1965-04-23','CAB650423','M','2000-12-23','2027-05-27',31,100,'Casa del Obrero Mundial','Gustavo A. Madero',12719,'Puebla',11529,5,'5:50 AM');
INSERT INTO Cuidador(IDPersona,IDBioma,Nombre,ApellidoPaterno,ApellidoMaterno,Nacimiento,RFC,Genero,InicioContrato,FinContrato,NumInt,NumExt,Calle,Colonia,CodigoPostal,Estado,Salario,DiasLabor,Horario) VALUES (31,3,'JARA','GRIMALDO','CAYETANO','1975-01-22','GAJ750122','F','2003-12-30','2029-08-22',140,178,'Viaducto Rio de la Piedad','Tláhuac',5455,'Yucatan',12327,6,'8:30 AM');
INSERT INTO Cuidador(IDPersona,IDBioma,Nombre,ApellidoPaterno,ApellidoMaterno,Nacimiento,RFC,Genero,InicioContrato,FinContrato,NumInt,NumExt,Calle,Colonia,CodigoPostal,Estado,Salario,DiasLabor,Horario) VALUES (32,4,'ILLYA','CHAVELA','SUAZO','1988-09-30','CUI880930','M','2008-09-07','2026-08-02',2,173,'Eje 6 Sur Cumbres de Maltrata','Álvaro Obregón',11714,'Nayarit',10855,5,'10:31 AM');
INSERT INTO Cuidador(IDPersona,IDBioma,Nombre,ApellidoPaterno,ApellidoMaterno,Nacimiento,RFC,Genero,InicioContrato,FinContrato,NumInt,NumExt,Calle,Colonia,CodigoPostal,Estado,Salario,DiasLabor,Horario) VALUES (33,5,'ZAIT','ALMERAYA','CRISTALES','1978-10-25','ARZ781025','F','2013-09-12','2029-04-10',37,127,'Anillo Periferico Rio Churubusco','Gustavo A. Madero',11048,'Michoacan',13820,5,'11:12 AM');
INSERT INTO Cuidador(IDPersona,IDBioma,Nombre,ApellidoPaterno,ApellidoMaterno,Nacimiento,RFC,Genero,InicioContrato,FinContrato,NumInt,NumExt,Calle,Colonia,CodigoPostal,Estado,Salario,DiasLabor,Horario) VALUES (34,1,'YOHANN','SAEB','INIESTRA','1979-01-26','SNY790126','M','2002-09-17','2029-06-24',88,35,'Eje 5 Sur Av. Colonia del Valle','Iztapalapa',12038,'Nayarit',18002,5,'11:01 AM');
INSERT INTO Cuidador(IDPersona,IDBioma,Nombre,ApellidoPaterno,ApellidoMaterno,Nacimiento,RFC,Genero,InicioContrato,FinContrato,NumInt,NumExt,Calle,Colonia,CodigoPostal,Estado,Salario,DiasLabor,Horario) VALUES (35,4,'LUDWIN','VILLASENOR','BOETA','1968-01-01','VOL680101','F','2003-09-11','2029-12-25',116,97,'Av. Rio San Joaquin','Iztapalapa',6816,'Colima',13568,6,'11:30 AM');
INSERT INTO Cuidador(IDPersona,IDBioma,Nombre,ApellidoPaterno,ApellidoMaterno,Nacimiento,RFC,Genero,InicioContrato,FinContrato,NumInt,NumExt,Calle,Colonia,CodigoPostal,Estado,Salario,DiasLabor,Horario) VALUES (36,8,'MALENY','MOJICA','SEDANO','1986-09-30','MEM860930','F','2021-03-25','2029-06-21',61,118,'Eje 3 Poniente Medellin','Iztapalapa',7861,'San Luis Potosi',18158,6,'5:37 AM');
INSERT INTO Cuidador(IDPersona,IDBioma,Nombre,ApellidoPaterno,ApellidoMaterno,Nacimiento,RFC,Genero,InicioContrato,FinContrato,NumInt,NumExt,Calle,Colonia,CodigoPostal,Estado,Salario,DiasLabor,Horario) VALUES (37,3,'RAJEL','MARCHAND','LOPE','1964-08-17','MOR640817','M','2016-06-13','2026-03-30',28,179,'Camino a Santa Teresa','Coyoacán',10529,'Michoacan',11323,5,'10:40 AM');
INSERT INTO Cuidador(IDPersona,IDBioma,Nombre,ApellidoPaterno,ApellidoMaterno,Nacimiento,RFC,Genero,InicioContrato,FinContrato,NumInt,NumExt,Calle,Colonia,CodigoPostal,Estado,Salario,DiasLabor,Horario) VALUES (38,3,'JOANI','CECENA','VELASCO','1971-12-23','CEJ711223','F','2007-02-05','2029-11-09',134,153,'Eje 2 Norte Camino a Santa Lucia','Iztapalapa',4523,'Durango',14608,6,'7:09 AM');
INSERT INTO Cuidador(IDPersona,IDBioma,Nombre,ApellidoPaterno,ApellidoMaterno,Nacimiento,RFC,Genero,InicioContrato,FinContrato,NumInt,NumExt,Calle,Colonia,CodigoPostal,Estado,Salario,DiasLabor,Horario) VALUES (39,7,'ALEM','ALDANA','CUAZITL','1968-01-13','AUA680113','F','2012-06-19','2025-09-24',132,12,'Eje 1 Poniente Calzada Vallejo','Iztapalapa',6281,'Michoacan',19833,5,'11:30 AM');
INSERT INTO Cuidador(IDPersona,IDBioma,Nombre,ApellidoPaterno,ApellidoMaterno,Nacimiento,RFC,Genero,InicioContrato,FinContrato,NumInt,NumExt,Calle,Colonia,CodigoPostal,Estado,Salario,DiasLabor,Horario) VALUES (40,5,'IXTLI','ARRATIA','COSIO','1986-05-17','AOI860517','M','2010-11-02','2025-12-07',135,169,'Viaducto Tlalpan','Benito Juárez',13984,'Ciudad de Mexico',10874,5,'9:26 AM');
INSERT INTO Cuidador(IDPersona,IDBioma,Nombre,ApellidoPaterno,ApellidoMaterno,Nacimiento,RFC,Genero,InicioContrato,FinContrato,NumInt,NumExt,Calle,Colonia,CodigoPostal,Estado,Salario,DiasLabor,Horario) VALUES (41,4,'BENJAMIN','CUATEPOTZO','ZULOAGA','1977-05-08','CUB770508','M','2002-07-14','2029-07-31',9,79,'Viaducto Tlalpan','Xochimilco',13442,'Tamaulipas',17511,6,'6:44 AM');
INSERT INTO Cuidador(IDPersona,IDBioma,Nombre,ApellidoPaterno,ApellidoMaterno,Nacimiento,RFC,Genero,InicioContrato,FinContrato,NumInt,NumExt,Calle,Colonia,CodigoPostal,Estado,Salario,DiasLabor,Horario) VALUES (42,8,'HATSUMI','COTERO','LAIJA','1966-10-02','CAH661002','M','2016-05-16','2025-05-12',94,175,'Circuito Interior Rio Mixcoac','Iztapalapa',9189,'Yucatan',19116,6,'11:35 AM');
INSERT INTO Cuidador(IDPersona,IDBioma,Nombre,ApellidoPaterno,ApellidoMaterno,Nacimiento,RFC,Genero,InicioContrato,FinContrato,NumInt,NumExt,Calle,Colonia,CodigoPostal,Estado,Salario,DiasLabor,Horario) VALUES (43,7,'ASHLYE','SOSA','MONSREAL','1994-07-03','SOA940703','F','2023-03-31','2028-11-23',118,101,'Camino a Santa Teresa','Venustiano Carranza',5020,'Chiapas',19442,5,'7:35 AM');
INSERT INTO Cuidador(IDPersona,IDBioma,Nombre,ApellidoPaterno,ApellidoMaterno,Nacimiento,RFC,Genero,InicioContrato,FinContrato,NumInt,NumExt,Calle,Colonia,CodigoPostal,Estado,Salario,DiasLabor,Horario) VALUES (44,8,'CRYSTOPHER','BARTOLO','PEIRO','1966-05-05','BEC660505','F','2006-04-17','2026-11-05',73,196,'Eje 4 Sur Benjamin Franklin','Tláhuac',9751,'Ciudad de Mexico',12219,6,'7:16 AM');
INSERT INTO Cuidador(IDPersona,IDBioma,Nombre,ApellidoPaterno,ApellidoMaterno,Nacimiento,RFC,Genero,InicioContrato,FinContrato,NumInt,NumExt,Calle,Colonia,CodigoPostal,Estado,Salario,DiasLabor,Horario) VALUES (45,4,'AMILETH','MUCINO','REYNA','1967-08-03','MEA670803','M','2018-10-05','2023-08-24',123,153,'Eje 7A Sur Emiliano Zapata','Iztapalapa',8732,'Durango',19371,6,'10:22 AM');
INSERT INTO Cuidador(IDPersona,IDBioma,Nombre,ApellidoPaterno,ApellidoMaterno,Nacimiento,RFC,Genero,InicioContrato,FinContrato,NumInt,NumExt,Calle,Colonia,CodigoPostal,Estado,Salario,DiasLabor,Horario) VALUES (46,5,'MI','VERASTEGUI','COCIO','1971-06-24','VOM710624','F','2003-02-18','2024-11-06',46,126,'Paseo de la Reforma','Iztapalapa',11287,'Tlaxcala',14648,5,'10:16 AM');
INSERT INTO Cuidador(IDPersona,IDBioma,Nombre,ApellidoPaterno,ApellidoMaterno,Nacimiento,RFC,Genero,InicioContrato,FinContrato,NumInt,NumExt,Calle,Colonia,CodigoPostal,Estado,Salario,DiasLabor,Horario) VALUES (47,1,'ZAZILHA','DE LA CUESTA','MATURANO','1974-02-14','DAZ740214','M','2015-02-28','2024-03-24',119,165,'La Turba','Tlalpan',8559,'Chihuahua',10055,5,'5:17 AM');
INSERT INTO Cuidador(IDPersona,IDBioma,Nombre,ApellidoPaterno,ApellidoMaterno,Nacimiento,RFC,Genero,InicioContrato,FinContrato,NumInt,NumExt,Calle,Colonia,CodigoPostal,Estado,Salario,DiasLabor,Horario) VALUES (48,2,'SALVATORE','COLCHADO','LEYTE','1998-03-17','CES980317','F','2002-09-16','2027-04-21',76,170,'Anillo Periferico Rio Tlalnepantla','La Magdalena Contreras',2439,'Baja California',14023,5,'7:46 AM');
INSERT INTO Cuidador(IDPersona,IDBioma,Nombre,ApellidoPaterno,ApellidoMaterno,Nacimiento,RFC,Genero,InicioContrato,FinContrato,NumInt,NumExt,Calle,Colonia,CodigoPostal,Estado,Salario,DiasLabor,Horario) VALUES (49,5,'QUETZALLY','ALABAZARES','VISCENCIO','1968-12-15','AIQ681215','F','2023-08-19','2023-01-28',120,68,'Av. Puente de Alvarado','Álvaro Obregón',15309,'Tlaxcala',16537,5,'5:31 AM');
INSERT INTO Cuidador(IDPersona,IDBioma,Nombre,ApellidoPaterno,ApellidoMaterno,Nacimiento,RFC,Genero,InicioContrato,FinContrato,NumInt,NumExt,Calle,Colonia,CodigoPostal,Estado,Salario,DiasLabor,Horario) VALUES (50,3,'YERALDINE','ZUÑIGA','GORDON','1983-05-07','ZOY830507','M','2020-11-24','2026-11-24',141,141,'Eje 4 Sur Av. Pdte Plutarco Elias Calles','Gustavo A. Madero',10445,'Zacatecas',19539,5,'11:08 AM');
INSERT INTO Cuidador(IDPersona,IDBioma,Nombre,ApellidoPaterno,ApellidoMaterno,Nacimiento,RFC,Genero,InicioContrato,FinContrato,NumInt,NumExt,Calle,Colonia,CodigoPostal,Estado,Salario,DiasLabor,Horario) VALUES (51,5,'KYNUE','ALATORRE','POLINA','1966-08-04','AOK660804','M','2013-11-01','2026-10-27',145,100,'Eje 4 Sur Chilpancingo','Iztapalapa',12041,'Chihuahua',16745,5,'11:16 AM');
INSERT INTO Cuidador(IDPersona,IDBioma,Nombre,ApellidoPaterno,ApellidoMaterno,Nacimiento,RFC,Genero,InicioContrato,FinContrato,NumInt,NumExt,Calle,Colonia,CodigoPostal,Estado,Salario,DiasLabor,Horario) VALUES (52,6,'BELISA','URREA','ARJON','1973-09-21','URB730921','F','2000-05-06','2028-01-06',28,50,'Eje 4 Norte Av. Refineria Azcapotzalco','Iztapalapa',6933,'Tamaulipas',13439,6,'5:02 AM');
INSERT INTO Cuidador(IDPersona,IDBioma,Nombre,ApellidoPaterno,ApellidoMaterno,Nacimiento,RFC,Genero,InicioContrato,FinContrato,NumInt,NumExt,Calle,Colonia,CodigoPostal,Estado,Salario,DiasLabor,Horario) VALUES (53,5,'LORELEY','NARES','HUIZAR','1969-09-28','NUL690928','M','2023-01-03','2028-11-06',147,102,'Av. Jesus Galindo y Villa','Iztapalapa',15115,'Guanajuato',11644,5,'11:55 AM');
INSERT INTO Cuidador(IDPersona,IDBioma,Nombre,ApellidoPaterno,ApellidoMaterno,Nacimiento,RFC,Genero,InicioContrato,FinContrato,NumInt,NumExt,Calle,Colonia,CodigoPostal,Estado,Salario,DiasLabor,Horario) VALUES (54,5,'ERICK','REDONA','TIEMPOS','1978-08-07','RIE780807','F','2008-05-30','2023-07-11',94,23,'Eje 5 Sur Prolongacion Marcelino Buendia','Tlalpan',1845,'Hidalgo',14059,6,'8:19 AM');
INSERT INTO Cuidador(IDPersona,IDBioma,Nombre,ApellidoPaterno,ApellidoMaterno,Nacimiento,RFC,Genero,InicioContrato,FinContrato,NumInt,NumExt,Calle,Colonia,CodigoPostal,Estado,Salario,DiasLabor,Horario) VALUES (55,4,'JENCARLO','TZOMPA','NEGRIN','1996-09-09','TEJ960909','F','2022-08-03','2025-01-24',87,74,'Av. Ricardo Flores Magon','Gustavo A. Madero',4296,'Ciudad de Mexico',10764,5,'6:29 AM');
INSERT INTO Cuidador(IDPersona,IDBioma,Nombre,ApellidoPaterno,ApellidoMaterno,Nacimiento,RFC,Genero,InicioContrato,FinContrato,NumInt,NumExt,Calle,Colonia,CodigoPostal,Estado,Salario,DiasLabor,Horario) VALUES (56,1,'ELEAZAR','PLOMOSO','Y MENDOZA','1969-12-19','P E691219','F','2011-03-12','2025-10-27',131,169,'Eje 1 Oriente Centenario','Coyoacán',7236,'Ciudad de Mexico',16881,6,'10:06 AM');
INSERT INTO Cuidador(IDPersona,IDBioma,Nombre,ApellidoPaterno,ApellidoMaterno,Nacimiento,RFC,Genero,InicioContrato,FinContrato,NumInt,NumExt,Calle,Colonia,CodigoPostal,Estado,Salario,DiasLabor,Horario) VALUES (57,3,'ESTEFANA','CAMARILLO','CEME','1997-04-29','CEE970429','M','2005-03-25','2024-01-15',47,15,'Eje 3 Oriente Av. 5','La Magdalena Contreras',12856,'Nuevo Leon',11770,5,'5:17 AM');
INSERT INTO Cuidador(IDPersona,IDBioma,Nombre,ApellidoPaterno,ApellidoMaterno,Nacimiento,RFC,Genero,InicioContrato,FinContrato,NumInt,NumExt,Calle,Colonia,CodigoPostal,Estado,Salario,DiasLabor,Horario) VALUES (58,6,'JUANCARLOS','CEREZO','AJA','1969-04-14','CJJ690414','F','2013-08-03','2023-04-25',29,126,'Eje 3 Norte 16 de Septiembre','Iztapalapa',15710,'Sonora',19286,5,'5:29 AM');
INSERT INTO Cuidador(IDPersona,IDBioma,Nombre,ApellidoPaterno,ApellidoMaterno,Nacimiento,RFC,Genero,InicioContrato,FinContrato,NumInt,NumExt,Calle,Colonia,CodigoPostal,Estado,Salario,DiasLabor,Horario) VALUES (59,2,'SOID','MORQUECHO','PEÑA','1995-01-24','MES950124','F','2010-09-03','2027-06-02',57,11,'Eje 1 Norte Mosqueta','Gustavo A. Madero',5144,'Tamaulipas',12096,6,'9:52 AM');
INSERT INTO Cuidador(IDPersona,IDBioma,Nombre,ApellidoPaterno,ApellidoMaterno,Nacimiento,RFC,Genero,InicioContrato,FinContrato,NumInt,NumExt,Calle,Colonia,CodigoPostal,Estado,Salario,DiasLabor,Horario) VALUES (60,4,'ODDE','ANGULO','SANTUARIO','1988-05-30','AAO880530','M','2015-05-02','2025-02-18',88,165,'Eje 5 Sur San Antonio','Tlalpan',3300,'Durango',13002,6,'11:48 AM');
INSERT INTO Cuidador(IDPersona,IDBioma,Nombre,ApellidoPaterno,ApellidoMaterno,Nacimiento,RFC,Genero,InicioContrato,FinContrato,NumInt,NumExt,Calle,Colonia,CodigoPostal,Estado,Salario,DiasLabor,Horario) VALUES (61,1,'YOLTIC','TELESFORO','MONFORTE','1996-01-28','TOY960128','F','2002-05-18','2024-05-16',111,149,'Casa del Obrero Mundial','Tlalpan',5616,'Tabasco',19175,5,'10:24 AM');
INSERT INTO Cuidador(IDPersona,IDBioma,Nombre,ApellidoPaterno,ApellidoMaterno,Nacimiento,RFC,Genero,InicioContrato,FinContrato,NumInt,NumExt,Calle,Colonia,CodigoPostal,Estado,Salario,DiasLabor,Horario) VALUES (62,8,'JULIA','COCOTLE','CASIANO','1997-03-02','CAJ970302','F','2015-06-26','2028-07-16',22,154,'Av. Division del Norte','Xochimilco',9178,'Tlaxcala',12282,6,'5:38 AM');
INSERT INTO Cuidador(IDPersona,IDBioma,Nombre,ApellidoPaterno,ApellidoMaterno,Nacimiento,RFC,Genero,InicioContrato,FinContrato,NumInt,NumExt,Calle,Colonia,CodigoPostal,Estado,Salario,DiasLabor,Horario) VALUES (63,2,'AMAURY','CHORENO','ZUART','1976-11-09','CUA761109','F','2013-02-28','2024-06-03',80,77,'Eje 4 Sur Napoleon','Venustiano Carranza',7580,'Puebla',10889,6,'11:13 AM');
INSERT INTO Cuidador(IDPersona,IDBioma,Nombre,ApellidoPaterno,ApellidoMaterno,Nacimiento,RFC,Genero,InicioContrato,FinContrato,NumInt,NumExt,Calle,Colonia,CodigoPostal,Estado,Salario,DiasLabor,Horario) VALUES (64,5,'ARAD','MIXTEGA','CASAS','1992-10-24','MAA921024','F','2022-11-09','2027-07-02',133,142,'Eje 2 Norte Av. 602','Álvaro Obregón',12889,'Tlaxcala',11465,5,'7:22 AM');
INSERT INTO Cuidador(IDPersona,IDBioma,Nombre,ApellidoPaterno,ApellidoMaterno,Nacimiento,RFC,Genero,InicioContrato,FinContrato,NumInt,NumExt,Calle,Colonia,CodigoPostal,Estado,Salario,DiasLabor,Horario) VALUES (65,4,'FRANCOIS','ARAOZ','BOLAINA','1994-01-07','AOF940107','M','2001-05-01','2028-12-25',95,113,'Eje 5 Oriente Av. Central','Iztapalapa',15623,'Guerrero',13389,6,'11:46 AM');
INSERT INTO Cuidador(IDPersona,IDBioma,Nombre,ApellidoPaterno,ApellidoMaterno,Nacimiento,RFC,Genero,InicioContrato,FinContrato,NumInt,NumExt,Calle,Colonia,CodigoPostal,Estado,Salario,DiasLabor,Horario) VALUES (66,8,'BRYANT','MOYRON','BUENAVENTURA','1990-11-24','MUB901124','M','2002-04-01','2027-12-11',146,109,'Calzada de Tlalpan','Gustavo A. Madero',2503,'Puebla',12309,5,'10:13 AM');
INSERT INTO Cuidador(IDPersona,IDBioma,Nombre,ApellidoPaterno,ApellidoMaterno,Nacimiento,RFC,Genero,InicioContrato,FinContrato,NumInt,NumExt,Calle,Colonia,CodigoPostal,Estado,Salario,DiasLabor,Horario) VALUES (67,1,'GALAHAD','COBOS','RICHKARDAY','1984-01-09','CIG840109','F','2014-03-26','2025-06-22',105,170,'Viaducto Rio de la Piedad','Xochimilco',2444,'Tlaxcala',11357,5,'10:34 AM');
INSERT INTO Cuidador(IDPersona,IDBioma,Nombre,ApellidoPaterno,ApellidoMaterno,Nacimiento,RFC,Genero,InicioContrato,FinContrato,NumInt,NumExt,Calle,Colonia,CodigoPostal,Estado,Salario,DiasLabor,Horario) VALUES (68,5,'ATHAN','PAAT','CORENO','1991-12-30','POA911230','M','2004-12-13','2026-12-04',117,15,'Av. Canal de Chalco','Iztapalapa',13144,'Tabasco',15988,6,'9:49 AM');
INSERT INTO Cuidador(IDPersona,IDBioma,Nombre,ApellidoPaterno,ApellidoMaterno,Nacimiento,RFC,Genero,InicioContrato,FinContrato,NumInt,NumExt,Calle,Colonia,CodigoPostal,Estado,Salario,DiasLabor,Horario) VALUES (69,6,'JETHRO','URIARTE','MONTORES','1975-06-15','UOJ750615','F','2021-08-15','2028-05-28',141,168,'Calzada de Guadalupe','Iztacalco',11802,'Aguascalientes',12690,6,'6:29 AM');
INSERT INTO Cuidador(IDPersona,IDBioma,Nombre,ApellidoPaterno,ApellidoMaterno,Nacimiento,RFC,Genero,InicioContrato,FinContrato,NumInt,NumExt,Calle,Colonia,CodigoPostal,Estado,Salario,DiasLabor,Horario) VALUES (70,5,'VIVIANNE','BIBIAN','NOGUEROLA','1989-03-16','BOV890316','F','2013-03-08','2023-10-12',124,19,'Eje 4 Oriente Canal Rio Churubusco','Tláhuac',12133,'Zacatecas',16749,5,'8:48 AM');
INSERT INTO Cuidador(IDPersona,IDBioma,Nombre,ApellidoPaterno,ApellidoMaterno,Nacimiento,RFC,Genero,InicioContrato,FinContrato,NumInt,NumExt,Calle,Colonia,CodigoPostal,Estado,Salario,DiasLabor,Horario) VALUES (71,7,'JESSIE','COATL','NAVA','1992-04-19','CAJ920419','M','2020-03-24','2024-03-13',105,24,'Calzada Xochimilco Tulyehualco','Álvaro Obregón',14666,'Chiapas',11581,6,'10:47 AM');
INSERT INTO Cuidador(IDPersona,IDBioma,Nombre,ApellidoPaterno,ApellidoMaterno,Nacimiento,RFC,Genero,InicioContrato,FinContrato,NumInt,NumExt,Calle,Colonia,CodigoPostal,Estado,Salario,DiasLabor,Horario) VALUES (72,8,'NAHUM','CURAL','ARTELLANO','1987-11-06','CRN871106','M','2019-03-03','2023-12-23',110,198,'Eje 2 Poniente Florencia','Álvaro Obregón',9642,'Guerrero',12157,6,'8:46 AM');
INSERT INTO Cuidador(IDPersona,IDBioma,Nombre,ApellidoPaterno,ApellidoMaterno,Nacimiento,RFC,Genero,InicioContrato,FinContrato,NumInt,NumExt,Calle,Colonia,CodigoPostal,Estado,Salario,DiasLabor,Horario) VALUES (73,4,'JAHDIEL','COPALCUA','FIALLO','1986-03-06','CIJ860306','M','2004-02-27','2027-05-22',35,132,'Eje 3 Oriente Francisco del Paso y Troncoso','Tlalpan',6712,'Aguascalientes',19904,6,'5:25 AM');
INSERT INTO Cuidador(IDPersona,IDBioma,Nombre,ApellidoPaterno,ApellidoMaterno,Nacimiento,RFC,Genero,InicioContrato,FinContrato,NumInt,NumExt,Calle,Colonia,CodigoPostal,Estado,Salario,DiasLabor,Horario) VALUES (74,1,'GASPAR','ANGELES','BURELA','1993-01-12','AUG930112','F','2004-03-06','2024-01-25',130,87,'Eje 5 Oriente Av. Lic. Javier Rojo Gomez','Venustiano Carranza',4638,'Oaxaca',15344,6,'9:41 AM');
INSERT INTO Cuidador(IDPersona,IDBioma,Nombre,ApellidoPaterno,ApellidoMaterno,Nacimiento,RFC,Genero,InicioContrato,FinContrato,NumInt,NumExt,Calle,Colonia,CodigoPostal,Estado,Salario,DiasLabor,Horario) VALUES (75,5,'ANDRES','BAIZABAL','REVUELTA','1965-08-17','BEA650817','F','2018-10-14','2023-02-07',150,56,'Av. Acueducto de Guadalupe','Gustavo A. Madero',9621,'Nayarit',14452,5,'8:56 AM');
INSERT INTO Cuidador(IDPersona,IDBioma,Nombre,ApellidoPaterno,ApellidoMaterno,Nacimiento,RFC,Genero,InicioContrato,FinContrato,NumInt,NumExt,Calle,Colonia,CodigoPostal,Estado,Salario,DiasLabor,Horario) VALUES (76,8,'YANAI','ELVIRA','URUENA','1966-08-13','ERY660813','M','2000-05-22','2026-11-29',28,119,'Eje 2 Poniente Florencia','La Magdalena Contreras',15018,'Yucatan',10839,6,'11:19 AM');
INSERT INTO Cuidador(IDPersona,IDBioma,Nombre,ApellidoPaterno,ApellidoMaterno,Nacimiento,RFC,Genero,InicioContrato,FinContrato,NumInt,NumExt,Calle,Colonia,CodigoPostal,Estado,Salario,DiasLabor,Horario) VALUES (77,3,'MAXIMA','TE','MANSUR','1989-12-26','TAM891226','F','2019-04-22','2024-11-06',129,109,'Bosque de la Reforma','Xochimilco',6660,'Morelos',18136,6,'8:01 AM');
INSERT INTO Cuidador(IDPersona,IDBioma,Nombre,ApellidoPaterno,ApellidoMaterno,Nacimiento,RFC,Genero,InicioContrato,FinContrato,NumInt,NumExt,Calle,Colonia,CodigoPostal,Estado,Salario,DiasLabor,Horario) VALUES (78,2,'JESSIE','BIZARRON','MARTIL','1993-10-07','BAJ931007','M','2016-04-26','2025-12-09',1,196,'Av. Salonica','Cuauhtémoc',10708,'Sinaloa',14568,6,'5:29 AM');
INSERT INTO Cuidador(IDPersona,IDBioma,Nombre,ApellidoPaterno,ApellidoMaterno,Nacimiento,RFC,Genero,InicioContrato,FinContrato,NumInt,NumExt,Calle,Colonia,CodigoPostal,Estado,Salario,DiasLabor,Horario) VALUES (79,6,'LORIEN','RIVEROL','VERJEL','1988-08-16','REL880816','M','2008-11-22','2025-10-17',8,63,'Av. de los Insurgentes Norte','Gustavo A. Madero',5771,'Oaxaca',16179,5,'11:49 AM');
INSERT INTO Cuidador(IDPersona,IDBioma,Nombre,ApellidoPaterno,ApellidoMaterno,Nacimiento,RFC,Genero,InicioContrato,FinContrato,NumInt,NumExt,Calle,Colonia,CodigoPostal,Estado,Salario,DiasLabor,Horario) VALUES (80,1,'YADIRA','PALOMEC','PERCASTRE','1974-08-29','PEY740829','M','2022-12-31','2028-06-10',132,19,'Av. San Jeronimo','Álvaro Obregón',10727,'Nuevo Leon',15232,5,'5:48 AM');
INSERT INTO Cuidador(IDPersona,IDBioma,Nombre,ApellidoPaterno,ApellidoMaterno,Nacimiento,RFC,Genero,InicioContrato,FinContrato,NumInt,NumExt,Calle,Colonia,CodigoPostal,Estado,Salario,DiasLabor,Horario) VALUES (81,6,'ESTHEFANIA','BARBERENA','BARANDA','1976-10-26','BAE761026','F','2018-02-03','2028-08-06',57,179,'Av. Zacatepetl','Iztapalapa',8032,'Puebla',16699,6,'5:48 AM');
INSERT INTO Cuidador(IDPersona,IDBioma,Nombre,ApellidoPaterno,ApellidoMaterno,Nacimiento,RFC,Genero,InicioContrato,FinContrato,NumInt,NumExt,Calle,Colonia,CodigoPostal,Estado,Salario,DiasLabor,Horario) VALUES (82,6,'ESTEFANY','ZAGADA','CARCAÑO','1997-11-15','ZAE971115','M','2016-04-26','2023-02-22',19,6,'Eje 10A Sur Av. San Jeronimo','Iztapalapa',10016,'Sinaloa',11234,6,'10:01 AM');
INSERT INTO Cuidador(IDPersona,IDBioma,Nombre,ApellidoPaterno,ApellidoMaterno,Nacimiento,RFC,Genero,InicioContrato,FinContrato,NumInt,NumExt,Calle,Colonia,CodigoPostal,Estado,Salario,DiasLabor,Horario) VALUES (83,8,'SACBE','UREIRO','ASCENCION','1996-04-22','USS960422','F','2002-09-06','2024-10-23',31,69,'Eje 5 Oriente Av. Lic. Javier Rojo Gomez','Xochimilco',3266,'Guanajuato',13934,5,'11:23 AM');
INSERT INTO Cuidador(IDPersona,IDBioma,Nombre,ApellidoPaterno,ApellidoMaterno,Nacimiento,RFC,Genero,InicioContrato,FinContrato,NumInt,NumExt,Calle,Colonia,CodigoPostal,Estado,Salario,DiasLabor,Horario) VALUES (84,8,'JENNIFER','CAÑEDO','UBIETA','1969-03-19','CBJ690319','M','2014-07-17','2025-12-04',38,58,'Calzada de los Misterios','Xochimilco',7136,'Puebla',13000,5,'8:51 AM');
INSERT INTO Cuidador(IDPersona,IDBioma,Nombre,ApellidoPaterno,ApellidoMaterno,Nacimiento,RFC,Genero,InicioContrato,FinContrato,NumInt,NumExt,Calle,Colonia,CodigoPostal,Estado,Salario,DiasLabor,Horario) VALUES (85,6,'SHANELL','BALLI','JOO','1966-01-08','BOS660108','F','2002-02-12','2025-11-30',9,153,'Año de Juarez','Gustavo A. Madero',15387,'Tlaxcala',17789,5,'11:54 AM');
INSERT INTO Cuidador(IDPersona,IDBioma,Nombre,ApellidoPaterno,ApellidoMaterno,Nacimiento,RFC,Genero,InicioContrato,FinContrato,NumInt,NumExt,Calle,Colonia,CodigoPostal,Estado,Salario,DiasLabor,Horario) VALUES (86,1,'DAEL','VERANO','LUEVANO','1991-12-09','VUD911209','M','2015-11-25','2029-12-19',6,144,'Av. Constituyentes','Álvaro Obregón',1047,'Nuevo Leon',10834,6,'8:24 AM');
INSERT INTO Cuidador(IDPersona,IDBioma,Nombre,ApellidoPaterno,ApellidoMaterno,Nacimiento,RFC,Genero,InicioContrato,FinContrato,NumInt,NumExt,Calle,Colonia,CodigoPostal,Estado,Salario,DiasLabor,Horario) VALUES (87,8,'DARIANA','MORGADO','TENORIO','1983-01-05','MED830105','M','2010-10-23','2026-01-27',12,27,'Eje 6 Sur Cardiologos','Iztapalapa',3183,'Jalisco',17364,6,'6:19 AM');
INSERT INTO Cuidador(IDPersona,IDBioma,Nombre,ApellidoPaterno,ApellidoMaterno,Nacimiento,RFC,Genero,InicioContrato,FinContrato,NumInt,NumExt,Calle,Colonia,CodigoPostal,Estado,Salario,DiasLabor,Horario) VALUES (88,4,'RAUDEL','SALMERON','SENCION','1984-06-24','SER840624','F','2021-08-04','2026-06-13',50,87,'Eje 7A Sur Emiliano Zapata','Álvaro Obregón',9661,'Tlaxcala',13743,6,'9:42 AM');
INSERT INTO Cuidador(IDPersona,IDBioma,Nombre,ApellidoPaterno,ApellidoMaterno,Nacimiento,RFC,Genero,InicioContrato,FinContrato,NumInt,NumExt,Calle,Colonia,CodigoPostal,Estado,Salario,DiasLabor,Horario) VALUES (89,2,'SARHAI','ARAMBURU','ANRUBIO','1984-01-23','ANS840123','M','2011-12-26','2024-08-17',39,150,'Av. Oceania','Azcapotzalco',12930,'Tabasco',12215,6,'11:53 AM');
INSERT INTO Cuidador(IDPersona,IDBioma,Nombre,ApellidoPaterno,ApellidoMaterno,Nacimiento,RFC,Genero,InicioContrato,FinContrato,NumInt,NumExt,Calle,Colonia,CodigoPostal,Estado,Salario,DiasLabor,Horario) VALUES (90,4,'IVANKA','CAMPOS','CARDEÑAS','1978-10-20','CAI781020','M','2022-02-05','2026-07-21',114,57,'Circuito Interior Rio Mixcoac','Álvaro Obregón',15314,'Nuevo Leon',18748,6,'8:55 AM');
INSERT INTO Cuidador(IDPersona,IDBioma,Nombre,ApellidoPaterno,ApellidoMaterno,Nacimiento,RFC,Genero,InicioContrato,FinContrato,NumInt,NumExt,Calle,Colonia,CodigoPostal,Estado,Salario,DiasLabor,Horario) VALUES (91,6,'YARETZY','DE ELIGIO','ARZALUZ','1989-07-17','DRY890717','M','2002-01-02','2025-07-15',40,200,'Av. Ejercito Nacional Mexicano','Gustavo A. Madero',7137,'Quintana Roo',10060,5,'9:27 AM');
INSERT INTO Cuidador(IDPersona,IDBioma,Nombre,ApellidoPaterno,ApellidoMaterno,Nacimiento,RFC,Genero,InicioContrato,FinContrato,NumInt,NumExt,Calle,Colonia,CodigoPostal,Estado,Salario,DiasLabor,Horario) VALUES (92,6,'ADRIANA','TRESS','ALMEDA','1996-04-10','TLA960410','F','2017-09-28','2023-02-21',128,114,'Camino al Desierto de los Leones','Tláhuac',2873,'Morelos',19384,6,'11:30 AM');
INSERT INTO Cuidador(IDPersona,IDBioma,Nombre,ApellidoPaterno,ApellidoMaterno,Nacimiento,RFC,Genero,InicioContrato,FinContrato,NumInt,NumExt,Calle,Colonia,CodigoPostal,Estado,Salario,DiasLabor,Horario) VALUES (93,4,'HERENDIRA','TZEK','CINCO','1975-05-28','TIH750528','M','2007-02-12','2024-02-12',143,190,'Eje 10A Sur Av. San Jeronimo','La Magdalena Contreras',7879,'San Luis Potosi',16233,5,'8:09 AM');
INSERT INTO Cuidador(IDPersona,IDBioma,Nombre,ApellidoPaterno,ApellidoMaterno,Nacimiento,RFC,Genero,InicioContrato,FinContrato,NumInt,NumExt,Calle,Colonia,CodigoPostal,Estado,Salario,DiasLabor,Horario) VALUES (94,5,'MIJAEL','SARRACINO','JUAN','1997-12-06','SUM971206','F','2015-12-12','2026-05-13',19,124,'Eje 10A Sur Av. San Jeronimo','Iztapalapa',3837,'Chihuahua',18148,6,'7:24 AM');
INSERT INTO Cuidador(IDPersona,IDBioma,Nombre,ApellidoPaterno,ApellidoMaterno,Nacimiento,RFC,Genero,InicioContrato,FinContrato,NumInt,NumExt,Calle,Colonia,CodigoPostal,Estado,Salario,DiasLabor,Horario) VALUES (95,3,'ILIA','PINZON','CARTAS','1969-05-17','PAI690517','F','2019-05-09','2023-08-26',74,144,'Eje 5 Norte Deportivo Reynosa','Álvaro Obregón',5059,'Puebla',16680,5,'7:09 AM');
INSERT INTO Cuidador(IDPersona,IDBioma,Nombre,ApellidoPaterno,ApellidoMaterno,Nacimiento,RFC,Genero,InicioContrato,FinContrato,NumInt,NumExt,Calle,Colonia,CodigoPostal,Estado,Salario,DiasLabor,Horario) VALUES (96,8,'RANDALL','MUKUL','DZUL','1993-02-27','MZR930227','M','2019-09-07','2027-03-18',31,93,'Av. Gavilan','Gustavo A. Madero',4996,'Nayarit',12629,6,'7:27 AM');
INSERT INTO Cuidador(IDPersona,IDBioma,Nombre,ApellidoPaterno,ApellidoMaterno,Nacimiento,RFC,Genero,InicioContrato,FinContrato,NumInt,NumExt,Calle,Colonia,CodigoPostal,Estado,Salario,DiasLabor,Horario) VALUES (97,6,'XABI','ZAVALZA','SOLORZANO','1998-05-13','ZOX980513','F','2022-05-21','2028-11-20',98,141,'Eje Central Av. Aztecas','Xochimilco',5871,'Hidalgo',10440,6,'11:22 AM');
INSERT INTO Cuidador(IDPersona,IDBioma,Nombre,ApellidoPaterno,ApellidoMaterno,Nacimiento,RFC,Genero,InicioContrato,FinContrato,NumInt,NumExt,Calle,Colonia,CodigoPostal,Estado,Salario,DiasLabor,Horario) VALUES (98,6,'LORETTO','ABAD','HUESO','1973-07-12','AUL730712','M','2022-04-02','2026-04-21',78,53,'Paseo de la Reforma','Benito Juárez',11640,'Colima',17526,5,'7:54 AM');
INSERT INTO Cuidador(IDPersona,IDBioma,Nombre,ApellidoPaterno,ApellidoMaterno,Nacimiento,RFC,Genero,InicioContrato,FinContrato,NumInt,NumExt,Calle,Colonia,CodigoPostal,Estado,Salario,DiasLabor,Horario) VALUES (99,8,'YING','GOYCOOLEA','PRIEGO','1978-02-24','GRY780224','F','2006-05-18','2027-11-24',36,183,'Eje 2 Norte Av. 602','Cuajimalpa de Morelos',1055,'Sinaloa',19703,5,'9:45 AM');
INSERT INTO Cuidador(IDPersona,IDBioma,Nombre,ApellidoPaterno,ApellidoMaterno,Nacimiento,RFC,Genero,InicioContrato,FinContrato,NumInt,NumExt,Calle,Colonia,CodigoPostal,Estado,Salario,DiasLabor,Horario) VALUES (100,6,'ALTAIR','VELARDE','MOYAO','1990-01-07','VOA900107','M','2019-06-01','2023-07-14',92,31,'Eje 2 Norte Av. Invierno','Cuajimalpa de Morelos',12550,'Tlaxcala',17956,6,'5:14 AM');

INSERT INTO ProveerAlimento(IDPersona,IDInsumo) VALUES (8,35);
INSERT INTO ProveerAlimento(IDPersona,IDInsumo) VALUES (52,35);
INSERT INTO ProveerAlimento(IDPersona,IDInsumo) VALUES (73,30);
INSERT INTO ProveerAlimento(IDPersona,IDInsumo) VALUES (46,48);
INSERT INTO ProveerAlimento(IDPersona,IDInsumo) VALUES (15,76);
INSERT INTO ProveerAlimento(IDPersona,IDInsumo) VALUES (58,34);
INSERT INTO ProveerAlimento(IDPersona,IDInsumo) VALUES (44,78);
INSERT INTO ProveerAlimento(IDPersona,IDInsumo) VALUES (91,60);
INSERT INTO ProveerAlimento(IDPersona,IDInsumo) VALUES (57,60);
INSERT INTO ProveerAlimento(IDPersona,IDInsumo) VALUES (7,1);
INSERT INTO ProveerAlimento(IDPersona,IDInsumo) VALUES (98,87);
INSERT INTO ProveerAlimento(IDPersona,IDInsumo) VALUES (95,40);
INSERT INTO ProveerAlimento(IDPersona,IDInsumo) VALUES (36,72);
INSERT INTO ProveerAlimento(IDPersona,IDInsumo) VALUES (6,27);
INSERT INTO ProveerAlimento(IDPersona,IDInsumo) VALUES (26,66);
INSERT INTO ProveerAlimento(IDPersona,IDInsumo) VALUES (15,46);
INSERT INTO ProveerAlimento(IDPersona,IDInsumo) VALUES (91,46);
INSERT INTO ProveerAlimento(IDPersona,IDInsumo) VALUES (91,73);
INSERT INTO ProveerAlimento(IDPersona,IDInsumo) VALUES (76,78);
INSERT INTO ProveerAlimento(IDPersona,IDInsumo) VALUES (3,68);
INSERT INTO ProveerAlimento(IDPersona,IDInsumo) VALUES (44,30);
INSERT INTO ProveerAlimento(IDPersona,IDInsumo) VALUES (61,29);
INSERT INTO ProveerAlimento(IDPersona,IDInsumo) VALUES (80,97);
INSERT INTO ProveerAlimento(IDPersona,IDInsumo) VALUES (74,80);
INSERT INTO ProveerAlimento(IDPersona,IDInsumo) VALUES (14,56);
INSERT INTO ProveerAlimento(IDPersona,IDInsumo) VALUES (11,85);
INSERT INTO ProveerAlimento(IDPersona,IDInsumo) VALUES (31,6);
INSERT INTO ProveerAlimento(IDPersona,IDInsumo) VALUES (87,44);
INSERT INTO ProveerAlimento(IDPersona,IDInsumo) VALUES (79,31);
INSERT INTO ProveerAlimento(IDPersona,IDInsumo) VALUES (54,48);
INSERT INTO ProveerAlimento(IDPersona,IDInsumo) VALUES (62,24);
INSERT INTO ProveerAlimento(IDPersona,IDInsumo) VALUES (68,78);
INSERT INTO ProveerAlimento(IDPersona,IDInsumo) VALUES (22,24);
INSERT INTO ProveerAlimento(IDPersona,IDInsumo) VALUES (13,36);
INSERT INTO ProveerAlimento(IDPersona,IDInsumo) VALUES (82,100);
INSERT INTO ProveerAlimento(IDPersona,IDInsumo) VALUES (80,60);
INSERT INTO ProveerAlimento(IDPersona,IDInsumo) VALUES (19,27);
INSERT INTO ProveerAlimento(IDPersona,IDInsumo) VALUES (8,36);
INSERT INTO ProveerAlimento(IDPersona,IDInsumo) VALUES (69,1);
INSERT INTO ProveerAlimento(IDPersona,IDInsumo) VALUES (83,20);
INSERT INTO ProveerAlimento(IDPersona,IDInsumo) VALUES (99,96);
INSERT INTO ProveerAlimento(IDPersona,IDInsumo) VALUES (47,13);
INSERT INTO ProveerAlimento(IDPersona,IDInsumo) VALUES (25,79);
INSERT INTO ProveerAlimento(IDPersona,IDInsumo) VALUES (2,79);
INSERT INTO ProveerAlimento(IDPersona,IDInsumo) VALUES (21,67);
INSERT INTO ProveerAlimento(IDPersona,IDInsumo) VALUES (43,88);
INSERT INTO ProveerAlimento(IDPersona,IDInsumo) VALUES (36,13);
INSERT INTO ProveerAlimento(IDPersona,IDInsumo) VALUES (17,62);
INSERT INTO ProveerAlimento(IDPersona,IDInsumo) VALUES (44,55);
INSERT INTO ProveerAlimento(IDPersona,IDInsumo) VALUES (14,26);
INSERT INTO ProveerAlimento(IDPersona,IDInsumo) VALUES (46,11);
INSERT INTO ProveerAlimento(IDPersona,IDInsumo) VALUES (52,83);
INSERT INTO ProveerAlimento(IDPersona,IDInsumo) VALUES (35,24);
INSERT INTO ProveerAlimento(IDPersona,IDInsumo) VALUES (20,27);
INSERT INTO ProveerAlimento(IDPersona,IDInsumo) VALUES (16,75);
INSERT INTO ProveerAlimento(IDPersona,IDInsumo) VALUES (93,36);
INSERT INTO ProveerAlimento(IDPersona,IDInsumo) VALUES (95,57);
INSERT INTO ProveerAlimento(IDPersona,IDInsumo) VALUES (98,89);
INSERT INTO ProveerAlimento(IDPersona,IDInsumo) VALUES (59,39);
INSERT INTO ProveerAlimento(IDPersona,IDInsumo) VALUES (92,28);
INSERT INTO ProveerAlimento(IDPersona,IDInsumo) VALUES (28,31);
INSERT INTO ProveerAlimento(IDPersona,IDInsumo) VALUES (43,95);
INSERT INTO ProveerAlimento(IDPersona,IDInsumo) VALUES (40,7);
INSERT INTO ProveerAlimento(IDPersona,IDInsumo) VALUES (63,89);
INSERT INTO ProveerAlimento(IDPersona,IDInsumo) VALUES (87,45);
INSERT INTO ProveerAlimento(IDPersona,IDInsumo) VALUES (48,66);
INSERT INTO ProveerAlimento(IDPersona,IDInsumo) VALUES (31,18);
INSERT INTO ProveerAlimento(IDPersona,IDInsumo) VALUES (56,35);
INSERT INTO ProveerAlimento(IDPersona,IDInsumo) VALUES (11,51);
INSERT INTO ProveerAlimento(IDPersona,IDInsumo) VALUES (64,22);
INSERT INTO ProveerAlimento(IDPersona,IDInsumo) VALUES (64,8);
INSERT INTO ProveerAlimento(IDPersona,IDInsumo) VALUES (76,47);
INSERT INTO ProveerAlimento(IDPersona,IDInsumo) VALUES (88,29);
INSERT INTO ProveerAlimento(IDPersona,IDInsumo) VALUES (39,48);
INSERT INTO ProveerAlimento(IDPersona,IDInsumo) VALUES (2,88);
INSERT INTO ProveerAlimento(IDPersona,IDInsumo) VALUES (33,4);
INSERT INTO ProveerAlimento(IDPersona,IDInsumo) VALUES (99,42);
INSERT INTO ProveerAlimento(IDPersona,IDInsumo) VALUES (5,58);
INSERT INTO ProveerAlimento(IDPersona,IDInsumo) VALUES (41,58);
INSERT INTO ProveerAlimento(IDPersona,IDInsumo) VALUES (23,32);
INSERT INTO ProveerAlimento(IDPersona,IDInsumo) VALUES (87,64);
INSERT INTO ProveerAlimento(IDPersona,IDInsumo) VALUES (48,35);
INSERT INTO ProveerAlimento(IDPersona,IDInsumo) VALUES (21,60);
INSERT INTO ProveerAlimento(IDPersona,IDInsumo) VALUES (15,7);
INSERT INTO ProveerAlimento(IDPersona,IDInsumo) VALUES (61,89);
INSERT INTO ProveerAlimento(IDPersona,IDInsumo) VALUES (46,29);
INSERT INTO ProveerAlimento(IDPersona,IDInsumo) VALUES (61,49);
INSERT INTO ProveerAlimento(IDPersona,IDInsumo) VALUES (51,4);
INSERT INTO ProveerAlimento(IDPersona,IDInsumo) VALUES (57,33);
INSERT INTO ProveerAlimento(IDPersona,IDInsumo) VALUES (63,51);
INSERT INTO ProveerAlimento(IDPersona,IDInsumo) VALUES (11,30);
INSERT INTO ProveerAlimento(IDPersona,IDInsumo) VALUES (90,81);
INSERT INTO ProveerAlimento(IDPersona,IDInsumo) VALUES (42,30);
INSERT INTO ProveerAlimento(IDPersona,IDInsumo) VALUES (52,50);
INSERT INTO ProveerAlimento(IDPersona,IDInsumo) VALUES (98,64);
INSERT INTO ProveerAlimento(IDPersona,IDInsumo) VALUES (60,13);
INSERT INTO ProveerAlimento(IDPersona,IDInsumo) VALUES (73,9);
INSERT INTO ProveerAlimento(IDPersona,IDInsumo) VALUES (14,84);
INSERT INTO ProveerAlimento(IDPersona,IDInsumo) VALUES (93,24);
INSERT INTO ProveerAlimento(IDPersona,IDInsumo) VALUES (15,68);

INSERT INTO ProveerMedicina(IDPersona,IDInsumo) VALUES (45,93);
INSERT INTO ProveerMedicina(IDPersona,IDInsumo) VALUES (47,48);
INSERT INTO ProveerMedicina(IDPersona,IDInsumo) VALUES (31,94);
INSERT INTO ProveerMedicina(IDPersona,IDInsumo) VALUES (75,99);
INSERT INTO ProveerMedicina(IDPersona,IDInsumo) VALUES (41,31);
INSERT INTO ProveerMedicina(IDPersona,IDInsumo) VALUES (8,13);
INSERT INTO ProveerMedicina(IDPersona,IDInsumo) VALUES (84,47);
INSERT INTO ProveerMedicina(IDPersona,IDInsumo) VALUES (63,71);
INSERT INTO ProveerMedicina(IDPersona,IDInsumo) VALUES (87,71);
INSERT INTO ProveerMedicina(IDPersona,IDInsumo) VALUES (63,13);
INSERT INTO ProveerMedicina(IDPersona,IDInsumo) VALUES (76,20);
INSERT INTO ProveerMedicina(IDPersona,IDInsumo) VALUES (67,11);
INSERT INTO ProveerMedicina(IDPersona,IDInsumo) VALUES (75,8);
INSERT INTO ProveerMedicina(IDPersona,IDInsumo) VALUES (62,59);
INSERT INTO ProveerMedicina(IDPersona,IDInsumo) VALUES (82,58);
INSERT INTO ProveerMedicina(IDPersona,IDInsumo) VALUES (22,77);
INSERT INTO ProveerMedicina(IDPersona,IDInsumo) VALUES (22,37);
INSERT INTO ProveerMedicina(IDPersona,IDInsumo) VALUES (74,78);
INSERT INTO ProveerMedicina(IDPersona,IDInsumo) VALUES (1,53);
INSERT INTO ProveerMedicina(IDPersona,IDInsumo) VALUES (19,53);
INSERT INTO ProveerMedicina(IDPersona,IDInsumo) VALUES (41,69);
INSERT INTO ProveerMedicina(IDPersona,IDInsumo) VALUES (38,19);
INSERT INTO ProveerMedicina(IDPersona,IDInsumo) VALUES (88,58);
INSERT INTO ProveerMedicina(IDPersona,IDInsumo) VALUES (98,63);
INSERT INTO ProveerMedicina(IDPersona,IDInsumo) VALUES (92,8);
INSERT INTO ProveerMedicina(IDPersona,IDInsumo) VALUES (56,3);
INSERT INTO ProveerMedicina(IDPersona,IDInsumo) VALUES (32,68);
INSERT INTO ProveerMedicina(IDPersona,IDInsumo) VALUES (97,58);
INSERT INTO ProveerMedicina(IDPersona,IDInsumo) VALUES (58,67);
INSERT INTO ProveerMedicina(IDPersona,IDInsumo) VALUES (24,37);
INSERT INTO ProveerMedicina(IDPersona,IDInsumo) VALUES (78,7);
INSERT INTO ProveerMedicina(IDPersona,IDInsumo) VALUES (15,87);
INSERT INTO ProveerMedicina(IDPersona,IDInsumo) VALUES (67,34);
INSERT INTO ProveerMedicina(IDPersona,IDInsumo) VALUES (10,34);
INSERT INTO ProveerMedicina(IDPersona,IDInsumo) VALUES (6,43);
INSERT INTO ProveerMedicina(IDPersona,IDInsumo) VALUES (1,54);
INSERT INTO ProveerMedicina(IDPersona,IDInsumo) VALUES (26,66);
INSERT INTO ProveerMedicina(IDPersona,IDInsumo) VALUES (45,68);
INSERT INTO ProveerMedicina(IDPersona,IDInsumo) VALUES (24,69);
INSERT INTO ProveerMedicina(IDPersona,IDInsumo) VALUES (91,97);
INSERT INTO ProveerMedicina(IDPersona,IDInsumo) VALUES (94,55);
INSERT INTO ProveerMedicina(IDPersona,IDInsumo) VALUES (96,8);
INSERT INTO ProveerMedicina(IDPersona,IDInsumo) VALUES (66,38);
INSERT INTO ProveerMedicina(IDPersona,IDInsumo) VALUES (94,47);
INSERT INTO ProveerMedicina(IDPersona,IDInsumo) VALUES (85,100);
INSERT INTO ProveerMedicina(IDPersona,IDInsumo) VALUES (37,98);
INSERT INTO ProveerMedicina(IDPersona,IDInsumo) VALUES (60,94);
INSERT INTO ProveerMedicina(IDPersona,IDInsumo) VALUES (65,69);
INSERT INTO ProveerMedicina(IDPersona,IDInsumo) VALUES (2,19);
INSERT INTO ProveerMedicina(IDPersona,IDInsumo) VALUES (75,62);
INSERT INTO ProveerMedicina(IDPersona,IDInsumo) VALUES (40,15);
INSERT INTO ProveerMedicina(IDPersona,IDInsumo) VALUES (48,87);
INSERT INTO ProveerMedicina(IDPersona,IDInsumo) VALUES (12,12);
INSERT INTO ProveerMedicina(IDPersona,IDInsumo) VALUES (9,45);
INSERT INTO ProveerMedicina(IDPersona,IDInsumo) VALUES (1,63);
INSERT INTO ProveerMedicina(IDPersona,IDInsumo) VALUES (11,22);
INSERT INTO ProveerMedicina(IDPersona,IDInsumo) VALUES (67,15);
INSERT INTO ProveerMedicina(IDPersona,IDInsumo) VALUES (29,93);
INSERT INTO ProveerMedicina(IDPersona,IDInsumo) VALUES (18,9);
INSERT INTO ProveerMedicina(IDPersona,IDInsumo) VALUES (51,23);
INSERT INTO ProveerMedicina(IDPersona,IDInsumo) VALUES (88,64);
INSERT INTO ProveerMedicina(IDPersona,IDInsumo) VALUES (1,55);
INSERT INTO ProveerMedicina(IDPersona,IDInsumo) VALUES (68,87);
INSERT INTO ProveerMedicina(IDPersona,IDInsumo) VALUES (19,25);
INSERT INTO ProveerMedicina(IDPersona,IDInsumo) VALUES (41,34);
INSERT INTO ProveerMedicina(IDPersona,IDInsumo) VALUES (16,60);
INSERT INTO ProveerMedicina(IDPersona,IDInsumo) VALUES (8,91);
INSERT INTO ProveerMedicina(IDPersona,IDInsumo) VALUES (29,42);
INSERT INTO ProveerMedicina(IDPersona,IDInsumo) VALUES (92,50);
INSERT INTO ProveerMedicina(IDPersona,IDInsumo) VALUES (7,48);
INSERT INTO ProveerMedicina(IDPersona,IDInsumo) VALUES (60,82);
INSERT INTO ProveerMedicina(IDPersona,IDInsumo) VALUES (84,48);
INSERT INTO ProveerMedicina(IDPersona,IDInsumo) VALUES (29,11);
INSERT INTO ProveerMedicina(IDPersona,IDInsumo) VALUES (35,68);
INSERT INTO ProveerMedicina(IDPersona,IDInsumo) VALUES (67,43);
INSERT INTO ProveerMedicina(IDPersona,IDInsumo) VALUES (24,90);
INSERT INTO ProveerMedicina(IDPersona,IDInsumo) VALUES (1,88);
INSERT INTO ProveerMedicina(IDPersona,IDInsumo) VALUES (47,75);
INSERT INTO ProveerMedicina(IDPersona,IDInsumo) VALUES (36,38);
INSERT INTO ProveerMedicina(IDPersona,IDInsumo) VALUES (12,74);
INSERT INTO ProveerMedicina(IDPersona,IDInsumo) VALUES (81,3);
INSERT INTO ProveerMedicina(IDPersona,IDInsumo) VALUES (61,47);
INSERT INTO ProveerMedicina(IDPersona,IDInsumo) VALUES (56,82);
INSERT INTO ProveerMedicina(IDPersona,IDInsumo) VALUES (86,70);
INSERT INTO ProveerMedicina(IDPersona,IDInsumo) VALUES (77,35);
INSERT INTO ProveerMedicina(IDPersona,IDInsumo) VALUES (86,37);
INSERT INTO ProveerMedicina(IDPersona,IDInsumo) VALUES (33,68);
INSERT INTO ProveerMedicina(IDPersona,IDInsumo) VALUES (69,67);
INSERT INTO ProveerMedicina(IDPersona,IDInsumo) VALUES (4,44);
INSERT INTO ProveerMedicina(IDPersona,IDInsumo) VALUES (33,95);
INSERT INTO ProveerMedicina(IDPersona,IDInsumo) VALUES (58,7);
INSERT INTO ProveerMedicina(IDPersona,IDInsumo) VALUES (67,13);
INSERT INTO ProveerMedicina(IDPersona,IDInsumo) VALUES (18,1);
INSERT INTO ProveerMedicina(IDPersona,IDInsumo) VALUES (38,57);
INSERT INTO ProveerMedicina(IDPersona,IDInsumo) VALUES (5,35);
INSERT INTO ProveerMedicina(IDPersona,IDInsumo) VALUES (33,36);
INSERT INTO ProveerMedicina(IDPersona,IDInsumo) VALUES (67,51);
INSERT INTO ProveerMedicina(IDPersona,IDInsumo) VALUES (63,32);
INSERT INTO ProveerMedicina(IDPersona,IDInsumo) VALUES (93,82);
INSERT INTO ProveerMedicina(IDPersona,IDInsumo) VALUES (14,52);

INSERT INTO DistribuirAlimento(IDBioma,IDInsumo) VALUES (2,63);
INSERT INTO DistribuirAlimento(IDBioma,IDInsumo) VALUES (3,27);
INSERT INTO DistribuirAlimento(IDBioma,IDInsumo) VALUES (3,25);
INSERT INTO DistribuirAlimento(IDBioma,IDInsumo) VALUES (8,47);
INSERT INTO DistribuirAlimento(IDBioma,IDInsumo) VALUES (3,45);
INSERT INTO DistribuirAlimento(IDBioma,IDInsumo) VALUES (8,71);
INSERT INTO DistribuirAlimento(IDBioma,IDInsumo) VALUES (8,89);
INSERT INTO DistribuirAlimento(IDBioma,IDInsumo) VALUES (3,25);
INSERT INTO DistribuirAlimento(IDBioma,IDInsumo) VALUES (5,61);
INSERT INTO DistribuirAlimento(IDBioma,IDInsumo) VALUES (3,30);
INSERT INTO DistribuirAlimento(IDBioma,IDInsumo) VALUES (2,28);
INSERT INTO DistribuirAlimento(IDBioma,IDInsumo) VALUES (8,70);
INSERT INTO DistribuirAlimento(IDBioma,IDInsumo) VALUES (6,32);
INSERT INTO DistribuirAlimento(IDBioma,IDInsumo) VALUES (3,91);
INSERT INTO DistribuirAlimento(IDBioma,IDInsumo) VALUES (7,58);
INSERT INTO DistribuirAlimento(IDBioma,IDInsumo) VALUES (7,57);
INSERT INTO DistribuirAlimento(IDBioma,IDInsumo) VALUES (6,98);
INSERT INTO DistribuirAlimento(IDBioma,IDInsumo) VALUES (5,22);
INSERT INTO DistribuirAlimento(IDBioma,IDInsumo) VALUES (2,12);
INSERT INTO DistribuirAlimento(IDBioma,IDInsumo) VALUES (7,6);
INSERT INTO DistribuirAlimento(IDBioma,IDInsumo) VALUES (8,56);
INSERT INTO DistribuirAlimento(IDBioma,IDInsumo) VALUES (7,40);
INSERT INTO DistribuirAlimento(IDBioma,IDInsumo) VALUES (8,2);
INSERT INTO DistribuirAlimento(IDBioma,IDInsumo) VALUES (5,57);
INSERT INTO DistribuirAlimento(IDBioma,IDInsumo) VALUES (7,87);
INSERT INTO DistribuirAlimento(IDBioma,IDInsumo) VALUES (1,61);
INSERT INTO DistribuirAlimento(IDBioma,IDInsumo) VALUES (2,17);
INSERT INTO DistribuirAlimento(IDBioma,IDInsumo) VALUES (3,49);
INSERT INTO DistribuirAlimento(IDBioma,IDInsumo) VALUES (5,47);
INSERT INTO DistribuirAlimento(IDBioma,IDInsumo) VALUES (8,15);
INSERT INTO DistribuirAlimento(IDBioma,IDInsumo) VALUES (7,60);
INSERT INTO DistribuirAlimento(IDBioma,IDInsumo) VALUES (8,14);
INSERT INTO DistribuirAlimento(IDBioma,IDInsumo) VALUES (2,37);
INSERT INTO DistribuirAlimento(IDBioma,IDInsumo) VALUES (7,73);
INSERT INTO DistribuirAlimento(IDBioma,IDInsumo) VALUES (6,45);
INSERT INTO DistribuirAlimento(IDBioma,IDInsumo) VALUES (2,1);
INSERT INTO DistribuirAlimento(IDBioma,IDInsumo) VALUES (4,51);
INSERT INTO DistribuirAlimento(IDBioma,IDInsumo) VALUES (1,79);
INSERT INTO DistribuirAlimento(IDBioma,IDInsumo) VALUES (7,9);
INSERT INTO DistribuirAlimento(IDBioma,IDInsumo) VALUES (2,50);
INSERT INTO DistribuirAlimento(IDBioma,IDInsumo) VALUES (2,26);
INSERT INTO DistribuirAlimento(IDBioma,IDInsumo) VALUES (1,84);
INSERT INTO DistribuirAlimento(IDBioma,IDInsumo) VALUES (2,15);
INSERT INTO DistribuirAlimento(IDBioma,IDInsumo) VALUES (1,1);
INSERT INTO DistribuirAlimento(IDBioma,IDInsumo) VALUES (7,49);
INSERT INTO DistribuirAlimento(IDBioma,IDInsumo) VALUES (1,67);
INSERT INTO DistribuirAlimento(IDBioma,IDInsumo) VALUES (4,86);
INSERT INTO DistribuirAlimento(IDBioma,IDInsumo) VALUES (2,50);
INSERT INTO DistribuirAlimento(IDBioma,IDInsumo) VALUES (3,81);
INSERT INTO DistribuirAlimento(IDBioma,IDInsumo) VALUES (4,94);
INSERT INTO DistribuirAlimento(IDBioma,IDInsumo) VALUES (7,99);
INSERT INTO DistribuirAlimento(IDBioma,IDInsumo) VALUES (8,87);
INSERT INTO DistribuirAlimento(IDBioma,IDInsumo) VALUES (5,9);
INSERT INTO DistribuirAlimento(IDBioma,IDInsumo) VALUES (5,11);
INSERT INTO DistribuirAlimento(IDBioma,IDInsumo) VALUES (2,47);
INSERT INTO DistribuirAlimento(IDBioma,IDInsumo) VALUES (3,79);
INSERT INTO DistribuirAlimento(IDBioma,IDInsumo) VALUES (4,74);
INSERT INTO DistribuirAlimento(IDBioma,IDInsumo) VALUES (6,65);
INSERT INTO DistribuirAlimento(IDBioma,IDInsumo) VALUES (4,55);
INSERT INTO DistribuirAlimento(IDBioma,IDInsumo) VALUES (8,68);
INSERT INTO DistribuirAlimento(IDBioma,IDInsumo) VALUES (8,31);
INSERT INTO DistribuirAlimento(IDBioma,IDInsumo) VALUES (7,83);
INSERT INTO DistribuirAlimento(IDBioma,IDInsumo) VALUES (5,6);
INSERT INTO DistribuirAlimento(IDBioma,IDInsumo) VALUES (5,67);
INSERT INTO DistribuirAlimento(IDBioma,IDInsumo) VALUES (4,61);
INSERT INTO DistribuirAlimento(IDBioma,IDInsumo) VALUES (5,32);
INSERT INTO DistribuirAlimento(IDBioma,IDInsumo) VALUES (4,47);
INSERT INTO DistribuirAlimento(IDBioma,IDInsumo) VALUES (5,79);
INSERT INTO DistribuirAlimento(IDBioma,IDInsumo) VALUES (2,69);
INSERT INTO DistribuirAlimento(IDBioma,IDInsumo) VALUES (5,68);
INSERT INTO DistribuirAlimento(IDBioma,IDInsumo) VALUES (8,5);
INSERT INTO DistribuirAlimento(IDBioma,IDInsumo) VALUES (5,34);
INSERT INTO DistribuirAlimento(IDBioma,IDInsumo) VALUES (2,5);
INSERT INTO DistribuirAlimento(IDBioma,IDInsumo) VALUES (1,85);
INSERT INTO DistribuirAlimento(IDBioma,IDInsumo) VALUES (3,11);
INSERT INTO DistribuirAlimento(IDBioma,IDInsumo) VALUES (7,93);
INSERT INTO DistribuirAlimento(IDBioma,IDInsumo) VALUES (6,2);
INSERT INTO DistribuirAlimento(IDBioma,IDInsumo) VALUES (6,27);
INSERT INTO DistribuirAlimento(IDBioma,IDInsumo) VALUES (2,99);
INSERT INTO DistribuirAlimento(IDBioma,IDInsumo) VALUES (5,1);
INSERT INTO DistribuirAlimento(IDBioma,IDInsumo) VALUES (6,57);
INSERT INTO DistribuirAlimento(IDBioma,IDInsumo) VALUES (8,61);
INSERT INTO DistribuirAlimento(IDBioma,IDInsumo) VALUES (6,81);
INSERT INTO DistribuirAlimento(IDBioma,IDInsumo) VALUES (2,83);
INSERT INTO DistribuirAlimento(IDBioma,IDInsumo) VALUES (6,96);
INSERT INTO DistribuirAlimento(IDBioma,IDInsumo) VALUES (6,75);
INSERT INTO DistribuirAlimento(IDBioma,IDInsumo) VALUES (5,53);
INSERT INTO DistribuirAlimento(IDBioma,IDInsumo) VALUES (5,96);
INSERT INTO DistribuirAlimento(IDBioma,IDInsumo) VALUES (4,35);
INSERT INTO DistribuirAlimento(IDBioma,IDInsumo) VALUES (8,100);
INSERT INTO DistribuirAlimento(IDBioma,IDInsumo) VALUES (8,4);
INSERT INTO DistribuirAlimento(IDBioma,IDInsumo) VALUES (8,67);
INSERT INTO DistribuirAlimento(IDBioma,IDInsumo) VALUES (7,83);
INSERT INTO DistribuirAlimento(IDBioma,IDInsumo) VALUES (6,26);
INSERT INTO DistribuirAlimento(IDBioma,IDInsumo) VALUES (3,10);
INSERT INTO DistribuirAlimento(IDBioma,IDInsumo) VALUES (8,22);
INSERT INTO DistribuirAlimento(IDBioma,IDInsumo) VALUES (4,41);
INSERT INTO DistribuirAlimento(IDBioma,IDInsumo) VALUES (7,62);
INSERT INTO DistribuirAlimento(IDBioma,IDInsumo) VALUES (7,10);
INSERT INTO DistribuirAlimento(IDBioma,IDInsumo) VALUES (3,74);

INSERT INTO DistribuirMedicina(IDBioma,IDInsumo) VALUES (6,33);
INSERT INTO DistribuirMedicina(IDBioma,IDInsumo) VALUES (5,6);
INSERT INTO DistribuirMedicina(IDBioma,IDInsumo) VALUES (7,77);
INSERT INTO DistribuirMedicina(IDBioma,IDInsumo) VALUES (5,73);
INSERT INTO DistribuirMedicina(IDBioma,IDInsumo) VALUES (5,86);
INSERT INTO DistribuirMedicina(IDBioma,IDInsumo) VALUES (4,14);
INSERT INTO DistribuirMedicina(IDBioma,IDInsumo) VALUES (6,22);
INSERT INTO DistribuirMedicina(IDBioma,IDInsumo) VALUES (6,3);
INSERT INTO DistribuirMedicina(IDBioma,IDInsumo) VALUES (1,5);
INSERT INTO DistribuirMedicina(IDBioma,IDInsumo) VALUES (5,91);
INSERT INTO DistribuirMedicina(IDBioma,IDInsumo) VALUES (7,4);
INSERT INTO DistribuirMedicina(IDBioma,IDInsumo) VALUES (4,92);
INSERT INTO DistribuirMedicina(IDBioma,IDInsumo) VALUES (1,42);
INSERT INTO DistribuirMedicina(IDBioma,IDInsumo) VALUES (3,63);
INSERT INTO DistribuirMedicina(IDBioma,IDInsumo) VALUES (4,23);
INSERT INTO DistribuirMedicina(IDBioma,IDInsumo) VALUES (2,74);
INSERT INTO DistribuirMedicina(IDBioma,IDInsumo) VALUES (5,15);
INSERT INTO DistribuirMedicina(IDBioma,IDInsumo) VALUES (4,3);
INSERT INTO DistribuirMedicina(IDBioma,IDInsumo) VALUES (6,96);
INSERT INTO DistribuirMedicina(IDBioma,IDInsumo) VALUES (4,39);
INSERT INTO DistribuirMedicina(IDBioma,IDInsumo) VALUES (3,29);
INSERT INTO DistribuirMedicina(IDBioma,IDInsumo) VALUES (3,81);
INSERT INTO DistribuirMedicina(IDBioma,IDInsumo) VALUES (3,28);
INSERT INTO DistribuirMedicina(IDBioma,IDInsumo) VALUES (6,17);
INSERT INTO DistribuirMedicina(IDBioma,IDInsumo) VALUES (3,95);
INSERT INTO DistribuirMedicina(IDBioma,IDInsumo) VALUES (5,27);
INSERT INTO DistribuirMedicina(IDBioma,IDInsumo) VALUES (1,68);
INSERT INTO DistribuirMedicina(IDBioma,IDInsumo) VALUES (8,20);
INSERT INTO DistribuirMedicina(IDBioma,IDInsumo) VALUES (2,62);
INSERT INTO DistribuirMedicina(IDBioma,IDInsumo) VALUES (7,63);
INSERT INTO DistribuirMedicina(IDBioma,IDInsumo) VALUES (1,35);
INSERT INTO DistribuirMedicina(IDBioma,IDInsumo) VALUES (1,29);
INSERT INTO DistribuirMedicina(IDBioma,IDInsumo) VALUES (7,29);
INSERT INTO DistribuirMedicina(IDBioma,IDInsumo) VALUES (3,58);
INSERT INTO DistribuirMedicina(IDBioma,IDInsumo) VALUES (4,27);
INSERT INTO DistribuirMedicina(IDBioma,IDInsumo) VALUES (2,45);
INSERT INTO DistribuirMedicina(IDBioma,IDInsumo) VALUES (3,60);
INSERT INTO DistribuirMedicina(IDBioma,IDInsumo) VALUES (4,54);
INSERT INTO DistribuirMedicina(IDBioma,IDInsumo) VALUES (6,38);
INSERT INTO DistribuirMedicina(IDBioma,IDInsumo) VALUES (5,33);
INSERT INTO DistribuirMedicina(IDBioma,IDInsumo) VALUES (5,75);
INSERT INTO DistribuirMedicina(IDBioma,IDInsumo) VALUES (8,11);
INSERT INTO DistribuirMedicina(IDBioma,IDInsumo) VALUES (2,22);
INSERT INTO DistribuirMedicina(IDBioma,IDInsumo) VALUES (2,52);
INSERT INTO DistribuirMedicina(IDBioma,IDInsumo) VALUES (7,91);
INSERT INTO DistribuirMedicina(IDBioma,IDInsumo) VALUES (2,66);
INSERT INTO DistribuirMedicina(IDBioma,IDInsumo) VALUES (3,77);
INSERT INTO DistribuirMedicina(IDBioma,IDInsumo) VALUES (7,45);
INSERT INTO DistribuirMedicina(IDBioma,IDInsumo) VALUES (1,4);
INSERT INTO DistribuirMedicina(IDBioma,IDInsumo) VALUES (2,98);
INSERT INTO DistribuirMedicina(IDBioma,IDInsumo) VALUES (4,46);
INSERT INTO DistribuirMedicina(IDBioma,IDInsumo) VALUES (7,25);
INSERT INTO DistribuirMedicina(IDBioma,IDInsumo) VALUES (2,81);
INSERT INTO DistribuirMedicina(IDBioma,IDInsumo) VALUES (2,25);
INSERT INTO DistribuirMedicina(IDBioma,IDInsumo) VALUES (2,43);
INSERT INTO DistribuirMedicina(IDBioma,IDInsumo) VALUES (3,75);
INSERT INTO DistribuirMedicina(IDBioma,IDInsumo) VALUES (6,34);
INSERT INTO DistribuirMedicina(IDBioma,IDInsumo) VALUES (4,48);
INSERT INTO DistribuirMedicina(IDBioma,IDInsumo) VALUES (8,81);
INSERT INTO DistribuirMedicina(IDBioma,IDInsumo) VALUES (6,97);
INSERT INTO DistribuirMedicina(IDBioma,IDInsumo) VALUES (2,65);
INSERT INTO DistribuirMedicina(IDBioma,IDInsumo) VALUES (7,30);
INSERT INTO DistribuirMedicina(IDBioma,IDInsumo) VALUES (6,6);
INSERT INTO DistribuirMedicina(IDBioma,IDInsumo) VALUES (5,90);
INSERT INTO DistribuirMedicina(IDBioma,IDInsumo) VALUES (3,63);
INSERT INTO DistribuirMedicina(IDBioma,IDInsumo) VALUES (4,84);
INSERT INTO DistribuirMedicina(IDBioma,IDInsumo) VALUES (7,74);
INSERT INTO DistribuirMedicina(IDBioma,IDInsumo) VALUES (8,53);
INSERT INTO DistribuirMedicina(IDBioma,IDInsumo) VALUES (6,56);
INSERT INTO DistribuirMedicina(IDBioma,IDInsumo) VALUES (5,13);
INSERT INTO DistribuirMedicina(IDBioma,IDInsumo) VALUES (4,46);
INSERT INTO DistribuirMedicina(IDBioma,IDInsumo) VALUES (6,27);
INSERT INTO DistribuirMedicina(IDBioma,IDInsumo) VALUES (8,95);
INSERT INTO DistribuirMedicina(IDBioma,IDInsumo) VALUES (1,26);
INSERT INTO DistribuirMedicina(IDBioma,IDInsumo) VALUES (2,96);
INSERT INTO DistribuirMedicina(IDBioma,IDInsumo) VALUES (7,96);
INSERT INTO DistribuirMedicina(IDBioma,IDInsumo) VALUES (8,53);
INSERT INTO DistribuirMedicina(IDBioma,IDInsumo) VALUES (6,78);
INSERT INTO DistribuirMedicina(IDBioma,IDInsumo) VALUES (6,4);
INSERT INTO DistribuirMedicina(IDBioma,IDInsumo) VALUES (3,100);
INSERT INTO DistribuirMedicina(IDBioma,IDInsumo) VALUES (5,43);
INSERT INTO DistribuirMedicina(IDBioma,IDInsumo) VALUES (6,33);
INSERT INTO DistribuirMedicina(IDBioma,IDInsumo) VALUES (5,29);
INSERT INTO DistribuirMedicina(IDBioma,IDInsumo) VALUES (8,79);
INSERT INTO DistribuirMedicina(IDBioma,IDInsumo) VALUES (3,31);
INSERT INTO DistribuirMedicina(IDBioma,IDInsumo) VALUES (5,39);
INSERT INTO DistribuirMedicina(IDBioma,IDInsumo) VALUES (3,82);
INSERT INTO DistribuirMedicina(IDBioma,IDInsumo) VALUES (4,12);
INSERT INTO DistribuirMedicina(IDBioma,IDInsumo) VALUES (7,1);
INSERT INTO DistribuirMedicina(IDBioma,IDInsumo) VALUES (2,45);
INSERT INTO DistribuirMedicina(IDBioma,IDInsumo) VALUES (3,20);
INSERT INTO DistribuirMedicina(IDBioma,IDInsumo) VALUES (3,21);
INSERT INTO DistribuirMedicina(IDBioma,IDInsumo) VALUES (3,43);
INSERT INTO DistribuirMedicina(IDBioma,IDInsumo) VALUES (2,75);
INSERT INTO DistribuirMedicina(IDBioma,IDInsumo) VALUES (5,62);
INSERT INTO DistribuirMedicina(IDBioma,IDInsumo) VALUES (2,41);
INSERT INTO DistribuirMedicina(IDBioma,IDInsumo) VALUES (5,17);
INSERT INTO DistribuirMedicina(IDBioma,IDInsumo) VALUES (3,47);
INSERT INTO DistribuirMedicina(IDBioma,IDInsumo) VALUES (8,59);
INSERT INTO DistribuirMedicina(IDBioma,IDInsumo) VALUES (3,24);

INSERT INTO CorreoCuidador(IDPersona,Correo) VALUES (63,'knarramore0@reddit.com');
INSERT INTO CorreoCuidador(IDPersona,Correo) VALUES (18,'lmullane1@wunderground.com');
INSERT INTO CorreoCuidador(IDPersona,Correo) VALUES (41,'lmcgarel2@timesonline.co.uk');
INSERT INTO CorreoCuidador(IDPersona,Correo) VALUES (36,'btoolan3@ask.com');
INSERT INTO CorreoCuidador(IDPersona,Correo) VALUES (41,'rdonlon4@hibu.com');
INSERT INTO CorreoCuidador(IDPersona,Correo) VALUES (66,'dnovotna5@google.ca');
INSERT INTO CorreoCuidador(IDPersona,Correo) VALUES (58,'sdon6@cmu.edu');
INSERT INTO CorreoCuidador(IDPersona,Correo) VALUES (34,'etollet7@apache.org');
INSERT INTO CorreoCuidador(IDPersona,Correo) VALUES (42,'gkeemer8@google.com');
INSERT INTO CorreoCuidador(IDPersona,Correo) VALUES (90,'tvakhonin9@yale.edu');
INSERT INTO CorreoCuidador(IDPersona,Correo) VALUES (78,'efischera@mozilla.org');
INSERT INTO CorreoCuidador(IDPersona,Correo) VALUES (43,'bsummerillb@dailymail.co.uk');
INSERT INTO CorreoCuidador(IDPersona,Correo) VALUES (7,'nfarmeryc@fotki.com');
INSERT INTO CorreoCuidador(IDPersona,Correo) VALUES (72,'mhousbyd@china.com.cn');
INSERT INTO CorreoCuidador(IDPersona,Correo) VALUES (20,'pblackslande@virginia.edu');
INSERT INTO CorreoCuidador(IDPersona,Correo) VALUES (36,'lwarrenerf@quantcast.com');
INSERT INTO CorreoCuidador(IDPersona,Correo) VALUES (50,'broydeng@nationalgeographic.com');
INSERT INTO CorreoCuidador(IDPersona,Correo) VALUES (82,'ccorwoodh@bandcamp.com');
INSERT INTO CorreoCuidador(IDPersona,Correo) VALUES (55,'gkarlolczaki@ycombinator.com');
INSERT INTO CorreoCuidador(IDPersona,Correo) VALUES (26,'oepinoyj@linkedin.com');
INSERT INTO CorreoCuidador(IDPersona,Correo) VALUES (79,'caslettk@prnewswire.com');
INSERT INTO CorreoCuidador(IDPersona,Correo) VALUES (14,'ggourliel@amazon.co.jp');
INSERT INTO CorreoCuidador(IDPersona,Correo) VALUES (9,'fkillenm@yahoo.com');
INSERT INTO CorreoCuidador(IDPersona,Correo) VALUES (100,'pkinnearn@walmart.com');
INSERT INTO CorreoCuidador(IDPersona,Correo) VALUES (74,'rgrebnero@t.co');
INSERT INTO CorreoCuidador(IDPersona,Correo) VALUES (67,'ggiovannillip@tonline.de');
INSERT INTO CorreoCuidador(IDPersona,Correo) VALUES (57,'kcastelletq@topsy.com');
INSERT INTO CorreoCuidador(IDPersona,Correo) VALUES (73,'csellwoodr@reg.co.uk');
INSERT INTO CorreoCuidador(IDPersona,Correo) VALUES (57,'rtomensons@biglobe.ne.jp');
INSERT INTO CorreoCuidador(IDPersona,Correo) VALUES (54,'atrowelt@google.com');
INSERT INTO CorreoCuidador(IDPersona,Correo) VALUES (77,'bgarriqueu@npr.org');
INSERT INTO CorreoCuidador(IDPersona,Correo) VALUES (3,'ikedwardv@bloglovin.com');
INSERT INTO CorreoCuidador(IDPersona,Correo) VALUES (89,'llamckenw@globo.com');
INSERT INTO CorreoCuidador(IDPersona,Correo) VALUES (19,'sdurtnellx@ox.ac.uk');
INSERT INTO CorreoCuidador(IDPersona,Correo) VALUES (27,'dkinchy@istockphoto.com');
INSERT INTO CorreoCuidador(IDPersona,Correo) VALUES (83,'eparsissonz@amazonaws.com');
INSERT INTO CorreoCuidador(IDPersona,Correo) VALUES (92,'jnalder10@opensource.org');
INSERT INTO CorreoCuidador(IDPersona,Correo) VALUES (70,'llhommeau11@ycombinator.com');
INSERT INTO CorreoCuidador(IDPersona,Correo) VALUES (8,'sallaker12@etsy.com');
INSERT INTO CorreoCuidador(IDPersona,Correo) VALUES (44,'dsells13@naver.com');
INSERT INTO CorreoCuidador(IDPersona,Correo) VALUES (61,'fhun14@linkedin.com');
INSERT INTO CorreoCuidador(IDPersona,Correo) VALUES (79,'jauletta15@yandex.ru');
INSERT INTO CorreoCuidador(IDPersona,Correo) VALUES (11,'pjenk16@desdev.cn');
INSERT INTO CorreoCuidador(IDPersona,Correo) VALUES (69,'dsiggins17@yahoo.com');
INSERT INTO CorreoCuidador(IDPersona,Correo) VALUES (56,'ihassen18@dell.com');
INSERT INTO CorreoCuidador(IDPersona,Correo) VALUES (88,'hcullivan19@gmpg.org');
INSERT INTO CorreoCuidador(IDPersona,Correo) VALUES (71,'cmacilriach1a@hao.com');
INSERT INTO CorreoCuidador(IDPersona,Correo) VALUES (24,'frudgley1b@linkedin.com');
INSERT INTO CorreoCuidador(IDPersona,Correo) VALUES (82,'jbullman1c@fastcompany.com');
INSERT INTO CorreoCuidador(IDPersona,Correo) VALUES (69,'cblais1d@jimdo.com');
INSERT INTO CorreoCuidador(IDPersona,Correo) VALUES (83,'nmckeowon1e@artisteer.com');
INSERT INTO CorreoCuidador(IDPersona,Correo) VALUES (15,'cgibbon1f@prlog.org');
INSERT INTO CorreoCuidador(IDPersona,Correo) VALUES (35,'estudart1g@economist.com');
INSERT INTO CorreoCuidador(IDPersona,Correo) VALUES (86,'oiacofo1h@eventbrite.com');
INSERT INTO CorreoCuidador(IDPersona,Correo) VALUES (78,'rbignell1i@photobucket.com');
INSERT INTO CorreoCuidador(IDPersona,Correo) VALUES (92,'reveritt1j@mac.com');
INSERT INTO CorreoCuidador(IDPersona,Correo) VALUES (89,'uhurley1k@google.ru');
INSERT INTO CorreoCuidador(IDPersona,Correo) VALUES (73,'mcatcheside1l@patch.com');
INSERT INTO CorreoCuidador(IDPersona,Correo) VALUES (6,'bmorsley1m@soup.io');
INSERT INTO CorreoCuidador(IDPersona,Correo) VALUES (50,'kashlee1n@amazon.co.jp');
INSERT INTO CorreoCuidador(IDPersona,Correo) VALUES (1,'ecarlesi1o@ucoz.ru');
INSERT INTO CorreoCuidador(IDPersona,Correo) VALUES (14,'choltaway1p@latimes.com');
INSERT INTO CorreoCuidador(IDPersona,Correo) VALUES (8,'ehaistwell1q@sun.com');
INSERT INTO CorreoCuidador(IDPersona,Correo) VALUES (83,'vtulloch1r@about.com');
INSERT INTO CorreoCuidador(IDPersona,Correo) VALUES (48,'dkimmings1s@cdbaby.com');
INSERT INTO CorreoCuidador(IDPersona,Correo) VALUES (25,'cameerbeg1t@de.vu');
INSERT INTO CorreoCuidador(IDPersona,Correo) VALUES (79,'hsyalvester1u@mlb.com');
INSERT INTO CorreoCuidador(IDPersona,Correo) VALUES (20,'gmcguiness1v@admin.ch');
INSERT INTO CorreoCuidador(IDPersona,Correo) VALUES (76,'salexander1w@mtv.com');
INSERT INTO CorreoCuidador(IDPersona,Correo) VALUES (21,'bborghese1x@topsy.com');
INSERT INTO CorreoCuidador(IDPersona,Correo) VALUES (53,'rwareing1y@deliciousdays.com');
INSERT INTO CorreoCuidador(IDPersona,Correo) VALUES (48,'bvesty1z@freewebs.com');
INSERT INTO CorreoCuidador(IDPersona,Correo) VALUES (41,'sgibbings20@narod.ru');
INSERT INTO CorreoCuidador(IDPersona,Correo) VALUES (40,'jpyecroft21@topsy.com');
INSERT INTO CorreoCuidador(IDPersona,Correo) VALUES (4,'bcayser22@mashable.com');
INSERT INTO CorreoCuidador(IDPersona,Correo) VALUES (88,'lcawthra23@weebly.com');
INSERT INTO CorreoCuidador(IDPersona,Correo) VALUES (61,'estrickland24@phpbb.com');
INSERT INTO CorreoCuidador(IDPersona,Correo) VALUES (22,'mnore25@wordpress.com');
INSERT INTO CorreoCuidador(IDPersona,Correo) VALUES (38,'mvinnick26@jalbum.net');
INSERT INTO CorreoCuidador(IDPersona,Correo) VALUES (76,'aflamank27@desdev.cn');
INSERT INTO CorreoCuidador(IDPersona,Correo) VALUES (86,'bbakhrushkin28@twitpic.com');
INSERT INTO CorreoCuidador(IDPersona,Correo) VALUES (52,'ctytherton29@gnu.org');
INSERT INTO CorreoCuidador(IDPersona,Correo) VALUES (85,'carmand2a@webs.com');
INSERT INTO CorreoCuidador(IDPersona,Correo) VALUES (95,'feberts2b@sohu.com');
INSERT INTO CorreoCuidador(IDPersona,Correo) VALUES (84,'opridden2c@networkadvertising.org');
INSERT INTO CorreoCuidador(IDPersona,Correo) VALUES (43,'lmarl2d@hud.gov');
INSERT INTO CorreoCuidador(IDPersona,Correo) VALUES (3,'aferrarello2e@java.com');
INSERT INTO CorreoCuidador(IDPersona,Correo) VALUES (53,'bpitkeathly2f@cloudflare.com');
INSERT INTO CorreoCuidador(IDPersona,Correo) VALUES (12,'vsoutter2g@discovery.com');
INSERT INTO CorreoCuidador(IDPersona,Correo) VALUES (23,'afinneran2h@mozilla.com');
INSERT INTO CorreoCuidador(IDPersona,Correo) VALUES (87,'cconstant2i@seattletimes.com');
INSERT INTO CorreoCuidador(IDPersona,Correo) VALUES (59,'alind2j@netscape.com');
INSERT INTO CorreoCuidador(IDPersona,Correo) VALUES (45,'evoisey2k@washington.edu');
INSERT INTO CorreoCuidador(IDPersona,Correo) VALUES (76,'dpooley2l@huffingtonpost.com');
INSERT INTO CorreoCuidador(IDPersona,Correo) VALUES (2,'ifouch2m@geocities.jp');
INSERT INTO CorreoCuidador(IDPersona,Correo) VALUES (56,'acurwood2n@blinklist.com');
INSERT INTO CorreoCuidador(IDPersona,Correo) VALUES (93,'lrobathon2o@paypal.com');
INSERT INTO CorreoCuidador(IDPersona,Correo) VALUES (35,'jnettles2p@foxnews.com');
INSERT INTO CorreoCuidador(IDPersona,Correo) VALUES (93,'owratten2q@nature.com');
INSERT INTO CorreoCuidador(IDPersona,Correo) VALUES (39,'pklemt2r@merriamwebster.com');

INSERT INTO TelefonoCuidador(IDPersona,Telefono) VALUES (1,5590512381);
INSERT INTO TelefonoCuidador(IDPersona,Telefono) VALUES (80,5597735536);
INSERT INTO TelefonoCuidador(IDPersona,Telefono) VALUES (43,5525182954);
INSERT INTO TelefonoCuidador(IDPersona,Telefono) VALUES (79,5594559744);
INSERT INTO TelefonoCuidador(IDPersona,Telefono) VALUES (48,5551154674);
INSERT INTO TelefonoCuidador(IDPersona,Telefono) VALUES (71,5546775161);
INSERT INTO TelefonoCuidador(IDPersona,Telefono) VALUES (75,5526964761);
INSERT INTO TelefonoCuidador(IDPersona,Telefono) VALUES (36,5571350758);
INSERT INTO TelefonoCuidador(IDPersona,Telefono) VALUES (15,5538084394);
INSERT INTO TelefonoCuidador(IDPersona,Telefono) VALUES (78,5535351634);
INSERT INTO TelefonoCuidador(IDPersona,Telefono) VALUES (69,5579922582);
INSERT INTO TelefonoCuidador(IDPersona,Telefono) VALUES (5,5573170230);
INSERT INTO TelefonoCuidador(IDPersona,Telefono) VALUES (38,5597490179);
INSERT INTO TelefonoCuidador(IDPersona,Telefono) VALUES (97,5578822231);
INSERT INTO TelefonoCuidador(IDPersona,Telefono) VALUES (88,5515798614);
INSERT INTO TelefonoCuidador(IDPersona,Telefono) VALUES (35,5576356693);
INSERT INTO TelefonoCuidador(IDPersona,Telefono) VALUES (11,5540669412);
INSERT INTO TelefonoCuidador(IDPersona,Telefono) VALUES (23,5588716985);
INSERT INTO TelefonoCuidador(IDPersona,Telefono) VALUES (28,5555264682);
INSERT INTO TelefonoCuidador(IDPersona,Telefono) VALUES (90,5561256024);
INSERT INTO TelefonoCuidador(IDPersona,Telefono) VALUES (45,5555511055);
INSERT INTO TelefonoCuidador(IDPersona,Telefono) VALUES (21,5599077315);
INSERT INTO TelefonoCuidador(IDPersona,Telefono) VALUES (20,5590349647);
INSERT INTO TelefonoCuidador(IDPersona,Telefono) VALUES (29,5565942480);
INSERT INTO TelefonoCuidador(IDPersona,Telefono) VALUES (17,5573096934);
INSERT INTO TelefonoCuidador(IDPersona,Telefono) VALUES (88,5520911744);
INSERT INTO TelefonoCuidador(IDPersona,Telefono) VALUES (93,5535649964);
INSERT INTO TelefonoCuidador(IDPersona,Telefono) VALUES (75,5558631481);
INSERT INTO TelefonoCuidador(IDPersona,Telefono) VALUES (42,5541960204);
INSERT INTO TelefonoCuidador(IDPersona,Telefono) VALUES (44,5568189594);
INSERT INTO TelefonoCuidador(IDPersona,Telefono) VALUES (17,5521370075);
INSERT INTO TelefonoCuidador(IDPersona,Telefono) VALUES (62,5525175715);
INSERT INTO TelefonoCuidador(IDPersona,Telefono) VALUES (59,5559995950);
INSERT INTO TelefonoCuidador(IDPersona,Telefono) VALUES (2,5542499450);
INSERT INTO TelefonoCuidador(IDPersona,Telefono) VALUES (6,5599895828);
INSERT INTO TelefonoCuidador(IDPersona,Telefono) VALUES (38,5544218061);
INSERT INTO TelefonoCuidador(IDPersona,Telefono) VALUES (5,5546032207);
INSERT INTO TelefonoCuidador(IDPersona,Telefono) VALUES (71,5511480606);
INSERT INTO TelefonoCuidador(IDPersona,Telefono) VALUES (98,5571118909);
INSERT INTO TelefonoCuidador(IDPersona,Telefono) VALUES (100,5561356962);
INSERT INTO TelefonoCuidador(IDPersona,Telefono) VALUES (34,5549169223);
INSERT INTO TelefonoCuidador(IDPersona,Telefono) VALUES (19,5542436932);
INSERT INTO TelefonoCuidador(IDPersona,Telefono) VALUES (47,5515163678);
INSERT INTO TelefonoCuidador(IDPersona,Telefono) VALUES (49,5512489378);
INSERT INTO TelefonoCuidador(IDPersona,Telefono) VALUES (77,5527990373);
INSERT INTO TelefonoCuidador(IDPersona,Telefono) VALUES (27,5578617522);
INSERT INTO TelefonoCuidador(IDPersona,Telefono) VALUES (39,5587283939);
INSERT INTO TelefonoCuidador(IDPersona,Telefono) VALUES (13,5598578283);
INSERT INTO TelefonoCuidador(IDPersona,Telefono) VALUES (50,5516051659);
INSERT INTO TelefonoCuidador(IDPersona,Telefono) VALUES (76,5559188446);
INSERT INTO TelefonoCuidador(IDPersona,Telefono) VALUES (21,5514680901);
INSERT INTO TelefonoCuidador(IDPersona,Telefono) VALUES (28,5595145944);
INSERT INTO TelefonoCuidador(IDPersona,Telefono) VALUES (64,5530525165);
INSERT INTO TelefonoCuidador(IDPersona,Telefono) VALUES (29,5547125490);
INSERT INTO TelefonoCuidador(IDPersona,Telefono) VALUES (2,5559739946);
INSERT INTO TelefonoCuidador(IDPersona,Telefono) VALUES (7,5511638270);
INSERT INTO TelefonoCuidador(IDPersona,Telefono) VALUES (2,5552920260);
INSERT INTO TelefonoCuidador(IDPersona,Telefono) VALUES (22,5550279959);
INSERT INTO TelefonoCuidador(IDPersona,Telefono) VALUES (52,5516855865);
INSERT INTO TelefonoCuidador(IDPersona,Telefono) VALUES (79,5551871855);
INSERT INTO TelefonoCuidador(IDPersona,Telefono) VALUES (36,5565840068);
INSERT INTO TelefonoCuidador(IDPersona,Telefono) VALUES (67,5511534645);
INSERT INTO TelefonoCuidador(IDPersona,Telefono) VALUES (95,5511416379);
INSERT INTO TelefonoCuidador(IDPersona,Telefono) VALUES (31,5589197275);
INSERT INTO TelefonoCuidador(IDPersona,Telefono) VALUES (57,5559964555);
INSERT INTO TelefonoCuidador(IDPersona,Telefono) VALUES (37,5566527754);
INSERT INTO TelefonoCuidador(IDPersona,Telefono) VALUES (52,5524643618);
INSERT INTO TelefonoCuidador(IDPersona,Telefono) VALUES (83,5598587666);
INSERT INTO TelefonoCuidador(IDPersona,Telefono) VALUES (21,5516214260);
INSERT INTO TelefonoCuidador(IDPersona,Telefono) VALUES (57,5546819962);
INSERT INTO TelefonoCuidador(IDPersona,Telefono) VALUES (62,5513949120);
INSERT INTO TelefonoCuidador(IDPersona,Telefono) VALUES (6,5565070547);
INSERT INTO TelefonoCuidador(IDPersona,Telefono) VALUES (87,5545889952);
INSERT INTO TelefonoCuidador(IDPersona,Telefono) VALUES (61,5528961904);
INSERT INTO TelefonoCuidador(IDPersona,Telefono) VALUES (53,5519854925);
INSERT INTO TelefonoCuidador(IDPersona,Telefono) VALUES (50,5554858051);
INSERT INTO TelefonoCuidador(IDPersona,Telefono) VALUES (35,5557470198);
INSERT INTO TelefonoCuidador(IDPersona,Telefono) VALUES (73,5537821455);
INSERT INTO TelefonoCuidador(IDPersona,Telefono) VALUES (69,5582373264);
INSERT INTO TelefonoCuidador(IDPersona,Telefono) VALUES (46,5556856476);
INSERT INTO TelefonoCuidador(IDPersona,Telefono) VALUES (44,5571580788);
INSERT INTO TelefonoCuidador(IDPersona,Telefono) VALUES (12,5517766922);
INSERT INTO TelefonoCuidador(IDPersona,Telefono) VALUES (75,5562776833);
INSERT INTO TelefonoCuidador(IDPersona,Telefono) VALUES (95,5529729980);
INSERT INTO TelefonoCuidador(IDPersona,Telefono) VALUES (91,5527623988);
INSERT INTO TelefonoCuidador(IDPersona,Telefono) VALUES (31,5517868353);
INSERT INTO TelefonoCuidador(IDPersona,Telefono) VALUES (63,5588716575);
INSERT INTO TelefonoCuidador(IDPersona,Telefono) VALUES (99,5598319157);
INSERT INTO TelefonoCuidador(IDPersona,Telefono) VALUES (14,5511155769);
INSERT INTO TelefonoCuidador(IDPersona,Telefono) VALUES (43,5566750447);
INSERT INTO TelefonoCuidador(IDPersona,Telefono) VALUES (48,5593638903);
INSERT INTO TelefonoCuidador(IDPersona,Telefono) VALUES (24,5530819851);
INSERT INTO TelefonoCuidador(IDPersona,Telefono) VALUES (33,5552941382);
INSERT INTO TelefonoCuidador(IDPersona,Telefono) VALUES (77,5537883725);
INSERT INTO TelefonoCuidador(IDPersona,Telefono) VALUES (96,5598979756);
INSERT INTO TelefonoCuidador(IDPersona,Telefono) VALUES (96,5569846001);
INSERT INTO TelefonoCuidador(IDPersona,Telefono) VALUES (4,5594317033);
INSERT INTO TelefonoCuidador(IDPersona,Telefono) VALUES (89,5580277499);
INSERT INTO TelefonoCuidador(IDPersona,Telefono) VALUES (32,5552039666);
INSERT INTO TelefonoCuidador(IDPersona,Telefono) VALUES (45,5598073684);


INSERT INTO Veterinario(IDPersona,Nombre,ApellidoPaterno,ApellidoMaterno,Nacimiento,RFC,Genero,InicioContrato,FinContrato,NumInt,NumExt,Calle,Colonia,CodigoPostal,Estado,Salario,DiasLabor,Horario) VALUES (1,'BELLA','CHENA','BALBAS','1970-08-07','CBB700807','M','2003-06-06','2026-10-04',142,101,'Fray Juan de Zumarraga','Benito Juárez',15727,'Tlaxcala',17365,5,'7:27 AM');
INSERT INTO Veterinario(IDPersona,Nombre,ApellidoPaterno,ApellidoMaterno,Nacimiento,RFC,Genero,InicioContrato,FinContrato,NumInt,NumExt,Calle,Colonia,CodigoPostal,Estado,Salario,DiasLabor,Horario) VALUES (2,'ABRAHAN','CERPA','DE GYVES','1973-10-07','CDA731007','M','2000-03-18','2045-04-27',147,196,'Lago Alberto','Gustavo A. Madero',11124,'Campeche',17319,5,'9:27 AM');
INSERT INTO Veterinario(IDPersona,Nombre,ApellidoPaterno,ApellidoMaterno,Nacimiento,RFC,Genero,InicioContrato,FinContrato,NumInt,NumExt,Calle,Colonia,CodigoPostal,Estado,Salario,DiasLabor,Horario) VALUES (3,'JUSETH','CUAPANTECA','MAXIMO','1966-06-05','CMJ660605','F','2008-12-18','2036-05-07',137,136,'Alfonso Reyes','Iztapalapa',11320,'Oaxaca',17449,5,'9:45 PM');
INSERT INTO Veterinario(IDPersona,Nombre,ApellidoPaterno,ApellidoMaterno,Nacimiento,RFC,Genero,InicioContrato,FinContrato,NumInt,NumExt,Calle,Colonia,CodigoPostal,Estado,Salario,DiasLabor,Horario) VALUES (4,'ERANDI','LILLO','LONA','1976-05-24','LLE760524','F','2006-11-01','2048-02-18',121,173,'Calzada del Hueso','Gustavo A. Madero',15040,'Sinaloa',15767,5,'9:31 PM');
INSERT INTO Veterinario(IDPersona,Nombre,ApellidoPaterno,ApellidoMaterno,Nacimiento,RFC,Genero,InicioContrato,FinContrato,NumInt,NumExt,Calle,Colonia,CodigoPostal,Estado,Salario,DiasLabor,Horario) VALUES (5,'LUCIO','ASTORGA','VERDI','1984-07-06','AVL840706','M','2001-05-17','2039-05-06',132,112,'Av. de los Insurgentes Centro','Benito Juárez',15126,'Queretaro',17161,5,'5:23 PM');
INSERT INTO Veterinario(IDPersona,Nombre,ApellidoPaterno,ApellidoMaterno,Nacimiento,RFC,Genero,InicioContrato,FinContrato,NumInt,NumExt,Calle,Colonia,CodigoPostal,Estado,Salario,DiasLabor,Horario) VALUES (6,'NARCISO','TECUANHUEY','XOCHIPILTECATL','1987-11-05','TXN871105','M','2007-02-14','2044-02-23',133,199,'Carretera al Olivo','Tlalpan',14042,'Oaxaca',17878,5,'3:09 PM');
INSERT INTO Veterinario(IDPersona,Nombre,ApellidoPaterno,ApellidoMaterno,Nacimiento,RFC,Genero,InicioContrato,FinContrato,NumInt,NumExt,Calle,Colonia,CodigoPostal,Estado,Salario,DiasLabor,Horario) VALUES (7,'MERITH','SOLORZA','ESMERALDA','1976-07-24','SEM760724','F','2003-10-09','2041-07-18',135,152,'Eje 8 Sur Calzada Ermita Iztapalapa','Iztapalapa',14255,'Jalisco',19641,5,'11:29 AM');
INSERT INTO Veterinario(IDPersona,Nombre,ApellidoPaterno,ApellidoMaterno,Nacimiento,RFC,Genero,InicioContrato,FinContrato,NumInt,NumExt,Calle,Colonia,CodigoPostal,Estado,Salario,DiasLabor,Horario) VALUES (8,'JEREMY','RIEKE','BALDOVINOS','1988-03-18','RBJ880318','F','2001-06-02','2025-07-22',140,197,'Eje 4 Oriente Rio Churubusco','Álvaro Obregón',14469,'Baja California',15401,6,'11:28 PM');
INSERT INTO Veterinario(IDPersona,Nombre,ApellidoPaterno,ApellidoMaterno,Nacimiento,RFC,Genero,InicioContrato,FinContrato,NumInt,NumExt,Calle,Colonia,CodigoPostal,Estado,Salario,DiasLabor,Horario) VALUES (9,'KAYRA','CHIHUAHUA','VERASTEGUI','1981-04-02','CVK810402','M','2001-09-24','2028-12-09',107,126,'Eje 3 Poniente Av. Colonia del Valle','Gustavo A. Madero',12222,'Colima',18360,5,'4:53 PM');
INSERT INTO Veterinario(IDPersona,Nombre,ApellidoPaterno,ApellidoMaterno,Nacimiento,RFC,Genero,InicioContrato,FinContrato,NumInt,NumExt,Calle,Colonia,CodigoPostal,Estado,Salario,DiasLabor,Horario) VALUES (10,'PHILIPP','NUÑEZ','TERRIQUEZ','1982-07-15','NTP820715','F','2004-12-21','2031-07-29',116,148,'Eje 2 Oriente Av. H. Congreso de la Union','Álvaro Obregón',10787,'Baja California',19392,5,'8:14 PM');
INSERT INTO Veterinario(IDPersona,Nombre,ApellidoPaterno,ApellidoMaterno,Nacimiento,RFC,Genero,InicioContrato,FinContrato,NumInt,NumExt,Calle,Colonia,CodigoPostal,Estado,Salario,DiasLabor,Horario) VALUES (11,'NATHALY','PURATA','URQUIN','1974-09-14','PUN740914','F','2007-07-01','2050-12-18',150,187,'Circuito Interior Rio Consulado','Álvaro Obregón',14850,'Michoacan',16473,5,'10:54 AM');
INSERT INTO Veterinario(IDPersona,Nombre,ApellidoPaterno,ApellidoMaterno,Nacimiento,RFC,Genero,InicioContrato,FinContrato,NumInt,NumExt,Calle,Colonia,CodigoPostal,Estado,Salario,DiasLabor,Horario) VALUES (12,'YAZARETH','NITO','VIGUERIAS','1983-02-01','NVY830201','F','2007-02-05','2024-06-25',113,115,'Eje 1 Oriente Calzada de la Viga','Coyoacán',13810,'Guanajuato',18299,6,'6:26 AM');
INSERT INTO Veterinario(IDPersona,Nombre,ApellidoPaterno,ApellidoMaterno,Nacimiento,RFC,Genero,InicioContrato,FinContrato,NumInt,NumExt,Calle,Colonia,CodigoPostal,Estado,Salario,DiasLabor,Horario) VALUES (13,'ITZELL','BELMONTES','MUZA','1966-01-10','BMI660110','F','2005-03-01','2053-05-16',122,152,'Eje 7 Sur Extremadura','Iztapalapa',10532,'Queretaro',15995,6,'8:55 AM');
INSERT INTO Veterinario(IDPersona,Nombre,ApellidoPaterno,ApellidoMaterno,Nacimiento,RFC,Genero,InicioContrato,FinContrato,NumInt,NumExt,Calle,Colonia,CodigoPostal,Estado,Salario,DiasLabor,Horario) VALUES (14,'NESIS','PANALES','REVILLA','1975-04-28','PRN750428','M','2001-12-23','2021-04-22',141,126,'Av. de los Insurgentes Norte','Tlalpan',15599,'Colima',16172,6,'8:17 PM');
INSERT INTO Veterinario(IDPersona,Nombre,ApellidoPaterno,ApellidoMaterno,Nacimiento,RFC,Genero,InicioContrato,FinContrato,NumInt,NumExt,Calle,Colonia,CodigoPostal,Estado,Salario,DiasLabor,Horario) VALUES (15,'DYANNA','MANCILLA','RONZON','1976-01-30','MRD760130','F','2009-11-01','2036-06-30',145,164,'Anillo Periferico Rio Churubusco','Azcapotzalco',13911,'Michoacan',19879,6,'9:38 AM');
INSERT INTO Veterinario(IDPersona,Nombre,ApellidoPaterno,ApellidoMaterno,Nacimiento,RFC,Genero,InicioContrato,FinContrato,NumInt,NumExt,Calle,Colonia,CodigoPostal,Estado,Salario,DiasLabor,Horario) VALUES (16,'MIZAEL','TECUATL','SUMARRAGA','1981-11-14','TSM811114','F','2010-01-12','2052-05-02',124,119,'Eje 1A Sur Topacio','Cuajimalpa de Morelos',12786,'Sonora',16044,6,'12:35 PM');
INSERT INTO Veterinario(IDPersona,Nombre,ApellidoPaterno,ApellidoMaterno,Nacimiento,RFC,Genero,InicioContrato,FinContrato,NumInt,NumExt,Calle,Colonia,CodigoPostal,Estado,Salario,DiasLabor,Horario) VALUES (17,'LOIS','CIENFUEGOS','CRESCENCIO','1982-04-08','CCL820408','M','2008-10-24','2033-04-15',103,124,'Eje 3 Poniente Av. Colonia del Valle','Azcapotzalco',14570,'Durango',19644,6,'10:59 PM');
INSERT INTO Veterinario(IDPersona,Nombre,ApellidoPaterno,ApellidoMaterno,Nacimiento,RFC,Genero,InicioContrato,FinContrato,NumInt,NumExt,Calle,Colonia,CodigoPostal,Estado,Salario,DiasLabor,Horario) VALUES (18,'ZOILA','SCHEZ','HARO','1989-11-07','SHZ891107','F','2006-04-04','2033-07-17',104,179,'Prolongacion Bosques de la Reforma','Venustiano Carranza',11026,'Guanajuato',15279,5,'5:00 PM');
INSERT INTO Veterinario(IDPersona,Nombre,ApellidoPaterno,ApellidoMaterno,Nacimiento,RFC,Genero,InicioContrato,FinContrato,NumInt,NumExt,Calle,Colonia,CodigoPostal,Estado,Salario,DiasLabor,Horario) VALUES (19,'MCKENZIE','HUERTAS','MONTANTES','1970-03-30','HMM700330','M','2002-01-28','2055-08-05',118,158,'Eje 6 Norte Oriente 157','Azcapotzalco',13493,'Ciudad de Mexico',17767,5,'7:25 AM');
INSERT INTO Veterinario(IDPersona,Nombre,ApellidoPaterno,ApellidoMaterno,Nacimiento,RFC,Genero,InicioContrato,FinContrato,NumInt,NumExt,Calle,Colonia,CodigoPostal,Estado,Salario,DiasLabor,Horario) VALUES (20,'MARYEL','NACUD','CAMACHO','1981-11-15','NCM811115','M','2010-07-09','2050-07-29',148,161,'Camino a Santa Teresa','Iztapalapa',15512,'Guanajuato',18362,5,'5:37 PM');
INSERT INTO Veterinario(IDPersona,Nombre,ApellidoPaterno,ApellidoMaterno,Nacimiento,RFC,Genero,InicioContrato,FinContrato,NumInt,NumExt,Calle,Colonia,CodigoPostal,Estado,Salario,DiasLabor,Horario) VALUES (21,'CAIN','DEGOLLADO','NOBLE','1984-07-03','DNC840703','M','2005-11-04','2028-09-17',122,140,'Barranca del Muerto','La Magdalena Contreras',10254,'Sinaloa',19489,6,'5:07 AM');
INSERT INTO Veterinario(IDPersona,Nombre,ApellidoPaterno,ApellidoMaterno,Nacimiento,RFC,Genero,InicioContrato,FinContrato,NumInt,NumExt,Calle,Colonia,CodigoPostal,Estado,Salario,DiasLabor,Horario) VALUES (22,'GERARDO','PICASSO','MANZUR','1981-09-25','PMG810925','M','2003-12-28','2034-01-02',122,181,'Av. Canal de Tezontle','Gustavo A. Madero',15026,'Sonora',19459,5,'10:49 AM');
INSERT INTO Veterinario(IDPersona,Nombre,ApellidoPaterno,ApellidoMaterno,Nacimiento,RFC,Genero,InicioContrato,FinContrato,NumInt,NumExt,Calle,Colonia,CodigoPostal,Estado,Salario,DiasLabor,Horario) VALUES (23,'JANE','MANUEL','SOTRES','1968-04-18','MSJ680418','F','2005-05-07','2026-06-15',128,173,'Eje 3 Sur Calzada Chabacano','Iztapalapa',12424,'Aguascalientes',15017,6,'5:27 PM');
INSERT INTO Veterinario(IDPersona,Nombre,ApellidoPaterno,ApellidoMaterno,Nacimiento,RFC,Genero,InicioContrato,FinContrato,NumInt,NumExt,Calle,Colonia,CodigoPostal,Estado,Salario,DiasLabor,Horario) VALUES (24,'ANABELLA','TELLEZ GIRON','RENAUD','1972-06-27','TRA720627','F','2007-03-29','2029-08-08',144,156,'Viaducto Miguel Aleman','Coyoacán',10248,'Chihuahua',17865,6,'4:06 PM');
INSERT INTO Veterinario(IDPersona,Nombre,ApellidoPaterno,ApellidoMaterno,Nacimiento,RFC,Genero,InicioContrato,FinContrato,NumInt,NumExt,Calle,Colonia,CodigoPostal,Estado,Salario,DiasLabor,Horario) VALUES (25,'KARLO','FERRAL','FACHADA','1984-11-01','FFK841101','M','2005-02-09','2021-07-10',135,149,'Eje 2 Norte Heliopolis','Cuauhtémoc',10824,'Guerrero',16066,6,'11:09 AM');
INSERT INTO Veterinario(IDPersona,Nombre,ApellidoPaterno,ApellidoMaterno,Nacimiento,RFC,Genero,InicioContrato,FinContrato,NumInt,NumExt,Calle,Colonia,CodigoPostal,Estado,Salario,DiasLabor,Horario) VALUES (26,'MERLY','NANGO','BRAMBILA','1981-07-01','NBM810701','M','2007-12-21','2048-05-19',124,194,'Puente de la Morena','Cuajimalpa de Morelos',13835,'Hidalgo',15807,5,'10:26 PM');
INSERT INTO Veterinario(IDPersona,Nombre,ApellidoPaterno,ApellidoMaterno,Nacimiento,RFC,Genero,InicioContrato,FinContrato,NumInt,NumExt,Calle,Colonia,CodigoPostal,Estado,Salario,DiasLabor,Horario) VALUES (27,'ELISUA','ZAPOTE','MARCELEÑO','1989-05-04','ZME890504','F','2003-07-21','2046-06-28',110,139,'Eje 1A Sur Av. San Pablo','Álvaro Obregón',10340,'Tabasco',19333,5,'4:39 PM');
INSERT INTO Veterinario(IDPersona,Nombre,ApellidoPaterno,ApellidoMaterno,Nacimiento,RFC,Genero,InicioContrato,FinContrato,NumInt,NumExt,Calle,Colonia,CodigoPostal,Estado,Salario,DiasLabor,Horario) VALUES (28,'TONATIHU','HERVERTH','CHAVELA','1988-04-07','HCT880407','F','2002-10-23','2053-11-12',150,165,'Eje 10 Sur Av. San Jeronimo','Gustavo A. Madero',15928,'Nuevo Leon',19339,6,'2:52 PM');
INSERT INTO Veterinario(IDPersona,Nombre,ApellidoPaterno,ApellidoMaterno,Nacimiento,RFC,Genero,InicioContrato,FinContrato,NumInt,NumExt,Calle,Colonia,CodigoPostal,Estado,Salario,DiasLabor,Horario) VALUES (29,'MARC','BULNES','MIGUEL','1970-07-13','BMM700713','F','2002-07-30','2051-06-24',150,148,'Eje 5 Sur Gabriel Ramos Millan','La Magdalena Contreras',10789,'Colima',18711,5,'4:07 PM');
INSERT INTO Veterinario(IDPersona,Nombre,ApellidoPaterno,ApellidoMaterno,Nacimiento,RFC,Genero,InicioContrato,FinContrato,NumInt,NumExt,Calle,Colonia,CodigoPostal,Estado,Salario,DiasLabor,Horario) VALUES (30,'YOSELINE','YANES','VILLARAUZ','1972-10-04','YVY721004','F','2005-03-12','2040-01-24',126,185,'Eje 5 Norte Cantera','Álvaro Obregón',10268,'Veracruz',19844,6,'12:03 PM');
INSERT INTO Veterinario(IDPersona,Nombre,ApellidoPaterno,ApellidoMaterno,Nacimiento,RFC,Genero,InicioContrato,FinContrato,NumInt,NumExt,Calle,Colonia,CodigoPostal,Estado,Salario,DiasLabor,Horario) VALUES (31,'CARELI','ALGREDO','CASTAÑEDA','1987-08-25','ACC870825','M','2010-09-02','2023-07-24',126,163,'Eje 2 Norte Av. Transvaal','Álvaro Obregón',13184,'Zacatecas',16324,6,'2:31 PM');
INSERT INTO Veterinario(IDPersona,Nombre,ApellidoPaterno,ApellidoMaterno,Nacimiento,RFC,Genero,InicioContrato,FinContrato,NumInt,NumExt,Calle,Colonia,CodigoPostal,Estado,Salario,DiasLabor,Horario) VALUES (32,'CAMILO','LOMBARDO','CASTUERA','1972-08-21','LCC720821','F','2005-04-16','2046-04-22',113,174,'Eje 6 Sur Av. Michoacan','Miguel Hidalgo',10515,'Ciudad de Mexico',19897,5,'9:21 AM');
INSERT INTO Veterinario(IDPersona,Nombre,ApellidoPaterno,ApellidoMaterno,Nacimiento,RFC,Genero,InicioContrato,FinContrato,NumInt,NumExt,Calle,Colonia,CodigoPostal,Estado,Salario,DiasLabor,Horario) VALUES (33,'KIKEY','GILL','MACEDO','1980-09-14','GMK800914','F','2000-01-15','2033-05-04',107,128,'Circuito Interior Boulevard Puerto Aereo','Coyoacán',10391,'Zacatecas',19899,6,'7:51 PM');
INSERT INTO Veterinario(IDPersona,Nombre,ApellidoPaterno,ApellidoMaterno,Nacimiento,RFC,Genero,InicioContrato,FinContrato,NumInt,NumExt,Calle,Colonia,CodigoPostal,Estado,Salario,DiasLabor,Horario) VALUES (34,'LYAM','TORRESCANO','LINAS','1977-08-25','TLL770825','M','2004-03-08','2026-11-30',104,102,'Cazuela','Álvaro Obregón',14325,'Aguascalientes',18215,6,'8:51 PM');
INSERT INTO Veterinario(IDPersona,Nombre,ApellidoPaterno,ApellidoMaterno,Nacimiento,RFC,Genero,InicioContrato,FinContrato,NumInt,NumExt,Calle,Colonia,CodigoPostal,Estado,Salario,DiasLabor,Horario) VALUES (35,'HAYLIN','PORTES','GONZALEZ','1989-06-14','PGH890614','M','2005-09-23','2034-10-08',147,115,'Eje 6 Sur Holbein','Tlalpan',10351,'Coahuila de Zaragoza',15451,6,'10:12 AM');
INSERT INTO Veterinario(IDPersona,Nombre,ApellidoPaterno,ApellidoMaterno,Nacimiento,RFC,Genero,InicioContrato,FinContrato,NumInt,NumExt,Calle,Colonia,CodigoPostal,Estado,Salario,DiasLabor,Horario) VALUES (36,'EZER','ARREDONDO','SAN ELIAS','1988-08-29','ASE880829','M','2003-06-23','2028-12-06',141,108,'Eje 1A Sur Jose Maria Izazaga','Álvaro Obregón',15954,'Queretaro',16807,5,'11:10 PM');
INSERT INTO Veterinario(IDPersona,Nombre,ApellidoPaterno,ApellidoMaterno,Nacimiento,RFC,Genero,InicioContrato,FinContrato,NumInt,NumExt,Calle,Colonia,CodigoPostal,Estado,Salario,DiasLabor,Horario) VALUES (37,'NELSON','CANTON','BELMONTES','1977-12-14','CBN771214','M','2006-04-30','2026-04-01',119,100,'Calzada Gral. Ignacio Zaragoza','Cuauhtémoc',10616,'Chihuahua',16201,5,'3:06 PM');
INSERT INTO Veterinario(IDPersona,Nombre,ApellidoPaterno,ApellidoMaterno,Nacimiento,RFC,Genero,InicioContrato,FinContrato,NumInt,NumExt,Calle,Colonia,CodigoPostal,Estado,Salario,DiasLabor,Horario) VALUES (38,'RUMINA','EGUREN','DEAQUINO','1986-03-12','EDR860312','M','2004-05-28','2020-10-22',140,125,'Carretera Picacho Ajusco','Álvaro Obregón',10168,'Nayarit',16613,6,'3:23 PM');
INSERT INTO Veterinario(IDPersona,Nombre,ApellidoPaterno,ApellidoMaterno,Nacimiento,RFC,Genero,InicioContrato,FinContrato,NumInt,NumExt,Calle,Colonia,CodigoPostal,Estado,Salario,DiasLabor,Horario) VALUES (39,'GILDARDO','OCAÑA','PALMAS','1985-07-03','OPG850703','F','2007-10-27','2028-10-30',150,199,'Circuito Interior Rio Churubusco','Coyoacán',15266,'Zacatecas',15829,5,'9:03 AM');
INSERT INTO Veterinario(IDPersona,Nombre,ApellidoPaterno,ApellidoMaterno,Nacimiento,RFC,Genero,InicioContrato,FinContrato,NumInt,NumExt,Calle,Colonia,CodigoPostal,Estado,Salario,DiasLabor,Horario) VALUES (40,'OLLIN','MONCADA','MAQUEDA','1976-01-07','MMO760107','F','2010-11-19','2050-02-04',107,130,'Paseo de las Palmas','Tláhuac',13201,'Puebla',17876,6,'7:13 AM');
INSERT INTO Veterinario(IDPersona,Nombre,ApellidoPaterno,ApellidoMaterno,Nacimiento,RFC,Genero,InicioContrato,FinContrato,NumInt,NumExt,Calle,Colonia,CodigoPostal,Estado,Salario,DiasLabor,Horario) VALUES (41,'PATRICIA','ARISTEO','NIÑO','1981-07-17','ANP810717','M','2002-11-13','2034-05-13',104,176,'Eje 8 Sur Popocatepetl','Gustavo A. Madero',12214,'Baja California Sur',19100,5,'8:11 PM');
INSERT INTO Veterinario(IDPersona,Nombre,ApellidoPaterno,ApellidoMaterno,Nacimiento,RFC,Genero,InicioContrato,FinContrato,NumInt,NumExt,Calle,Colonia,CodigoPostal,Estado,Salario,DiasLabor,Horario) VALUES (42,'CAMERON','GOLIB','MONRREAL','1986-03-06','GMC860306','M','2010-04-22','2058-11-14',122,162,'Eje 3 Oriente Francisco del Paso y Troncoso','Álvaro Obregón',10571,'Zacatecas',17376,5,'2:23 PM');
INSERT INTO Veterinario(IDPersona,Nombre,ApellidoPaterno,ApellidoMaterno,Nacimiento,RFC,Genero,InicioContrato,FinContrato,NumInt,NumExt,Calle,Colonia,CodigoPostal,Estado,Salario,DiasLabor,Horario) VALUES (43,'AZTRID','QUISTIANO','HERVERTH','1971-01-21','QHA710121','F','2006-05-09','2043-02-20',127,181,'Av. Hidalgo','Iztacalco',11495,'Nuevo Leon',19378,5,'7:22 AM');
INSERT INTO Veterinario(IDPersona,Nombre,ApellidoPaterno,ApellidoMaterno,Nacimiento,RFC,Genero,InicioContrato,FinContrato,NumInt,NumExt,Calle,Colonia,CodigoPostal,Estado,Salario,DiasLabor,Horario) VALUES (44,'LUC','DUEÑAS','DIEGO','1967-06-19','DDL670619','M','2010-02-09','2039-07-08',116,192,'Eje 2 Oriente Heroica Escuela Naval Militar','Xochimilco',11429,'Zacatecas',15128,6,'11:15 PM');
INSERT INTO Veterinario(IDPersona,Nombre,ApellidoPaterno,ApellidoMaterno,Nacimiento,RFC,Genero,InicioContrato,FinContrato,NumInt,NumExt,Calle,Colonia,CodigoPostal,Estado,Salario,DiasLabor,Horario) VALUES (45,'TAREK','VIZCAINO','LUDWIG','1983-05-27','VLT830527','M','2006-10-02','2046-12-10',134,196,'Av. Ejercito Nacional Mexicano','Gustavo A. Madero',13521,'Nuevo Leon',16378,6,'10:53 PM');
INSERT INTO Veterinario(IDPersona,Nombre,ApellidoPaterno,ApellidoMaterno,Nacimiento,RFC,Genero,InicioContrato,FinContrato,NumInt,NumExt,Calle,Colonia,CodigoPostal,Estado,Salario,DiasLabor,Horario) VALUES (46,'FRANKO','REYNOZO','HUERFANO','1986-10-04','RHF861004','F','2002-06-04','2034-05-08',147,192,'Av. Canal de Tezontle','Iztacalco',10460,'Ciudad de Mexico',18151,5,'12:00 PM');
INSERT INTO Veterinario(IDPersona,Nombre,ApellidoPaterno,ApellidoMaterno,Nacimiento,RFC,Genero,InicioContrato,FinContrato,NumInt,NumExt,Calle,Colonia,CodigoPostal,Estado,Salario,DiasLabor,Horario) VALUES (47,'AMMI','ORAMAS','GAYOSO','1987-12-23','OGA871223','M','2002-02-05','2059-06-28',145,197,'Eje 3 Oriente Av. Arneses','La Magdalena Contreras',14665,'Aguascalientes',16231,5,'12:46 PM');
INSERT INTO Veterinario(IDPersona,Nombre,ApellidoPaterno,ApellidoMaterno,Nacimiento,RFC,Genero,InicioContrato,FinContrato,NumInt,NumExt,Calle,Colonia,CodigoPostal,Estado,Salario,DiasLabor,Horario) VALUES (48,'MONCERRATH','AYOMETZI','CHAVES','1988-06-01','ACM880601','M','2004-06-26','2039-05-21',129,157,'Av. Guerra de Reforma','Iztapalapa',10781,'Guerrero',18573,6,'11:45 AM');
INSERT INTO Veterinario(IDPersona,Nombre,ApellidoPaterno,ApellidoMaterno,Nacimiento,RFC,Genero,InicioContrato,FinContrato,NumInt,NumExt,Calle,Colonia,CodigoPostal,Estado,Salario,DiasLabor,Horario) VALUES (49,'MEREDYTH','DIEGUEZ','BOVIO','1968-06-29','DBM680629','F','2005-04-11','2044-11-02',124,144,'Eje Central Av. Division del Norte','Álvaro Obregón',13403,'Guanajuato',16661,5,'8:30 PM');
INSERT INTO Veterinario(IDPersona,Nombre,ApellidoPaterno,ApellidoMaterno,Nacimiento,RFC,Genero,InicioContrato,FinContrato,NumInt,NumExt,Calle,Colonia,CodigoPostal,Estado,Salario,DiasLabor,Horario) VALUES (50,'GERARDO','TORAYA','ESPEJEL','1981-08-22','TEG810822','M','2010-08-09','2025-07-26',107,169,'Anillo Periferico Rio Tlalnepantla','Tláhuac',10709,'Veracruz',16862,5,'12:07 PM');
INSERT INTO Veterinario(IDPersona,Nombre,ApellidoPaterno,ApellidoMaterno,Nacimiento,RFC,Genero,InicioContrato,FinContrato,NumInt,NumExt,Calle,Colonia,CodigoPostal,Estado,Salario,DiasLabor,Horario) VALUES (51,'PAULETH','JALIL','CAZALEZ','1971-03-04','JCP710304','F','2006-06-24','2021-12-26',100,194,'Anillo Periferico Av. Rio de los Remedios','Benito Juárez',14090,'Yucatan',17126,6,'2:44 PM');
INSERT INTO Veterinario(IDPersona,Nombre,ApellidoPaterno,ApellidoMaterno,Nacimiento,RFC,Genero,InicioContrato,FinContrato,NumInt,NumExt,Calle,Colonia,CodigoPostal,Estado,Salario,DiasLabor,Horario) VALUES (52,'ROM','GOMES','PARRAL','1974-04-28','GPR740428','M','2005-08-29','2050-12-17',103,144,'Eje 1A Sur Av. Chapultepec','Tlalpan',14950,'Oaxaca',16782,5,'9:04 AM');
INSERT INTO Veterinario(IDPersona,Nombre,ApellidoPaterno,ApellidoMaterno,Nacimiento,RFC,Genero,InicioContrato,FinContrato,NumInt,NumExt,Calle,Colonia,CodigoPostal,Estado,Salario,DiasLabor,Horario) VALUES (53,'BRIDGETTE','BALMES','ECHEVARRIA','1970-12-13','BEB701213','M','2004-05-30','2040-11-22',146,192,'Casa del Obrero Mundial','Coyoacán',15804,'Guerrero',16429,5,'8:29 PM');
INSERT INTO Veterinario(IDPersona,Nombre,ApellidoPaterno,ApellidoMaterno,Nacimiento,RFC,Genero,InicioContrato,FinContrato,NumInt,NumExt,Calle,Colonia,CodigoPostal,Estado,Salario,DiasLabor,Horario) VALUES (54,'ANIEL','MILLA','CASTAN','1984-01-15','MCA840115','M','2002-05-08','2043-11-01',130,168,'Eje 3 Oriente Carlota Armero','Cuauhtémoc',13861,'Hidalgo',18359,6,'11:35 PM');
INSERT INTO Veterinario(IDPersona,Nombre,ApellidoPaterno,ApellidoMaterno,Nacimiento,RFC,Genero,InicioContrato,FinContrato,NumInt,NumExt,Calle,Colonia,CodigoPostal,Estado,Salario,DiasLabor,Horario) VALUES (55,'ARETHA','VIVERO','MEZETA','1977-11-16','VMA771116','F','2002-09-09','2058-07-19',130,185,'Eje 4 Norte Av. Refineria Azcapotzalco','Iztapalapa',10459,'Hidalgo',19948,5,'7:27 PM');
INSERT INTO Veterinario(IDPersona,Nombre,ApellidoPaterno,ApellidoMaterno,Nacimiento,RFC,Genero,InicioContrato,FinContrato,NumInt,NumExt,Calle,Colonia,CodigoPostal,Estado,Salario,DiasLabor,Horario) VALUES (56,'JANETH','WRIGHT','UCAN','1976-05-16','WUJ760516','M','2003-02-17','2038-07-23',125,100,'Eje 7 Sur Extremadura','Azcapotzalco',14756,'Tlaxcala',19229,5,'3:00 PM');
INSERT INTO Veterinario(IDPersona,Nombre,ApellidoPaterno,ApellidoMaterno,Nacimiento,RFC,Genero,InicioContrato,FinContrato,NumInt,NumExt,Calle,Colonia,CodigoPostal,Estado,Salario,DiasLabor,Horario) VALUES (57,'JOAN','VALORA','FORT','1982-03-18','VFJ820318','M','2006-04-03','2025-10-31',101,162,'Av. Circunvalacion','Gustavo A. Madero',14220,'Aguascalientes',18066,5,'10:37 AM');
INSERT INTO Veterinario(IDPersona,Nombre,ApellidoPaterno,ApellidoMaterno,Nacimiento,RFC,Genero,InicioContrato,FinContrato,NumInt,NumExt,Calle,Colonia,CodigoPostal,Estado,Salario,DiasLabor,Horario) VALUES (58,'YOCELIN','BLANCA','ROQUE','1978-11-30','BRY781130','F','2009-05-06','2040-02-29',138,154,'Viaducto Rio de la Piedad','Gustavo A. Madero',12174,'Chihuahua',17282,5,'2:42 PM');
INSERT INTO Veterinario(IDPersona,Nombre,ApellidoPaterno,ApellidoMaterno,Nacimiento,RFC,Genero,InicioContrato,FinContrato,NumInt,NumExt,Calle,Colonia,CodigoPostal,Estado,Salario,DiasLabor,Horario) VALUES (59,'EMILIO','BLANCAS','RUPERTO','1976-09-07','BRE760907','M','2004-12-05','2035-04-01',150,168,'Camino al Desierto de los Leones','Venustiano Carranza',11472,'Tlaxcala',15995,5,'5:09 AM');
INSERT INTO Veterinario(IDPersona,Nombre,ApellidoPaterno,ApellidoMaterno,Nacimiento,RFC,Genero,InicioContrato,FinContrato,NumInt,NumExt,Calle,Colonia,CodigoPostal,Estado,Salario,DiasLabor,Horario) VALUES (60,'ANDREA','ESCARENO','MORGADO','1979-05-04','EMA790504','F','2002-09-29','2051-09-18',107,107,'Eje 5 Norte Calzada de los Misterios','Milpa Alta',12048,'Queretaro',16910,5,'11:24 AM');
INSERT INTO Veterinario(IDPersona,Nombre,ApellidoPaterno,ApellidoMaterno,Nacimiento,RFC,Genero,InicioContrato,FinContrato,NumInt,NumExt,Calle,Colonia,CodigoPostal,Estado,Salario,DiasLabor,Horario) VALUES (61,'HANAE','LEYVA','RGUEZ','1973-08-05','LRH730805','F','2007-11-22','2024-05-13',136,160,'Eje 3 Oriente Cafetales','Cuajimalpa de Morelos',13012,'Durango',17626,6,'12:24 PM');
INSERT INTO Veterinario(IDPersona,Nombre,ApellidoPaterno,ApellidoMaterno,Nacimiento,RFC,Genero,InicioContrato,FinContrato,NumInt,NumExt,Calle,Colonia,CodigoPostal,Estado,Salario,DiasLabor,Horario) VALUES (62,'CRISTIANO','PAYAN','SING','1972-01-07','PSC720107','M','2010-08-30','2038-01-16',128,140,'Eje 1 Oriente Via Lactea','Milpa Alta',12885,'Coahuila de Zaragoza',19579,6,'5:56 AM');
INSERT INTO Veterinario(IDPersona,Nombre,ApellidoPaterno,ApellidoMaterno,Nacimiento,RFC,Genero,InicioContrato,FinContrato,NumInt,NumExt,Calle,Colonia,CodigoPostal,Estado,Salario,DiasLabor,Horario) VALUES (63,'SAIDY','CUATIANQUIZ','JMNEZ','1984-12-19','CJS841219','M','2002-12-27','2041-08-30',122,189,'Eje 3 Oriente Av. Azucar','Gustavo A. Madero',11653,'Tabasco',18783,5,'10:14 PM');
INSERT INTO Veterinario(IDPersona,Nombre,ApellidoPaterno,ApellidoMaterno,Nacimiento,RFC,Genero,InicioContrato,FinContrato,NumInt,NumExt,Calle,Colonia,CodigoPostal,Estado,Salario,DiasLabor,Horario) VALUES (64,'CASILDA','TRIVERA','CHEPILLO','1974-10-25','TCC741025','F','2000-08-19','2041-02-23',138,110,'Av. de las Civilizaciones','Coyoacán',10032,'Quintana Roo',16397,6,'5:03 AM');
INSERT INTO Veterinario(IDPersona,Nombre,ApellidoPaterno,ApellidoMaterno,Nacimiento,RFC,Genero,InicioContrato,FinContrato,NumInt,NumExt,Calle,Colonia,CodigoPostal,Estado,Salario,DiasLabor,Horario) VALUES (65,'SULIM','PAMPLONA','PERUYERO','1986-02-13','PPS860213','M','2009-09-29','2040-07-06',125,125,'Eje 2 Norte Eulalia Guzman','Tlalpan',12218,'Michoacan',17361,5,'3:59 PM');
INSERT INTO Veterinario(IDPersona,Nombre,ApellidoPaterno,ApellidoMaterno,Nacimiento,RFC,Genero,InicioContrato,FinContrato,NumInt,NumExt,Calle,Colonia,CodigoPostal,Estado,Salario,DiasLabor,Horario) VALUES (66,'ITAI','BASILIO','TREVIZO','1986-08-05','BTI860805','M','2007-09-16','2055-01-14',142,188,'Calzada de los Misterios','Gustavo A. Madero',12293,'Chiapas',19446,5,'9:35 PM');
INSERT INTO Veterinario(IDPersona,Nombre,ApellidoPaterno,ApellidoMaterno,Nacimiento,RFC,Genero,InicioContrato,FinContrato,NumInt,NumExt,Calle,Colonia,CodigoPostal,Estado,Salario,DiasLabor,Horario) VALUES (67,'HAMLET','CANDANOZA','BARTOLOME','1981-12-13','CBH811213','M','2004-06-12','2058-07-06',125,181,'Av. de los Insurgentes Centro','Iztapalapa',15300,'Tamaulipas',17066,6,'5:02 AM');
INSERT INTO Veterinario(IDPersona,Nombre,ApellidoPaterno,ApellidoMaterno,Nacimiento,RFC,Genero,InicioContrato,FinContrato,NumInt,NumExt,Calle,Colonia,CodigoPostal,Estado,Salario,DiasLabor,Horario) VALUES (68,'YETZABETH','TEJADA','BARILLAS','1977-03-11','TBY770311','M','2009-07-31','2058-05-28',120,145,'Calzada de los Gallos','Cuajimalpa de Morelos',13758,'Sinaloa',17204,6,'9:42 AM');
INSERT INTO Veterinario(IDPersona,Nombre,ApellidoPaterno,ApellidoMaterno,Nacimiento,RFC,Genero,InicioContrato,FinContrato,NumInt,NumExt,Calle,Colonia,CodigoPostal,Estado,Salario,DiasLabor,Horario) VALUES (69,'SARHAI','LERIN','FOCIL','1982-01-13','LFS820113','F','2004-09-22','2031-08-26',138,125,'Eje 3 Oriente Francisco del Paso y Troncoso','Coyoacán',12908,'Ciudad de Mexico',17300,6,'10:58 PM');
INSERT INTO Veterinario(IDPersona,Nombre,ApellidoPaterno,ApellidoMaterno,Nacimiento,RFC,Genero,InicioContrato,FinContrato,NumInt,NumExt,Calle,Colonia,CodigoPostal,Estado,Salario,DiasLabor,Horario) VALUES (70,'JADE','TEPIXTLE','ABADIA','1982-02-23','TAJ820223','M','2010-07-29','2031-01-05',140,177,'Eje 3 Sur Av. Baja California','Azcapotzalco',15450,'Tamaulipas',19953,5,'6:59 AM');
INSERT INTO Veterinario(IDPersona,Nombre,ApellidoPaterno,ApellidoMaterno,Nacimiento,RFC,Genero,InicioContrato,FinContrato,NumInt,NumExt,Calle,Colonia,CodigoPostal,Estado,Salario,DiasLabor,Horario) VALUES (71,'AKBAL','REVOREDA','LEY','1985-10-28','RLA851028','M','2000-02-12','2058-04-19',147,120,'Eje 2 Poniente Rio Tiber','Tlalpan',12725,'Nayarit',19254,5,'6:48 AM');
INSERT INTO Veterinario(IDPersona,Nombre,ApellidoPaterno,ApellidoMaterno,Nacimiento,RFC,Genero,InicioContrato,FinContrato,NumInt,NumExt,Calle,Colonia,CodigoPostal,Estado,Salario,DiasLabor,Horario) VALUES (72,'AZRAEL','ENCINAS','ESPERANZA','1983-11-28','EEA831128','F','2002-10-14','2045-10-03',106,169,'Av. de los Insurgentes Sur','Xochimilco',10666,'Tlaxcala',19280,5,'5:09 PM');
INSERT INTO Veterinario(IDPersona,Nombre,ApellidoPaterno,ApellidoMaterno,Nacimiento,RFC,Genero,InicioContrato,FinContrato,NumInt,NumExt,Calle,Colonia,CodigoPostal,Estado,Salario,DiasLabor,Horario) VALUES (73,'HANNAEL','LAVEAGA','SALVAT','1986-07-18','LSH860718','M','2005-07-29','2042-11-12',137,191,'Eje 4 Oriente Canal Rio Churubusco','Iztapalapa',11189,'Colima',17616,6,'9:01 AM');
INSERT INTO Veterinario(IDPersona,Nombre,ApellidoPaterno,ApellidoMaterno,Nacimiento,RFC,Genero,InicioContrato,FinContrato,NumInt,NumExt,Calle,Colonia,CodigoPostal,Estado,Salario,DiasLabor,Horario) VALUES (74,'AMNERIS','MOO','BLANCO','1976-12-24','MBA761224','F','2004-06-18','2037-02-01',100,105,'Eje 2 Oriente Heroica Escuela Naval Militar','Álvaro Obregón',10059,'Jalisco',17102,5,'5:43 PM');
INSERT INTO Veterinario(IDPersona,Nombre,ApellidoPaterno,ApellidoMaterno,Nacimiento,RFC,Genero,InicioContrato,FinContrato,NumInt,NumExt,Calle,Colonia,CodigoPostal,Estado,Salario,DiasLabor,Horario) VALUES (75,'DEVANI','GONZALES','BELLOSO','1988-10-15','GBD881015','F','2002-03-03','2058-04-20',107,131,'Eje 2 Poniente Florencia','Iztapalapa',10207,'Tamaulipas',16476,5,'5:12 PM');
INSERT INTO Veterinario(IDPersona,Nombre,ApellidoPaterno,ApellidoMaterno,Nacimiento,RFC,Genero,InicioContrato,FinContrato,NumInt,NumExt,Calle,Colonia,CodigoPostal,Estado,Salario,DiasLabor,Horario) VALUES (76,'THAIS','OSCOY','QUEJ','1979-11-24','OQT791124','M','2006-10-07','2038-09-25',146,192,'Eje 3 Poniente Medellin','Azcapotzalco',12509,'Aguascalientes',18453,5,'5:15 PM');
INSERT INTO Veterinario(IDPersona,Nombre,ApellidoPaterno,ApellidoMaterno,Nacimiento,RFC,Genero,InicioContrato,FinContrato,NumInt,NumExt,Calle,Colonia,CodigoPostal,Estado,Salario,DiasLabor,Horario) VALUES (77,'GISELL','XOOL','MORIN','1989-09-01','XMG890901','M','2010-04-14','2025-01-25',117,126,'Eje 6 Norte Prolongacion Misterios','Coyoacán',13073,'Yucatan',15603,5,'7:48 PM');
INSERT INTO Veterinario(IDPersona,Nombre,ApellidoPaterno,ApellidoMaterno,Nacimiento,RFC,Genero,InicioContrato,FinContrato,NumInt,NumExt,Calle,Colonia,CodigoPostal,Estado,Salario,DiasLabor,Horario) VALUES (78,'ANDANY','VIZUETH','GALAVIS','1985-11-25','VGA851125','M','2001-06-11','2059-07-12',129,170,'Jose Maria Pino Suarez','Milpa Alta',15485,'Jalisco',17845,5,'4:38 PM');
INSERT INTO Veterinario(IDPersona,Nombre,ApellidoPaterno,ApellidoMaterno,Nacimiento,RFC,Genero,InicioContrato,FinContrato,NumInt,NumExt,Calle,Colonia,CodigoPostal,Estado,Salario,DiasLabor,Horario) VALUES (79,'CAROLINE','CHAPOY','ALAFFITA','1985-12-26','CAC851226','M','2004-06-29','2057-05-15',135,103,'Heberto Castillo','Coyoacán',14422,'Campeche',19778,5,'9:01 AM');
INSERT INTO Veterinario(IDPersona,Nombre,ApellidoPaterno,ApellidoMaterno,Nacimiento,RFC,Genero,InicioContrato,FinContrato,NumInt,NumExt,Calle,Colonia,CodigoPostal,Estado,Salario,DiasLabor,Horario) VALUES (80,'GUSTAVO','GUDIÑO','PUC','1975-02-01','GPG750201','M','2005-12-06','2040-12-14',100,198,'Av. Jose Loreto Fabela','Álvaro Obregón',10910,'Tabasco',16093,5,'8:15 AM');
INSERT INTO Veterinario(IDPersona,Nombre,ApellidoPaterno,ApellidoMaterno,Nacimiento,RFC,Genero,InicioContrato,FinContrato,NumInt,NumExt,Calle,Colonia,CodigoPostal,Estado,Salario,DiasLabor,Horario) VALUES (81,'YEIMY','GASPAR','MORTERA','1973-12-08','GMY731208','F','2007-03-01','2051-07-27',133,153,'Eje Central Calzada de la Candelaria','Coyoacán',13194,'Tlaxcala',18783,5,'9:39 AM');
INSERT INTO Veterinario(IDPersona,Nombre,ApellidoPaterno,ApellidoMaterno,Nacimiento,RFC,Genero,InicioContrato,FinContrato,NumInt,NumExt,Calle,Colonia,CodigoPostal,Estado,Salario,DiasLabor,Horario) VALUES (82,'ERANDENI','COUOH','MENINDEZ','1967-10-26','CME671026','M','2003-11-12','2037-05-24',103,114,'Bosque de la Reforma','Azcapotzalco',15068,'Nuevo Leon',17939,6,'5:09 PM');
INSERT INTO Veterinario(IDPersona,Nombre,ApellidoPaterno,ApellidoMaterno,Nacimiento,RFC,Genero,InicioContrato,FinContrato,NumInt,NumExt,Calle,Colonia,CodigoPostal,Estado,Salario,DiasLabor,Horario) VALUES (83,'YUHANI','CARACHURE','VERDE','1988-11-26','CVY881126','M','2010-08-09','2046-04-24',144,108,'Eje 5 Norte 5 de Febrero','Miguel Hidalgo',13925,'Sinaloa',19665,5,'6:24 PM');
INSERT INTO Veterinario(IDPersona,Nombre,ApellidoPaterno,ApellidoMaterno,Nacimiento,RFC,Genero,InicioContrato,FinContrato,NumInt,NumExt,Calle,Colonia,CodigoPostal,Estado,Salario,DiasLabor,Horario) VALUES (84,'LUANNA','BOLIVAR','ROVELO','1981-06-23','BRL810623','F','2010-08-28','2038-02-18',111,101,'Circuito Interior Av. Revolucion','Iztapalapa',13491,'Baja California',19551,6,'9:29 PM');
INSERT INTO Veterinario(IDPersona,Nombre,ApellidoPaterno,ApellidoMaterno,Nacimiento,RFC,Genero,InicioContrato,FinContrato,NumInt,NumExt,Calle,Colonia,CodigoPostal,Estado,Salario,DiasLabor,Horario) VALUES (85,'SHAARON','SANTIS','DEL OLMO','1983-02-20','SDS830220','F','2006-09-16','2058-03-10',124,154,'Av. Oceania','Xochimilco',13589,'Morelos',17558,6,'11:57 AM');
INSERT INTO Veterinario(IDPersona,Nombre,ApellidoPaterno,ApellidoMaterno,Nacimiento,RFC,Genero,InicioContrato,FinContrato,NumInt,NumExt,Calle,Colonia,CodigoPostal,Estado,Salario,DiasLabor,Horario) VALUES (86,'REBECCA','TECALCO','ABREU','1975-10-18','TAR751018','F','2009-03-25','2032-01-14',105,110,'Paseo del Pedregal','Miguel Hidalgo',10651,'Puebla',15344,5,'10:23 PM');
INSERT INTO Veterinario(IDPersona,Nombre,ApellidoPaterno,ApellidoMaterno,Nacimiento,RFC,Genero,InicioContrato,FinContrato,NumInt,NumExt,Calle,Colonia,CodigoPostal,Estado,Salario,DiasLabor,Horario) VALUES (87,'YEREMI','OIDOR','CUMPLIDO','1966-12-06','OCY661206','F','2006-10-15','2021-02-15',133,187,'Eje 8 Sur Calzada Ermita Iztapalapa','Iztapalapa',11994,'Morelos',18520,5,'10:12 PM');
INSERT INTO Veterinario(IDPersona,Nombre,ApellidoPaterno,ApellidoMaterno,Nacimiento,RFC,Genero,InicioContrato,FinContrato,NumInt,NumExt,Calle,Colonia,CodigoPostal,Estado,Salario,DiasLabor,Horario) VALUES (88,'AZALEA','LASTIRI','URRIETA','1978-11-27','LUA781127','M','2003-03-26','2037-01-19',110,188,'Eje 2 Oriente Canal de Miramontes','Iztapalapa',12941,'Queretaro',16905,5,'9:54 AM');
INSERT INTO Veterinario(IDPersona,Nombre,ApellidoPaterno,ApellidoMaterno,Nacimiento,RFC,Genero,InicioContrato,FinContrato,NumInt,NumExt,Calle,Colonia,CodigoPostal,Estado,Salario,DiasLabor,Horario) VALUES (89,'AZUMI','REGIL','OÑATE','1971-09-28','ROA710928','M','2003-12-11','2048-02-16',127,115,'Av. de los Leones','Álvaro Obregón',12827,'Hidalgo',16383,6,'11:02 AM');
INSERT INTO Veterinario(IDPersona,Nombre,ApellidoPaterno,ApellidoMaterno,Nacimiento,RFC,Genero,InicioContrato,FinContrato,NumInt,NumExt,Calle,Colonia,CodigoPostal,Estado,Salario,DiasLabor,Horario) VALUES (90,'ADAN','CAÑA','Y MARTINEZ','1974-09-29','CYA740929','M','2004-12-09','2045-09-10',113,172,'Eje 5 Poniente Camino de los Toros','Iztapalapa',15318,'Oaxaca',15850,6,'10:20 AM');
INSERT INTO Veterinario(IDPersona,Nombre,ApellidoPaterno,ApellidoMaterno,Nacimiento,RFC,Genero,InicioContrato,FinContrato,NumInt,NumExt,Calle,Colonia,CodigoPostal,Estado,Salario,DiasLabor,Horario) VALUES (91,'R','BASURTO','LALO','1982-02-06','BLR820206','M','2005-08-08','2034-12-26',112,196,'Circuito Interior Melchor Ocampo','Álvaro Obregón',14118,'Oaxaca',17123,6,'8:13 AM');
INSERT INTO Veterinario(IDPersona,Nombre,ApellidoPaterno,ApellidoMaterno,Nacimiento,RFC,Genero,InicioContrato,FinContrato,NumInt,NumExt,Calle,Colonia,CodigoPostal,Estado,Salario,DiasLabor,Horario) VALUES (92,'IBETH','DELGADO','LAINA','1979-08-21','DLI790821','M','2005-09-12','2037-09-29',120,173,'Av. de los Insurgentes Centro','Milpa Alta',12860,'Ciudad de Mexico',18940,6,'12:42 PM');
INSERT INTO Veterinario(IDPersona,Nombre,ApellidoPaterno,ApellidoMaterno,Nacimiento,RFC,Genero,InicioContrato,FinContrato,NumInt,NumExt,Calle,Colonia,CodigoPostal,Estado,Salario,DiasLabor,Horario) VALUES (93,'ITZE','CEDENO','ESPAÑA','1968-02-08','CEI680208','F','2009-05-31','2053-09-21',132,152,'Cuauhtemoc','Gustavo A. Madero',12136,'Sinaloa',16209,6,'7:46 PM');
INSERT INTO Veterinario(IDPersona,Nombre,ApellidoPaterno,ApellidoMaterno,Nacimiento,RFC,Genero,InicioContrato,FinContrato,NumInt,NumExt,Calle,Colonia,CodigoPostal,Estado,Salario,DiasLabor,Horario) VALUES (94,'BETZUA','CARRE','RUISECO','1973-06-24','CRB730624','F','2003-02-24','2029-03-26',130,121,'Av. Oceania','Coyoacán',15236,'Oaxaca',16908,6,'8:08 PM');
INSERT INTO Veterinario(IDPersona,Nombre,ApellidoPaterno,ApellidoMaterno,Nacimiento,RFC,Genero,InicioContrato,FinContrato,NumInt,NumExt,Calle,Colonia,CodigoPostal,Estado,Salario,DiasLabor,Horario) VALUES (95,'ZURISADAY','MACIAS','NOVELA','1972-09-28','MNZ720928','F','2004-10-23','2048-12-28',131,180,'Eje Central Paganini','Iztapalapa',12932,'Morelos',18113,6,'8:15 PM');
INSERT INTO Veterinario(IDPersona,Nombre,ApellidoPaterno,ApellidoMaterno,Nacimiento,RFC,Genero,InicioContrato,FinContrato,NumInt,NumExt,Calle,Colonia,CodigoPostal,Estado,Salario,DiasLabor,Horario) VALUES (96,'CORNELIO','QUIROGA','BURGUENO','1988-01-13','QBC880113','F','2003-01-23','2034-03-05',103,173,'Circuito Interior Av. Patriotismo','Miguel Hidalgo',10861,'Sonora',17928,6,'1:31 PM');
INSERT INTO Veterinario(IDPersona,Nombre,ApellidoPaterno,ApellidoMaterno,Nacimiento,RFC,Genero,InicioContrato,FinContrato,NumInt,NumExt,Calle,Colonia,CodigoPostal,Estado,Salario,DiasLabor,Horario) VALUES (97,'DOMINIQUE','TORIBIO','PEDRERO','1987-02-09','TPD870209','F','2008-03-09','2034-02-03',127,150,'Eje 5 Sur Playa Villa del Mar','Iztapalapa',15751,'Ciudad de Mexico',18783,6,'11:48 AM');
INSERT INTO Veterinario(IDPersona,Nombre,ApellidoPaterno,ApellidoMaterno,Nacimiento,RFC,Genero,InicioContrato,FinContrato,NumInt,NumExt,Calle,Colonia,CodigoPostal,Estado,Salario,DiasLabor,Horario) VALUES (98,'VERCHIEL','SOTUYO','RAVELO','1972-01-17','SRV720117','F','2004-06-04','2057-08-28',125,112,'Av. Oaxaca','Coyoacán',13304,'Quintana Roo',18393,6,'5:06 AM');
INSERT INTO Veterinario(IDPersona,Nombre,ApellidoPaterno,ApellidoMaterno,Nacimiento,RFC,Genero,InicioContrato,FinContrato,NumInt,NumExt,Calle,Colonia,CodigoPostal,Estado,Salario,DiasLabor,Horario) VALUES (99,'DOMINYK','DESAMPEDRO','FALCONI','1971-08-18','DFD710818','F','2010-10-04','2052-11-22',105,122,'Eje 6 Norte 306','Iztapalapa',14624,'Guanajuato',18881,5,'10:43 AM');
INSERT INTO Veterinario(IDPersona,Nombre,ApellidoPaterno,ApellidoMaterno,Nacimiento,RFC,Genero,InicioContrato,FinContrato,NumInt,NumExt,Calle,Colonia,CodigoPostal,Estado,Salario,DiasLabor,Horario) VALUES (100,'FANIA','QUISTIAN','CHULINES','1966-06-25','QCF660625','F','2005-06-07','2050-08-17',122,172,'Eje 4 Sur Xola','Álvaro Obregón',11785,'Quintana Roo',15179,6,'9:30 AM');

INSERT INTO Especialidad(IDPersona,Especialidad) VALUES (1,'Cirugía Veterinaria');
INSERT INTO Especialidad(IDPersona,Especialidad) VALUES (2,'Dermatología Animal');
INSERT INTO Especialidad(IDPersona,Especialidad) VALUES (3,'Oftalmología Veterinaria');
INSERT INTO Especialidad(IDPersona,Especialidad) VALUES (4,'Cardiología Animal');
INSERT INTO Especialidad(IDPersona,Especialidad) VALUES (5,'Neurología Veterinaria');
INSERT INTO Especialidad(IDPersona,Especialidad) VALUES (6,'Oncología Veterinaria');
INSERT INTO Especialidad(IDPersona,Especialidad) VALUES (7,'Endocrinología Animal');
INSERT INTO Especialidad(IDPersona,Especialidad) VALUES (8,'Nutrición Veterinaria');
INSERT INTO Especialidad(IDPersona,Especialidad) VALUES (9,'Ortopedia Animal');
INSERT INTO Especialidad(IDPersona,Especialidad) VALUES (10,'Odontología Veterinaria');
INSERT INTO Especialidad(IDPersona,Especialidad) VALUES (11,'Gastroenterología Animal');
INSERT INTO Especialidad(IDPersona,Especialidad) VALUES (12,'Medicina Interna Veterinaria');
INSERT INTO Especialidad(IDPersona,Especialidad) VALUES (13,'Reproducción Animal');
INSERT INTO Especialidad(IDPersona,Especialidad) VALUES (14,'Anestesiología Veterinaria');
INSERT INTO Especialidad(IDPersona,Especialidad) VALUES (15,'Radiología Veterinaria');
INSERT INTO Especialidad(IDPersona,Especialidad) VALUES (16,'Ecografía Veterinaria');
INSERT INTO Especialidad(IDPersona,Especialidad) VALUES (17,'Patología Veterinaria');
INSERT INTO Especialidad(IDPersona,Especialidad) VALUES (18,'Medicina de Emergencia Veterinaria');
INSERT INTO Especialidad(IDPersona,Especialidad) VALUES (19,'Comportamiento Animal');
INSERT INTO Especialidad(IDPersona,Especialidad) VALUES (20,'Fisioterapia Animal');
INSERT INTO Especialidad(IDPersona,Especialidad) VALUES (21,'Acupuntura Veterinaria');
INSERT INTO Especialidad(IDPersona,Especialidad) VALUES (22,'Medicina Alternativa Veterinaria');
INSERT INTO Especialidad(IDPersona,Especialidad) VALUES (23,'Cirugía Veterinaria');
INSERT INTO Especialidad(IDPersona,Especialidad) VALUES (24,'Dermatología Animal');
INSERT INTO Especialidad(IDPersona,Especialidad) VALUES (25,'Oftalmología Veterinaria');
INSERT INTO Especialidad(IDPersona,Especialidad) VALUES (26,'Cardiología Animal');
INSERT INTO Especialidad(IDPersona,Especialidad) VALUES (27,'Neurología Veterinaria');
INSERT INTO Especialidad(IDPersona,Especialidad) VALUES (28,'Oncología Veterinaria');
INSERT INTO Especialidad(IDPersona,Especialidad) VALUES (29,'Endocrinología Animal');
INSERT INTO Especialidad(IDPersona,Especialidad) VALUES (30,'Nutrición Veterinaria');
INSERT INTO Especialidad(IDPersona,Especialidad) VALUES (31,'Ortopedia Animal');
INSERT INTO Especialidad(IDPersona,Especialidad) VALUES (32,'Odontología Veterinaria');
INSERT INTO Especialidad(IDPersona,Especialidad) VALUES (33,'Gastroenterología Animal');
INSERT INTO Especialidad(IDPersona,Especialidad) VALUES (34,'Medicina Interna Veterinaria');
INSERT INTO Especialidad(IDPersona,Especialidad) VALUES (35,'Reproducción Animal');
INSERT INTO Especialidad(IDPersona,Especialidad) VALUES (36,'Anestesiología Veterinaria');
INSERT INTO Especialidad(IDPersona,Especialidad) VALUES (37,'Radiología Veterinaria');
INSERT INTO Especialidad(IDPersona,Especialidad) VALUES (38,'Ecografía Veterinaria');
INSERT INTO Especialidad(IDPersona,Especialidad) VALUES (39,'Patología Veterinaria');
INSERT INTO Especialidad(IDPersona,Especialidad) VALUES (40,'Medicina de Emergencia Veterinaria');
INSERT INTO Especialidad(IDPersona,Especialidad) VALUES (41,'Comportamiento Animal');
INSERT INTO Especialidad(IDPersona,Especialidad) VALUES (42,'Fisioterapia Animal');
INSERT INTO Especialidad(IDPersona,Especialidad) VALUES (43,'Acupuntura Veterinaria');
INSERT INTO Especialidad(IDPersona,Especialidad) VALUES (44,'Medicina Alternativa Veterinaria');
INSERT INTO Especialidad(IDPersona,Especialidad) VALUES (45,'Cirugía Veterinaria');
INSERT INTO Especialidad(IDPersona,Especialidad) VALUES (46,'Dermatología Animal');
INSERT INTO Especialidad(IDPersona,Especialidad) VALUES (47,'Oftalmología Veterinaria');
INSERT INTO Especialidad(IDPersona,Especialidad) VALUES (48,'Cardiología Animal');
INSERT INTO Especialidad(IDPersona,Especialidad) VALUES (49,'Neurología Veterinaria');
INSERT INTO Especialidad(IDPersona,Especialidad) VALUES (50,'Oncología Veterinaria');
INSERT INTO Especialidad(IDPersona,Especialidad) VALUES (51,'Endocrinología Animal');
INSERT INTO Especialidad(IDPersona,Especialidad) VALUES (52,'Nutrición Veterinaria');
INSERT INTO Especialidad(IDPersona,Especialidad) VALUES (53,'Ortopedia Animal');
INSERT INTO Especialidad(IDPersona,Especialidad) VALUES (54,'Odontología Veterinaria');
INSERT INTO Especialidad(IDPersona,Especialidad) VALUES (55,'Gastroenterología Animal');
INSERT INTO Especialidad(IDPersona,Especialidad) VALUES (56,'Medicina Interna Veterinaria');
INSERT INTO Especialidad(IDPersona,Especialidad) VALUES (57,'Reproducción Animal');
INSERT INTO Especialidad(IDPersona,Especialidad) VALUES (58,'Anestesiología Veterinaria');
INSERT INTO Especialidad(IDPersona,Especialidad) VALUES (59,'Radiología Veterinaria');
INSERT INTO Especialidad(IDPersona,Especialidad) VALUES (60,'Ecografía Veterinaria');
INSERT INTO Especialidad(IDPersona,Especialidad) VALUES (61,'Patología Veterinaria');
INSERT INTO Especialidad(IDPersona,Especialidad) VALUES (62,'Medicina de Emergencia Veterinaria');
INSERT INTO Especialidad(IDPersona,Especialidad) VALUES (63,'Comportamiento Animal');
INSERT INTO Especialidad(IDPersona,Especialidad) VALUES (64,'Fisioterapia Animal');
INSERT INTO Especialidad(IDPersona,Especialidad) VALUES (65,'Acupuntura Veterinaria');
INSERT INTO Especialidad(IDPersona,Especialidad) VALUES (66,'Medicina Alternativa Veterinaria');
INSERT INTO Especialidad(IDPersona,Especialidad) VALUES (67,'Cirugía Veterinaria');
INSERT INTO Especialidad(IDPersona,Especialidad) VALUES (68,'Dermatología Animal');
INSERT INTO Especialidad(IDPersona,Especialidad) VALUES (69,'Oftalmología Veterinaria');
INSERT INTO Especialidad(IDPersona,Especialidad) VALUES (70,'Cardiología Animal');
INSERT INTO Especialidad(IDPersona,Especialidad) VALUES (71,'Neurología Veterinaria');
INSERT INTO Especialidad(IDPersona,Especialidad) VALUES (72,'Oncología Veterinaria');
INSERT INTO Especialidad(IDPersona,Especialidad) VALUES (73,'Endocrinología Animal');
INSERT INTO Especialidad(IDPersona,Especialidad) VALUES (74,'Nutrición Veterinaria');
INSERT INTO Especialidad(IDPersona,Especialidad) VALUES (75,'Ortopedia Animal');
INSERT INTO Especialidad(IDPersona,Especialidad) VALUES (76,'Odontología Veterinaria');
INSERT INTO Especialidad(IDPersona,Especialidad) VALUES (77,'Gastroenterología Animal');
INSERT INTO Especialidad(IDPersona,Especialidad) VALUES (78,'Medicina Interna Veterinaria');
INSERT INTO Especialidad(IDPersona,Especialidad) VALUES (79,'Reproducción Animal');
INSERT INTO Especialidad(IDPersona,Especialidad) VALUES (80,'Anestesiología Veterinaria');
INSERT INTO Especialidad(IDPersona,Especialidad) VALUES (81,'Radiología Veterinaria');
INSERT INTO Especialidad(IDPersona,Especialidad) VALUES (82,'Ecografía Veterinaria');
INSERT INTO Especialidad(IDPersona,Especialidad) VALUES (83,'Patología Veterinaria');
INSERT INTO Especialidad(IDPersona,Especialidad) VALUES (84,'Medicina de Emergencia Veterinaria');
INSERT INTO Especialidad(IDPersona,Especialidad) VALUES (85,'Comportamiento Animal');
INSERT INTO Especialidad(IDPersona,Especialidad) VALUES (86,'Fisioterapia Animal');
INSERT INTO Especialidad(IDPersona,Especialidad) VALUES (87,'Acupuntura Veterinaria');
INSERT INTO Especialidad(IDPersona,Especialidad) VALUES (88,'Medicina Alternativa Veterinaria');
INSERT INTO Especialidad(IDPersona,Especialidad) VALUES (89,'Cirugía Veterinaria');
INSERT INTO Especialidad(IDPersona,Especialidad) VALUES (90,'Dermatología Animal');
INSERT INTO Especialidad(IDPersona,Especialidad) VALUES (91,'Oftalmología Veterinaria');
INSERT INTO Especialidad(IDPersona,Especialidad) VALUES (92,'Cardiología Animal');
INSERT INTO Especialidad(IDPersona,Especialidad) VALUES (93,'Neurología Veterinaria');
INSERT INTO Especialidad(IDPersona,Especialidad) VALUES (94,'Oncología Veterinaria');
INSERT INTO Especialidad(IDPersona,Especialidad) VALUES (95,'Endocrinología Animal');
INSERT INTO Especialidad(IDPersona,Especialidad) VALUES (96,'Nutrición Veterinaria');
INSERT INTO Especialidad(IDPersona,Especialidad) VALUES (97,'Ortopedia Animal');
INSERT INTO Especialidad(IDPersona,Especialidad) VALUES (98,'Odontología Veterinaria');
INSERT INTO Especialidad(IDPersona,Especialidad) VALUES (99,'Gastroenterología Animal');
INSERT INTO Especialidad(IDPersona,Especialidad) VALUES (100,'Medicina Interna Veterinaria');

INSERT INTO CorreoVeterinario(IDPersona,Correo) VALUES (1,'jrubury0@irs.gov');
INSERT INTO CorreoVeterinario(IDPersona,Correo) VALUES (2,'mhuguenet1@census.gov');
INSERT INTO CorreoVeterinario(IDPersona,Correo) VALUES (3,'fgummer2@who.int');
INSERT INTO CorreoVeterinario(IDPersona,Correo) VALUES (4,'acardoo3@uiuc.edu');
INSERT INTO CorreoVeterinario(IDPersona,Correo) VALUES (5,'ssuddaby4@fc2.com');
INSERT INTO CorreoVeterinario(IDPersona,Correo) VALUES (6,'tdauby5@sakura.ne.jp');
INSERT INTO CorreoVeterinario(IDPersona,Correo) VALUES (7,'jphilipp6@arizona.edu');
INSERT INTO CorreoVeterinario(IDPersona,Correo) VALUES (8,'ljuleff7@biblegateway.com');
INSERT INTO CorreoVeterinario(IDPersona,Correo) VALUES (9,'ldesvignes8@vkontakte.ru');
INSERT INTO CorreoVeterinario(IDPersona,Correo) VALUES (10,'craincin9@pen.io');
INSERT INTO CorreoVeterinario(IDPersona,Correo) VALUES (11,'gewellsa@buzzfeed.com');
INSERT INTO CorreoVeterinario(IDPersona,Correo) VALUES (12,'apicardb@apache.org');
INSERT INTO CorreoVeterinario(IDPersona,Correo) VALUES (13,'dbagworthc@cocolog-nifty.com');
INSERT INTO CorreoVeterinario(IDPersona,Correo) VALUES (14,'ggentd@printfriendly.com');
INSERT INTO CorreoVeterinario(IDPersona,Correo) VALUES (15,'bstrettelle@instagram.com');
INSERT INTO CorreoVeterinario(IDPersona,Correo) VALUES (16,'dwinterfloodf@xing.com');
INSERT INTO CorreoVeterinario(IDPersona,Correo) VALUES (17,'vcabralg@g.co');
INSERT INTO CorreoVeterinario(IDPersona,Correo) VALUES (18,'tdummerh@latimes.com');
INSERT INTO CorreoVeterinario(IDPersona,Correo) VALUES (19,'bbeebei@de.vu');
INSERT INTO CorreoVeterinario(IDPersona,Correo) VALUES (20,'mjohnsj@wufoo.com');
INSERT INTO CorreoVeterinario(IDPersona,Correo) VALUES (21,'esurgisonk@wisc.edu');
INSERT INTO CorreoVeterinario(IDPersona,Correo) VALUES (22,'ekerrodl@wufoo.com');
INSERT INTO CorreoVeterinario(IDPersona,Correo) VALUES (23,'fpendrichm@phpbb.com');
INSERT INTO CorreoVeterinario(IDPersona,Correo) VALUES (24,'svarfolomeevn@springer.com');
INSERT INTO CorreoVeterinario(IDPersona,Correo) VALUES (25,'alushero@umich.edu');
INSERT INTO CorreoVeterinario(IDPersona,Correo) VALUES (26,'troubeixp@arstechnica.com');
INSERT INTO CorreoVeterinario(IDPersona,Correo) VALUES (27,'rloiseauq@com.com');
INSERT INTO CorreoVeterinario(IDPersona,Correo) VALUES (28,'glorenzr@prweb.com');
INSERT INTO CorreoVeterinario(IDPersona,Correo) VALUES (29,'shaddackss@reuters.com');
INSERT INTO CorreoVeterinario(IDPersona,Correo) VALUES (30,'ftromanst@jugem.jp');
INSERT INTO CorreoVeterinario(IDPersona,Correo) VALUES (31,'bmattisu@bloomberg.com');
INSERT INTO CorreoVeterinario(IDPersona,Correo) VALUES (32,'bkayesv@constantcontact.com');
INSERT INTO CorreoVeterinario(IDPersona,Correo) VALUES (33,'njahnkew@goodreads.com');
INSERT INTO CorreoVeterinario(IDPersona,Correo) VALUES (34,'mdigancex@ox.ac.uk');
INSERT INTO CorreoVeterinario(IDPersona,Correo) VALUES (35,'ospurwayy@dropbox.com');
INSERT INTO CorreoVeterinario(IDPersona,Correo) VALUES (36,'alemonnierz@alibaba.com');
INSERT INTO CorreoVeterinario(IDPersona,Correo) VALUES (37,'kfraniak10@google.com');
INSERT INTO CorreoVeterinario(IDPersona,Correo) VALUES (38,'gcamblin11@slate.com');
INSERT INTO CorreoVeterinario(IDPersona,Correo) VALUES (39,'askeermor12@arizona.edu');
INSERT INTO CorreoVeterinario(IDPersona,Correo) VALUES (40,'ljime13@gov.uk');
INSERT INTO CorreoVeterinario(IDPersona,Correo) VALUES (41,'acaston14@slideshare.net');
INSERT INTO CorreoVeterinario(IDPersona,Correo) VALUES (42,'nwitterick15@networksolutions.com');
INSERT INTO CorreoVeterinario(IDPersona,Correo) VALUES (43,'elewendon16@live.com');
INSERT INTO CorreoVeterinario(IDPersona,Correo) VALUES (44,'aharteley17@biblegateway.com');
INSERT INTO CorreoVeterinario(IDPersona,Correo) VALUES (45,'mgheerhaert18@state.gov');
INSERT INTO CorreoVeterinario(IDPersona,Correo) VALUES (46,'lmckall19@google.fr');
INSERT INTO CorreoVeterinario(IDPersona,Correo) VALUES (47,'ghalgarth1a@sfgate.com');
INSERT INTO CorreoVeterinario(IDPersona,Correo) VALUES (48,'tfaichnie1b@blogs.com');
INSERT INTO CorreoVeterinario(IDPersona,Correo) VALUES (49,'bgrinston1c@behance.net');
INSERT INTO CorreoVeterinario(IDPersona,Correo) VALUES (50,'sheadly1d@economist.com');
INSERT INTO CorreoVeterinario(IDPersona,Correo) VALUES (51,'pgoldis1e@phoca.cz');
INSERT INTO CorreoVeterinario(IDPersona,Correo) VALUES (52,'rnotti1f@imageshack.us');
INSERT INTO CorreoVeterinario(IDPersona,Correo) VALUES (53,'chefford1g@arstechnica.com');
INSERT INTO CorreoVeterinario(IDPersona,Correo) VALUES (54,'cluckey1h@imgur.com');
INSERT INTO CorreoVeterinario(IDPersona,Correo) VALUES (55,'klorant1i@4shared.com');
INSERT INTO CorreoVeterinario(IDPersona,Correo) VALUES (56,'fbamford1j@tamu.edu');
INSERT INTO CorreoVeterinario(IDPersona,Correo) VALUES (57,'jthirwell1k@cloudflare.com');
INSERT INTO CorreoVeterinario(IDPersona,Correo) VALUES (58,'proycroft1l@yelp.com');
INSERT INTO CorreoVeterinario(IDPersona,Correo) VALUES (59,'bmayor1m@theglobeandmail.com');
INSERT INTO CorreoVeterinario(IDPersona,Correo) VALUES (60,'dcrossgrove1n@intel.com');
INSERT INTO CorreoVeterinario(IDPersona,Correo) VALUES (61,'amoughton1o@blog.com');
INSERT INTO CorreoVeterinario(IDPersona,Correo) VALUES (62,'gturvie1p@nymag.com');
INSERT INTO CorreoVeterinario(IDPersona,Correo) VALUES (63,'cfarrin1q@nyu.edu');
INSERT INTO CorreoVeterinario(IDPersona,Correo) VALUES (64,'jjanoch1r@bizjournals.com');
INSERT INTO CorreoVeterinario(IDPersona,Correo) VALUES (65,'kbeernaert1s@bizjournals.com');
INSERT INTO CorreoVeterinario(IDPersona,Correo) VALUES (66,'cshoulder1t@cpanel.net');
INSERT INTO CorreoVeterinario(IDPersona,Correo) VALUES (67,'agallafant1u@lycos.com');
INSERT INTO CorreoVeterinario(IDPersona,Correo) VALUES (68,'dlaxton1v@hibu.com');
INSERT INTO CorreoVeterinario(IDPersona,Correo) VALUES (69,'mramberg1w@europa.eu');
INSERT INTO CorreoVeterinario(IDPersona,Correo) VALUES (70,'cashley1x@squarespace.com');
INSERT INTO CorreoVeterinario(IDPersona,Correo) VALUES (71,'amotion1y@cdc.gov');
INSERT INTO CorreoVeterinario(IDPersona,Correo) VALUES (72,'dlackham1z@time.com');
INSERT INTO CorreoVeterinario(IDPersona,Correo) VALUES (73,'kphilipsohn20@who.int');
INSERT INTO CorreoVeterinario(IDPersona,Correo) VALUES (74,'hblethyn21@blogger.com');
INSERT INTO CorreoVeterinario(IDPersona,Correo) VALUES (75,'thaysman22@4shared.com');
INSERT INTO CorreoVeterinario(IDPersona,Correo) VALUES (76,'sbelz23@tmall.com');
INSERT INTO CorreoVeterinario(IDPersona,Correo) VALUES (77,'ipadilla24@wordpress.org');
INSERT INTO CorreoVeterinario(IDPersona,Correo) VALUES (78,'alambersen25@topsy.com');
INSERT INTO CorreoVeterinario(IDPersona,Correo) VALUES (79,'dyakov26@jimdo.com');
INSERT INTO CorreoVeterinario(IDPersona,Correo) VALUES (80,'rdowdle27@berkeley.edu');
INSERT INTO CorreoVeterinario(IDPersona,Correo) VALUES (81,'hdanielou28@gizmodo.com');
INSERT INTO CorreoVeterinario(IDPersona,Correo) VALUES (82,'oullett29@google.fr');
INSERT INTO CorreoVeterinario(IDPersona,Correo) VALUES (83,'cshurmer2a@smugmug.com');
INSERT INTO CorreoVeterinario(IDPersona,Correo) VALUES (84,'jtotterdill2b@mit.edu');
INSERT INTO CorreoVeterinario(IDPersona,Correo) VALUES (85,'mmasseo2c@imageshack.us');
INSERT INTO CorreoVeterinario(IDPersona,Correo) VALUES (86,'wbeer2d@pbs.org');
INSERT INTO CorreoVeterinario(IDPersona,Correo) VALUES (87,'kbednell2e@yelp.com');
INSERT INTO CorreoVeterinario(IDPersona,Correo) VALUES (88,'dmaskell2f@prnewswire.com');
INSERT INTO CorreoVeterinario(IDPersona,Correo) VALUES (89,'ckleynen2g@xrea.com');
INSERT INTO CorreoVeterinario(IDPersona,Correo) VALUES (90,'cspaingower2h@vimeo.com');
INSERT INTO CorreoVeterinario(IDPersona,Correo) VALUES (91,'speaddie2i@wufoo.com');
INSERT INTO CorreoVeterinario(IDPersona,Correo) VALUES (92,'ckynastone2j@miibeian.gov.cn');
INSERT INTO CorreoVeterinario(IDPersona,Correo) VALUES (93,'tradbond2k@engadget.com');
INSERT INTO CorreoVeterinario(IDPersona,Correo) VALUES (94,'dtriggel2l@state.gov');
INSERT INTO CorreoVeterinario(IDPersona,Correo) VALUES (95,'sgriffiths2m@aboutads.info');
INSERT INTO CorreoVeterinario(IDPersona,Correo) VALUES (96,'ndawton2n@360.cn');
INSERT INTO CorreoVeterinario(IDPersona,Correo) VALUES (97,'rbernardinelli2o@nature.com');
INSERT INTO CorreoVeterinario(IDPersona,Correo) VALUES (98,'ckitchaside2p@admin.ch');
INSERT INTO CorreoVeterinario(IDPersona,Correo) VALUES (99,'asoles2q@joomla.org');
INSERT INTO CorreoVeterinario(IDPersona,Correo) VALUES (100,'gsartain2r@accuweather.com');

INSERT INTO Cliente(IDPersona,Nombre,ApellidoPaterno,ApellidoMaterno,Genero) VALUES (1,'OLEGARIO','PARRILLA','FAVIEL','M');
INSERT INTO Cliente(IDPersona,Nombre,ApellidoPaterno,ApellidoMaterno,Genero) VALUES (2,'VERONICA','GALUE','OLVEDA','F');
INSERT INTO Cliente(IDPersona,Nombre,ApellidoPaterno,ApellidoMaterno,Genero) VALUES (3,'EMANUELLE','PINTADO','TIRADO','M');
INSERT INTO Cliente(IDPersona,Nombre,ApellidoPaterno,ApellidoMaterno,Genero) VALUES (4,'DOMINIQUE','LABORIN','GUEMEZ','M');
INSERT INTO Cliente(IDPersona,Nombre,ApellidoPaterno,ApellidoMaterno,Genero) VALUES (5,'SHAIN','ACALCO','MUSTAFAT','F');
INSERT INTO Cliente(IDPersona,Nombre,ApellidoPaterno,ApellidoMaterno,Genero) VALUES (6,'AKETZALI','ROUZAUD','GARVALENA','M');
INSERT INTO Cliente(IDPersona,Nombre,ApellidoPaterno,ApellidoMaterno,Genero) VALUES (7,'ALEXYA','SEQUEDA','GAVITO','M');
INSERT INTO Cliente(IDPersona,Nombre,ApellidoPaterno,ApellidoMaterno,Genero) VALUES (8,'SOID','SALAIS','TLASECA','F');
INSERT INTO Cliente(IDPersona,Nombre,ApellidoPaterno,ApellidoMaterno,Genero) VALUES (9,'CORALI','BEDOY','TRIVERA','M');
INSERT INTO Cliente(IDPersona,Nombre,ApellidoPaterno,ApellidoMaterno,Genero) VALUES (10,'NORIEL','GRANADOS','AGUEDA','F');
INSERT INTO Cliente(IDPersona,Nombre,ApellidoPaterno,ApellidoMaterno,Genero) VALUES (11,'YIREM','LANGO','TORRECILLA','F');
INSERT INTO Cliente(IDPersona,Nombre,ApellidoPaterno,ApellidoMaterno,Genero) VALUES (12,'YATZIL','MARTIGNON','SUET','F');
INSERT INTO Cliente(IDPersona,Nombre,ApellidoPaterno,ApellidoMaterno,Genero) VALUES (13,'MARLENI','TEPATO','CORNELIO','F');
INSERT INTO Cliente(IDPersona,Nombre,ApellidoPaterno,ApellidoMaterno,Genero) VALUES (14,'NICKY','CASIMIRO','BALON','F');
INSERT INTO Cliente(IDPersona,Nombre,ApellidoPaterno,ApellidoMaterno,Genero) VALUES (15,'KALET','DE LA PAZ','YEN','F');
INSERT INTO Cliente(IDPersona,Nombre,ApellidoPaterno,ApellidoMaterno,Genero) VALUES (16,'ALEKXANDER','SINGH','CATALINA','F');
INSERT INTO Cliente(IDPersona,Nombre,ApellidoPaterno,ApellidoMaterno,Genero) VALUES (17,'DANNAE','ZETERA','AGAPITO','F');
INSERT INTO Cliente(IDPersona,Nombre,ApellidoPaterno,ApellidoMaterno,Genero) VALUES (18,'ABISAI','LEMAS','LIZARRARAS','F');
INSERT INTO Cliente(IDPersona,Nombre,ApellidoPaterno,ApellidoMaterno,Genero) VALUES (19,'MARIVI','TINAJERO','GRESS','F');
INSERT INTO Cliente(IDPersona,Nombre,ApellidoPaterno,ApellidoMaterno,Genero) VALUES (20,'MELISSA','DEL TORO','LUEVANO','F');
INSERT INTO Cliente(IDPersona,Nombre,ApellidoPaterno,ApellidoMaterno,Genero) VALUES (21,'VANNESA','UROZA','FUENTEZ','M');
INSERT INTO Cliente(IDPersona,Nombre,ApellidoPaterno,ApellidoMaterno,Genero) VALUES (22,'BERNAT','TENORIO','VILLAMAR','M');
INSERT INTO Cliente(IDPersona,Nombre,ApellidoPaterno,ApellidoMaterno,Genero) VALUES (23,'XOCHILTH','CHIW','OCHOA','F');
INSERT INTO Cliente(IDPersona,Nombre,ApellidoPaterno,ApellidoMaterno,Genero) VALUES (24,'NAIROBI','PERCASTEGUI','KINIL','M');
INSERT INTO Cliente(IDPersona,Nombre,ApellidoPaterno,ApellidoMaterno,Genero) VALUES (25,'AMERICA','CERA','RODAS','F');
INSERT INTO Cliente(IDPersona,Nombre,ApellidoPaterno,ApellidoMaterno,Genero) VALUES (26,'LORELY','SANLUIS','LLAGUNO','M');
INSERT INTO Cliente(IDPersona,Nombre,ApellidoPaterno,ApellidoMaterno,Genero) VALUES (27,'ZAHORI','COBA','Y DURAN','F');
INSERT INTO Cliente(IDPersona,Nombre,ApellidoPaterno,ApellidoMaterno,Genero) VALUES (28,'ODDE','TOXQUI','BRISTOL','F');
INSERT INTO Cliente(IDPersona,Nombre,ApellidoPaterno,ApellidoMaterno,Genero) VALUES (29,'SPENCER','DEANTES','AREBALO','F');
INSERT INTO Cliente(IDPersona,Nombre,ApellidoPaterno,ApellidoMaterno,Genero) VALUES (30,'MIN','LANDETA','GUADERRAMA','F');
INSERT INTO Cliente(IDPersona,Nombre,ApellidoPaterno,ApellidoMaterno,Genero) VALUES (31,'EVERARDO','LAURO','TIZAPAN','M');
INSERT INTO Cliente(IDPersona,Nombre,ApellidoPaterno,ApellidoMaterno,Genero) VALUES (32,'ASHLIN','MARIZ','AGAMA','F');
INSERT INTO Cliente(IDPersona,Nombre,ApellidoPaterno,ApellidoMaterno,Genero) VALUES (33,'YESSENIA','INDILI','ARZETA','M');
INSERT INTO Cliente(IDPersona,Nombre,ApellidoPaterno,ApellidoMaterno,Genero) VALUES (34,'DASHA','PLAZOLA','GUENDOLAY','F');
INSERT INTO Cliente(IDPersona,Nombre,ApellidoPaterno,ApellidoMaterno,Genero) VALUES (35,'YELIEL','SIALIQUI','CHECA','M');
INSERT INTO Cliente(IDPersona,Nombre,ApellidoPaterno,ApellidoMaterno,Genero) VALUES (36,'ITAMAR','AVINA','CUAUHTECATL','M');
INSERT INTO Cliente(IDPersona,Nombre,ApellidoPaterno,ApellidoMaterno,Genero) VALUES (37,'ANDRES','CIRA','NANDEZ','M');
INSERT INTO Cliente(IDPersona,Nombre,ApellidoPaterno,ApellidoMaterno,Genero) VALUES (38,'AZUMI','MEZQUITE','COSGALLA','F');
INSERT INTO Cliente(IDPersona,Nombre,ApellidoPaterno,ApellidoMaterno,Genero) VALUES (39,'JOHANAN','MONTECILLO','DALMAN','M');
INSERT INTO Cliente(IDPersona,Nombre,ApellidoPaterno,ApellidoMaterno,Genero) VALUES (40,'HADAD','ALPIZAR','DILLANES','F');
INSERT INTO Cliente(IDPersona,Nombre,ApellidoPaterno,ApellidoMaterno,Genero) VALUES (41,'HERA','CASILLAS','DE LA SANCHA','F');
INSERT INTO Cliente(IDPersona,Nombre,ApellidoPaterno,ApellidoMaterno,Genero) VALUES (42,'LORETO','BUTANDA','TREVINO','F');
INSERT INTO Cliente(IDPersona,Nombre,ApellidoPaterno,ApellidoMaterno,Genero) VALUES (43,'ELLA','VERAL','GORRA','M');
INSERT INTO Cliente(IDPersona,Nombre,ApellidoPaterno,ApellidoMaterno,Genero) VALUES (44,'YULIAN','ITURBIDE','CEDEÑO','M');
INSERT INTO Cliente(IDPersona,Nombre,ApellidoPaterno,ApellidoMaterno,Genero) VALUES (45,'LUVIA','XOTLANIHUA','VILLAMIL','M');
INSERT INTO Cliente(IDPersona,Nombre,ApellidoPaterno,ApellidoMaterno,Genero) VALUES (46,'JOSEP','TAH','REQUENA','F');
INSERT INTO Cliente(IDPersona,Nombre,ApellidoPaterno,ApellidoMaterno,Genero) VALUES (47,'YUNIEL','MALDONADO','ARIZPE','M');
INSERT INTO Cliente(IDPersona,Nombre,ApellidoPaterno,ApellidoMaterno,Genero) VALUES (48,'HELEM','BASORIA','PANDURO','F');
INSERT INTO Cliente(IDPersona,Nombre,ApellidoPaterno,ApellidoMaterno,Genero) VALUES (49,'TERRY','ZAMORAN','CASTILLEROS','M');
INSERT INTO Cliente(IDPersona,Nombre,ApellidoPaterno,ApellidoMaterno,Genero) VALUES (50,'ARONI','BORRAYO','GUAPO','F');
INSERT INTO Cliente(IDPersona,Nombre,ApellidoPaterno,ApellidoMaterno,Genero) VALUES (51,'RAMCES','SISNEROS','NICIO','M');
INSERT INTO Cliente(IDPersona,Nombre,ApellidoPaterno,ApellidoMaterno,Genero) VALUES (52,'ANIEL','MONTAÑO','PASTRANO','F');
INSERT INTO Cliente(IDPersona,Nombre,ApellidoPaterno,ApellidoMaterno,Genero) VALUES (53,'AMEYALI','MENTADO','RODRÍGUEZ','M');
INSERT INTO Cliente(IDPersona,Nombre,ApellidoPaterno,ApellidoMaterno,Genero) VALUES (54,'YUSSEL','LEDESMA','BANUELOS','M');
INSERT INTO Cliente(IDPersona,Nombre,ApellidoPaterno,ApellidoMaterno,Genero) VALUES (55,'MAGGIE','PEÑALOZA','KUMUL','M');
INSERT INTO Cliente(IDPersona,Nombre,ApellidoPaterno,ApellidoMaterno,Genero) VALUES (56,'BAALAM','FABELA','AUREOLES','M');
INSERT INTO Cliente(IDPersona,Nombre,ApellidoPaterno,ApellidoMaterno,Genero) VALUES (57,'OZAIN','MURIEDAS','CORCINO','F');
INSERT INTO Cliente(IDPersona,Nombre,ApellidoPaterno,ApellidoMaterno,Genero) VALUES (58,'SONNY','VASCONCELOS','ROACHO','M');
INSERT INTO Cliente(IDPersona,Nombre,ApellidoPaterno,ApellidoMaterno,Genero) VALUES (59,'YATANA','TLAPALAMATL','COTERA','F');
INSERT INTO Cliente(IDPersona,Nombre,ApellidoPaterno,ApellidoMaterno,Genero) VALUES (60,'DANAHY','HORTELANO','ACATITLA','M');
INSERT INTO Cliente(IDPersona,Nombre,ApellidoPaterno,ApellidoMaterno,Genero) VALUES (61,'ANGIE','TORREZ','TADEO','F');
INSERT INTO Cliente(IDPersona,Nombre,ApellidoPaterno,ApellidoMaterno,Genero) VALUES (62,'LISSET','VEYNA','PALA','M');
INSERT INTO Cliente(IDPersona,Nombre,ApellidoPaterno,ApellidoMaterno,Genero) VALUES (63,'ATHZIRI','BOLLAS','GANDARA','M');
INSERT INTO Cliente(IDPersona,Nombre,ApellidoPaterno,ApellidoMaterno,Genero) VALUES (64,'NEFI','AVELIZAPA','CLETO','M');
INSERT INTO Cliente(IDPersona,Nombre,ApellidoPaterno,ApellidoMaterno,Genero) VALUES (65,'SEBASTI','LIQUIDANO','RABADAN','M');
INSERT INTO Cliente(IDPersona,Nombre,ApellidoPaterno,ApellidoMaterno,Genero) VALUES (66,'KINNERETH','SANTIZO','ANDRIANO','F');
INSERT INTO Cliente(IDPersona,Nombre,ApellidoPaterno,ApellidoMaterno,Genero) VALUES (67,'ERIBERTO','PORTUGUEZ','ALFARO','M');
INSERT INTO Cliente(IDPersona,Nombre,ApellidoPaterno,ApellidoMaterno,Genero) VALUES (68,'HIROKO','ONOFRE','MAQUEO','F');
INSERT INTO Cliente(IDPersona,Nombre,ApellidoPaterno,ApellidoMaterno,Genero) VALUES (69,'DENYSS','BETANCE','BERISTAIN','M');
INSERT INTO Cliente(IDPersona,Nombre,ApellidoPaterno,ApellidoMaterno,Genero) VALUES (70,'ELIANA','GARCÍA','TILAN','M');
INSERT INTO Cliente(IDPersona,Nombre,ApellidoPaterno,ApellidoMaterno,Genero) VALUES (71,'MICKEL','SELVAN','QUIÑONES','M');
INSERT INTO Cliente(IDPersona,Nombre,ApellidoPaterno,ApellidoMaterno,Genero) VALUES (72,'ROSITA','BE','BARRALES','M');
INSERT INTO Cliente(IDPersona,Nombre,ApellidoPaterno,ApellidoMaterno,Genero) VALUES (73,'VAYRON','BARRERO','LUNAR','F');
INSERT INTO Cliente(IDPersona,Nombre,ApellidoPaterno,ApellidoMaterno,Genero) VALUES (74,'ABYGAIL','VITAL','COLORADO','F');
INSERT INTO Cliente(IDPersona,Nombre,ApellidoPaterno,ApellidoMaterno,Genero) VALUES (75,'LAYLA','SILVERIO','LEDEZMA','M');
INSERT INTO Cliente(IDPersona,Nombre,ApellidoPaterno,ApellidoMaterno,Genero) VALUES (76,'JULLIET','VENDRELL','CUADRAS','M');
INSERT INTO Cliente(IDPersona,Nombre,ApellidoPaterno,ApellidoMaterno,Genero) VALUES (77,'JOZEF','JARERO','TEMOLTZI','M');
INSERT INTO Cliente(IDPersona,Nombre,ApellidoPaterno,ApellidoMaterno,Genero) VALUES (78,'EVELYNE','GORRA','REYES','F');
INSERT INTO Cliente(IDPersona,Nombre,ApellidoPaterno,ApellidoMaterno,Genero) VALUES (79,'HAPUC','RAUDA','STGO','F');
INSERT INTO Cliente(IDPersona,Nombre,ApellidoPaterno,ApellidoMaterno,Genero) VALUES (80,'ESTUARDO','PUON','COX','M');
INSERT INTO Cliente(IDPersona,Nombre,ApellidoPaterno,ApellidoMaterno,Genero) VALUES (81,'MIGUEL','MOLLINEDO','DEL CARPIO','F');
INSERT INTO Cliente(IDPersona,Nombre,ApellidoPaterno,ApellidoMaterno,Genero) VALUES (82,'YOJANA','ALEJOS','CEBADA','M');
INSERT INTO Cliente(IDPersona,Nombre,ApellidoPaterno,ApellidoMaterno,Genero) VALUES (83,'LU','OVIEDO','PEDRIN','F');
INSERT INTO Cliente(IDPersona,Nombre,ApellidoPaterno,ApellidoMaterno,Genero) VALUES (84,'HILARY','OCASIO','CASTAÑOS','M');
INSERT INTO Cliente(IDPersona,Nombre,ApellidoPaterno,ApellidoMaterno,Genero) VALUES (85,'CRISTINA','KAU','CHIVAS','M');
INSERT INTO Cliente(IDPersona,Nombre,ApellidoPaterno,ApellidoMaterno,Genero) VALUES (86,'KENNEDY','ALVINO','DE LARA','M');
INSERT INTO Cliente(IDPersona,Nombre,ApellidoPaterno,ApellidoMaterno,Genero) VALUES (87,'DOMIC','CABADA','BERNARDO','F');
INSERT INTO Cliente(IDPersona,Nombre,ApellidoPaterno,ApellidoMaterno,Genero) VALUES (88,'ALI','ANDUJO','SEL','F');
INSERT INTO Cliente(IDPersona,Nombre,ApellidoPaterno,ApellidoMaterno,Genero) VALUES (89,'AILED','CORTEZ','FERRA','F');
INSERT INTO Cliente(IDPersona,Nombre,ApellidoPaterno,ApellidoMaterno,Genero) VALUES (90,'JHOSMAR','XX','ALQUICIRA','M');
INSERT INTO Cliente(IDPersona,Nombre,ApellidoPaterno,ApellidoMaterno,Genero) VALUES (91,'ZENAIDA','MONTALVAN','ROJERO','F');
INSERT INTO Cliente(IDPersona,Nombre,ApellidoPaterno,ApellidoMaterno,Genero) VALUES (92,'INTI','BRANDI','INGLES','F');
INSERT INTO Cliente(IDPersona,Nombre,ApellidoPaterno,ApellidoMaterno,Genero) VALUES (93,'EULISES','FLETES','ELIGIO','M');
INSERT INTO Cliente(IDPersona,Nombre,ApellidoPaterno,ApellidoMaterno,Genero) VALUES (94,'LAYLA','NEGRIN','ALMEJO','F');
INSERT INTO Cliente(IDPersona,Nombre,ApellidoPaterno,ApellidoMaterno,Genero) VALUES (95,'NAYIVE','OLAN','NOVIA','M');
INSERT INTO Cliente(IDPersona,Nombre,ApellidoPaterno,ApellidoMaterno,Genero) VALUES (96,'JOLIE','BERROTERAN','ANLEU','F');
INSERT INTO Cliente(IDPersona,Nombre,ApellidoPaterno,ApellidoMaterno,Genero) VALUES (97,'EUGENE','QUEJ','SARANDINGUA','F');
INSERT INTO Cliente(IDPersona,Nombre,ApellidoPaterno,ApellidoMaterno,Genero) VALUES (98,'SELINA','CHEW','HERNADEZ','M');
INSERT INTO Cliente(IDPersona,Nombre,ApellidoPaterno,ApellidoMaterno,Genero) VALUES (99,'ELOINA','BURGUETE','GUADARRAMA','M');
INSERT INTO Cliente(IDPersona,Nombre,ApellidoPaterno,ApellidoMaterno,Genero) VALUES (100,'SAM','TURIJAN','ABADIA','M');

insert into CorreoCliente (IDPersona, Correo) values (16, 'pmaccarlich0@webnode.com');
insert into CorreoCliente (IDPersona, Correo) values (91, 'mscarf1@barnesandnoble.com');
insert into CorreoCliente (IDPersona, Correo) values (49, 'ggarralts2@thetimes.co.uk');
insert into CorreoCliente (IDPersona, Correo) values (84, 'cmccuaig3@zdnet.com');
insert into CorreoCliente (IDPersona, Correo) values (52, 'cdanbrook4@plala.or.jp');
insert into CorreoCliente (IDPersona, Correo) values (10, 'bcream5@businessinsider.com');
insert into CorreoCliente (IDPersona, Correo) values (21, 'cgrix6@skype.com');
insert into CorreoCliente (IDPersona, Correo) values (50, 'bdominicacci7@umn.edu');
insert into CorreoCliente (IDPersona, Correo) values (33, 'jgreiswood8@ycombinator.com');
insert into CorreoCliente (IDPersona, Correo) values (18, 'sseely9@reuters.com');
insert into CorreoCliente (IDPersona, Correo) values (64, 'mguerrea@slashdot.org');
insert into CorreoCliente (IDPersona, Correo) values (10, 'mbaggotb@pcworld.com');
insert into CorreoCliente (IDPersona, Correo) values (96, 'bmiettinenc@walmart.com');
insert into CorreoCliente (IDPersona, Correo) values (61, 'ayatesd@mac.com');
insert into CorreoCliente (IDPersona, Correo) values (6, 'zbrummitte@bing.com');
insert into CorreoCliente (IDPersona, Correo) values (82, 'hcawsyf@oracle.com');
insert into CorreoCliente (IDPersona, Correo) values (43, 'lmendusg@blogtalkradio.com');
insert into CorreoCliente (IDPersona, Correo) values (22, 'kbaniardh@tinyurl.com');
insert into CorreoCliente (IDPersona, Correo) values (84, 'ncheyennei@sakura.ne.jp');
insert into CorreoCliente (IDPersona, Correo) values (65, 'lsidneyj@springer.com');
insert into CorreoCliente (IDPersona, Correo) values (17, 'alorenzok@deliciousdays.com');
insert into CorreoCliente (IDPersona, Correo) values (94, 'gcolebournl@ca.gov');
insert into CorreoCliente (IDPersona, Correo) values (42, 'hohmsm@webs.com');
insert into CorreoCliente (IDPersona, Correo) values (4, 'zparryn@infoseek.co.jp');
insert into CorreoCliente (IDPersona, Correo) values (66, 'hpateso@google.it');
insert into CorreoCliente (IDPersona, Correo) values (14, 'cwilliamp@usnews.com');
insert into CorreoCliente (IDPersona, Correo) values (59, 'mjeaneauq@geocities.jp');
insert into CorreoCliente (IDPersona, Correo) values (43, 'jcurnerr@aol.com');
insert into CorreoCliente (IDPersona, Correo) values (67, 'bmaxsteds@t-online.de');
insert into CorreoCliente (IDPersona, Correo) values (65, 'kbromheadt@thetimes.co.uk');
insert into CorreoCliente (IDPersona, Correo) values (40, 'eeastcourtu@uol.com.br');
insert into CorreoCliente (IDPersona, Correo) values (77, 'dhillenv@cyberchimps.com');
insert into CorreoCliente (IDPersona, Correo) values (70, 'ddiclaudiow@cam.ac.uk');
insert into CorreoCliente (IDPersona, Correo) values (13, 'iwardinglyx@guardian.co.uk');
insert into CorreoCliente (IDPersona, Correo) values (16, 'pnowlandy@about.me');
insert into CorreoCliente (IDPersona, Correo) values (79, 'kspinksz@vk.com');
insert into CorreoCliente (IDPersona, Correo) values (43, 'sbonhomme10@senate.gov');
insert into CorreoCliente (IDPersona, Correo) values (51, 'golivelli11@whitehouse.gov');
insert into CorreoCliente (IDPersona, Correo) values (72, 'mgoodrich12@cafepress.com');
insert into CorreoCliente (IDPersona, Correo) values (21, 'aleah13@upenn.edu');
insert into CorreoCliente (IDPersona, Correo) values (66, 'rbott14@zimbio.com');
insert into CorreoCliente (IDPersona, Correo) values (19, 'fhenze15@wikipedia.org');
insert into CorreoCliente (IDPersona, Correo) values (8, 'dgoly16@answers.com');
insert into CorreoCliente (IDPersona, Correo) values (21, 'oboucher17@tmall.com');
insert into CorreoCliente (IDPersona, Correo) values (89, 'cfulk18@rambler.ru');
insert into CorreoCliente (IDPersona, Correo) values (27, 'pbacchus19@taobao.com');
insert into CorreoCliente (IDPersona, Correo) values (68, 'kdacca1a@hibu.com');
insert into CorreoCliente (IDPersona, Correo) values (5, 'jjeaffreson1b@disqus.com');
insert into CorreoCliente (IDPersona, Correo) values (72, 'rbaum1c@yelp.com');
insert into CorreoCliente (IDPersona, Correo) values (98, 'ttemperton1d@independent.co.uk');
insert into CorreoCliente (IDPersona, Correo) values (23, 'apainten1e@time.com');
insert into CorreoCliente (IDPersona, Correo) values (30, 'sholbie1f@trellian.com');
insert into CorreoCliente (IDPersona, Correo) values (99, 'kschutt1g@wsj.com');
insert into CorreoCliente (IDPersona, Correo) values (57, 'gschild1h@wordpress.com');
insert into CorreoCliente (IDPersona, Correo) values (98, 'mmasterson1i@sfgate.com');
insert into CorreoCliente (IDPersona, Correo) values (58, 'rberney1j@google.de');
insert into CorreoCliente (IDPersona, Correo) values (5, 'lbaldacchi1k@microsoft.com');
insert into CorreoCliente (IDPersona, Correo) values (91, 'agiannazzi1l@sbwire.com');
insert into CorreoCliente (IDPersona, Correo) values (41, 'mimbrey1m@usgs.gov');
insert into CorreoCliente (IDPersona, Correo) values (47, 'fmewes1n@ed.gov');
insert into CorreoCliente (IDPersona, Correo) values (54, 'pclose1o@ihg.com');
insert into CorreoCliente (IDPersona, Correo) values (91, 'epetkens1p@sciencedaily.com');
insert into CorreoCliente (IDPersona, Correo) values (12, 'bnewiss1q@aboutads.info');
insert into CorreoCliente (IDPersona, Correo) values (70, 'nbottrell1r@dell.com');
insert into CorreoCliente (IDPersona, Correo) values (67, 'tcantrill1s@cisco.com');
insert into CorreoCliente (IDPersona, Correo) values (77, 'jbletsor1t@lycos.com');
insert into CorreoCliente (IDPersona, Correo) values (26, 'mdoolan1u@xrea.com');
insert into CorreoCliente (IDPersona, Correo) values (1, 'iiacovino1v@amazon.co.jp');
insert into CorreoCliente (IDPersona, Correo) values (20, 'bwingatt1w@jalbum.net');
insert into CorreoCliente (IDPersona, Correo) values (37, 'ggeyton1x@virginia.edu');
insert into CorreoCliente (IDPersona, Correo) values (67, 'hduer1y@dropbox.com');
insert into CorreoCliente (IDPersona, Correo) values (48, 'jmcgenn1z@sohu.com');
insert into CorreoCliente (IDPersona, Correo) values (94, 'btweddell20@ocn.ne.jp');
insert into CorreoCliente (IDPersona, Correo) values (50, 'mmacanelley21@bigcartel.com');
insert into CorreoCliente (IDPersona, Correo) values (5, 'dcradock22@arizona.edu');
insert into CorreoCliente (IDPersona, Correo) values (39, 'ehallowes23@diigo.com');
insert into CorreoCliente (IDPersona, Correo) values (2, 'lleman24@ow.ly');
insert into CorreoCliente (IDPersona, Correo) values (45, 'erodolf25@vk.com');
insert into CorreoCliente (IDPersona, Correo) values (27, 'cpenlington26@sina.com.cn');
insert into CorreoCliente (IDPersona, Correo) values (29, 'tsouthorn27@topsy.com');
insert into CorreoCliente (IDPersona, Correo) values (37, 'ininnis28@list-manage.com');
insert into CorreoCliente (IDPersona, Correo) values (97, 'bdonaldson29@amazon.de');
insert into CorreoCliente (IDPersona, Correo) values (49, 'bmatthensen2a@examiner.com');
insert into CorreoCliente (IDPersona, Correo) values (29, 'abeckles2b@intel.com');
insert into CorreoCliente (IDPersona, Correo) values (13, 'gyeoman2c@photobucket.com');
insert into CorreoCliente (IDPersona, Correo) values (46, 'mklaus2d@comcast.net');
insert into CorreoCliente (IDPersona, Correo) values (39, 'laldham2e@facebook.com');
insert into CorreoCliente (IDPersona, Correo) values (37, 'delderton2f@topsy.com');
insert into CorreoCliente (IDPersona, Correo) values (46, 'aoswal2g@cornell.edu');
insert into CorreoCliente (IDPersona, Correo) values (93, 'rphilipart2h@blinklist.com');
insert into CorreoCliente (IDPersona, Correo) values (62, 'isorbie2i@networksolutions.com');
insert into CorreoCliente (IDPersona, Correo) values (40, 'tlenin2j@rambler.ru');
insert into CorreoCliente (IDPersona, Correo) values (59, 'lbezant2k@berkeley.edu');
insert into CorreoCliente (IDPersona, Correo) values (15, 'csperski2l@oaic.gov.au');
insert into CorreoCliente (IDPersona, Correo) values (99, 'shirthe2m@hostgator.com');
insert into CorreoCliente (IDPersona, Correo) values (29, 'fcastle2n@stanford.edu');
insert into CorreoCliente (IDPersona, Correo) values (5, 'veaves2o@cdbaby.com');
insert into CorreoCliente (IDPersona, Correo) values (38, 'cbowshire2p@washingtonpost.com');
insert into CorreoCliente (IDPersona, Correo) values (56, 'bechallie2q@hud.gov');
insert into CorreoCliente (IDPersona, Correo) values (84, 'clambden2r@google.es');

insert into TelefonoCliente (IDPersona, Telefono) values (31, 5512954038);
insert into TelefonoCliente (IDPersona, Telefono) values (21, 5535856954);
insert into TelefonoCliente (IDPersona, Telefono) values (8, 5588072985);
insert into TelefonoCliente (IDPersona, Telefono) values (93, 5525496888);
insert into TelefonoCliente (IDPersona, Telefono) values (97, 5591162735);
insert into TelefonoCliente (IDPersona, Telefono) values (66, 5509661656);
insert into TelefonoCliente (IDPersona, Telefono) values (19, 5518697624);
insert into TelefonoCliente (IDPersona, Telefono) values (91, 5587998774);
insert into TelefonoCliente (IDPersona, Telefono) values (90, 5553534329);
insert into TelefonoCliente (IDPersona, Telefono) values (60, 5590471133);
insert into TelefonoCliente (IDPersona, Telefono) values (45, 5587472638);
insert into TelefonoCliente (IDPersona, Telefono) values (92, 5557205776);
insert into TelefonoCliente (IDPersona, Telefono) values (41, 5577086777);
insert into TelefonoCliente (IDPersona, Telefono) values (24, 5510784339);
insert into TelefonoCliente (IDPersona, Telefono) values (68, 5585857268);
insert into TelefonoCliente (IDPersona, Telefono) values (44, 5573698480);
insert into TelefonoCliente (IDPersona, Telefono) values (56, 5538655951);
insert into TelefonoCliente (IDPersona, Telefono) values (37, 5511633076);
insert into TelefonoCliente (IDPersona, Telefono) values (66, 5542631313);
insert into TelefonoCliente (IDPersona, Telefono) values (44, 5542191403);
insert into TelefonoCliente (IDPersona, Telefono) values (59, 5586583378);
insert into TelefonoCliente (IDPersona, Telefono) values (77, 5571275014);
insert into TelefonoCliente (IDPersona, Telefono) values (78, 5580089493);
insert into TelefonoCliente (IDPersona, Telefono) values (74, 5582160062);
insert into TelefonoCliente (IDPersona, Telefono) values (86, 5538535243);
insert into TelefonoCliente (IDPersona, Telefono) values (29, 5500693648);
insert into TelefonoCliente (IDPersona, Telefono) values (10, 5533282554);
insert into TelefonoCliente (IDPersona, Telefono) values (79, 5523656211);
insert into TelefonoCliente (IDPersona, Telefono) values (10, 5582876515);
insert into TelefonoCliente (IDPersona, Telefono) values (89, 5596792243);
insert into TelefonoCliente (IDPersona, Telefono) values (38, 5522053350);
insert into TelefonoCliente (IDPersona, Telefono) values (25, 5571232584);
insert into TelefonoCliente (IDPersona, Telefono) values (100, 5514433193);
insert into TelefonoCliente (IDPersona, Telefono) values (27, 5572697513);
insert into TelefonoCliente (IDPersona, Telefono) values (39, 5570818735);
insert into TelefonoCliente (IDPersona, Telefono) values (51, 5521775935);
insert into TelefonoCliente (IDPersona, Telefono) values (70, 5537364730);
insert into TelefonoCliente (IDPersona, Telefono) values (24, 5580084175);
insert into TelefonoCliente (IDPersona, Telefono) values (86, 5566088219);
insert into TelefonoCliente (IDPersona, Telefono) values (48, 5585856330);
insert into TelefonoCliente (IDPersona, Telefono) values (54, 5525089658);
insert into TelefonoCliente (IDPersona, Telefono) values (24, 5513513558);
insert into TelefonoCliente (IDPersona, Telefono) values (10, 5520581252);
insert into TelefonoCliente (IDPersona, Telefono) values (40, 5591974280);
insert into TelefonoCliente (IDPersona, Telefono) values (50, 5519551823);
insert into TelefonoCliente (IDPersona, Telefono) values (83, 5552881609);
insert into TelefonoCliente (IDPersona, Telefono) values (19, 5528512877);
insert into TelefonoCliente (IDPersona, Telefono) values (10, 5575806095);
insert into TelefonoCliente (IDPersona, Telefono) values (87, 5555432404);
insert into TelefonoCliente (IDPersona, Telefono) values (63, 5584673536);
insert into TelefonoCliente (IDPersona, Telefono) values (89, 5568676696);
insert into TelefonoCliente (IDPersona, Telefono) values (95, 5565761345);
insert into TelefonoCliente (IDPersona, Telefono) values (55, 5547644042);
insert into TelefonoCliente (IDPersona, Telefono) values (1, 5512861933);
insert into TelefonoCliente (IDPersona, Telefono) values (19, 5533943670);
insert into TelefonoCliente (IDPersona, Telefono) values (29, 5546562341);
insert into TelefonoCliente (IDPersona, Telefono) values (85, 5503422599);
insert into TelefonoCliente (IDPersona, Telefono) values (4, 5595826040);
insert into TelefonoCliente (IDPersona, Telefono) values (56, 5563977981);
insert into TelefonoCliente (IDPersona, Telefono) values (41, 5544052649);
insert into TelefonoCliente (IDPersona, Telefono) values (99, 5513016106);
insert into TelefonoCliente (IDPersona, Telefono) values (25, 5596512244);
insert into TelefonoCliente (IDPersona, Telefono) values (2, 5545463155);
insert into TelefonoCliente (IDPersona, Telefono) values (94, 5528959322);
insert into TelefonoCliente (IDPersona, Telefono) values (96, 5561164281);
insert into TelefonoCliente (IDPersona, Telefono) values (40, 5525766365);
insert into TelefonoCliente (IDPersona, Telefono) values (89, 5534382726);
insert into TelefonoCliente (IDPersona, Telefono) values (60, 5539342597);
insert into TelefonoCliente (IDPersona, Telefono) values (95, 5579994936);
insert into TelefonoCliente (IDPersona, Telefono) values (100, 5559544610);
insert into TelefonoCliente (IDPersona, Telefono) values (21, 5550951456);
insert into TelefonoCliente (IDPersona, Telefono) values (9, 5568590142);
insert into TelefonoCliente (IDPersona, Telefono) values (22, 5588494620);
insert into TelefonoCliente (IDPersona, Telefono) values (76, 5530035697);
insert into TelefonoCliente (IDPersona, Telefono) values (58, 5545287209);
insert into TelefonoCliente (IDPersona, Telefono) values (36, 5534341810);
insert into TelefonoCliente (IDPersona, Telefono) values (90, 5534474737);
insert into TelefonoCliente (IDPersona, Telefono) values (5, 5537998593);
insert into TelefonoCliente (IDPersona, Telefono) values (75, 5507101661);
insert into TelefonoCliente (IDPersona, Telefono) values (19, 5586382360);
insert into TelefonoCliente (IDPersona, Telefono) values (99, 5515500599);
insert into TelefonoCliente (IDPersona, Telefono) values (94, 5558915171);
insert into TelefonoCliente (IDPersona, Telefono) values (99, 5514758384);
insert into TelefonoCliente (IDPersona, Telefono) values (75, 5582598373);
insert into TelefonoCliente (IDPersona, Telefono) values (87, 5546126778);
insert into TelefonoCliente (IDPersona, Telefono) values (8, 5572008621);
insert into TelefonoCliente (IDPersona, Telefono) values (6, 5523366610);
insert into TelefonoCliente (IDPersona, Telefono) values (57, 5542292696);
insert into TelefonoCliente (IDPersona, Telefono) values (81, 5565982356);
insert into TelefonoCliente (IDPersona, Telefono) values (45, 5567228733);
insert into TelefonoCliente (IDPersona, Telefono) values (79, 5545389454);
insert into TelefonoCliente (IDPersona, Telefono) values (87, 5509583859);
insert into TelefonoCliente (IDPersona, Telefono) values (17, 5515035132);
insert into TelefonoCliente (IDPersona, Telefono) values (83, 5519098963);
insert into TelefonoCliente (IDPersona, Telefono) values (58, 5549149004);
insert into TelefonoCliente (IDPersona, Telefono) values (68, 5544316291);
insert into TelefonoCliente (IDPersona, Telefono) values (7, 5573932444);
insert into TelefonoCliente (IDPersona, Telefono) values (71, 5592702096);
insert into TelefonoCliente (IDPersona, Telefono) values (88, 5578934739);
insert into TelefonoCliente (IDPersona, Telefono) values (75, 5593594257);

INSERT INTO Evento(IDEvento,Fecha,Tipo,Capacidad) VALUES (1,'2023-01-01','Guia',729);
INSERT INTO Evento(IDEvento,Fecha,Tipo,Capacidad) VALUES (2,'2023-03-27','Taller',343);
INSERT INTO Evento(IDEvento,Fecha,Tipo,Capacidad) VALUES (3,'2023-04-08','Exhibicion',707);
INSERT INTO Evento(IDEvento,Fecha,Tipo,Capacidad) VALUES (4,'2023-02-02','Exposicion',746);
INSERT INTO Evento(IDEvento,Fecha,Tipo,Capacidad) VALUES (5,'2023-04-30','Platica',455);
INSERT INTO Evento(IDEvento,Fecha,Tipo,Capacidad) VALUES (6,'2023-10-17','Exhibicion',114);
INSERT INTO Evento(IDEvento,Fecha,Tipo,Capacidad) VALUES (7,'2023-11-01','Conferencia',736);
INSERT INTO Evento(IDEvento,Fecha,Tipo,Capacidad) VALUES (8,'2023-04-13','Exposicion',141);
INSERT INTO Evento(IDEvento,Fecha,Tipo,Capacidad) VALUES (9,'2023-09-08','Conferencia',370);
INSERT INTO Evento(IDEvento,Fecha,Tipo,Capacidad) VALUES (10,'2023-10-08','Taller',754);
INSERT INTO Evento(IDEvento,Fecha,Tipo,Capacidad) VALUES (11,'2023-08-23','Conferencia',122);
INSERT INTO Evento(IDEvento,Fecha,Tipo,Capacidad) VALUES (12,'2023-05-27','Apertura',328);
INSERT INTO Evento(IDEvento,Fecha,Tipo,Capacidad) VALUES (13,'2023-07-23','Exposicion',656);
INSERT INTO Evento(IDEvento,Fecha,Tipo,Capacidad) VALUES (14,'2023-11-29','Apertura',198);
INSERT INTO Evento(IDEvento,Fecha,Tipo,Capacidad) VALUES (15,'2023-04-21','Taller',831);
INSERT INTO Evento(IDEvento,Fecha,Tipo,Capacidad) VALUES (16,'2023-02-06','Platica',755);
INSERT INTO Evento(IDEvento,Fecha,Tipo,Capacidad) VALUES (17,'2023-04-30','Taller',109);
INSERT INTO Evento(IDEvento,Fecha,Tipo,Capacidad) VALUES (18,'2023-02-07','Platica',419);
INSERT INTO Evento(IDEvento,Fecha,Tipo,Capacidad) VALUES (19,'2023-06-05','Guia',248);
INSERT INTO Evento(IDEvento,Fecha,Tipo,Capacidad) VALUES (20,'2023-07-01','Taller',90);
INSERT INTO Evento(IDEvento,Fecha,Tipo,Capacidad) VALUES (21,'2023-05-13','Taller',265);
INSERT INTO Evento(IDEvento,Fecha,Tipo,Capacidad) VALUES (22,'2023-09-07','Exhibicion',140);
INSERT INTO Evento(IDEvento,Fecha,Tipo,Capacidad) VALUES (23,'2023-07-21','Taller',258);
INSERT INTO Evento(IDEvento,Fecha,Tipo,Capacidad) VALUES (24,'2023-04-27','Exhibicion',194);
INSERT INTO Evento(IDEvento,Fecha,Tipo,Capacidad) VALUES (25,'2023-09-24','Exhibicion',551);
INSERT INTO Evento(IDEvento,Fecha,Tipo,Capacidad) VALUES (26,'2023-10-10','Apertura',229);
INSERT INTO Evento(IDEvento,Fecha,Tipo,Capacidad) VALUES (27,'2023-12-07','Conferencia',691);
INSERT INTO Evento(IDEvento,Fecha,Tipo,Capacidad) VALUES (28,'2023-05-30','Apertura',67);
INSERT INTO Evento(IDEvento,Fecha,Tipo,Capacidad) VALUES (29,'2023-05-10','Platica',985);
INSERT INTO Evento(IDEvento,Fecha,Tipo,Capacidad) VALUES (30,'2023-11-22','Taller',451);
INSERT INTO Evento(IDEvento,Fecha,Tipo,Capacidad) VALUES (31,'2023-01-27','Exhibicion',984);
INSERT INTO Evento(IDEvento,Fecha,Tipo,Capacidad) VALUES (32,'2023-09-06','Platica',901);
INSERT INTO Evento(IDEvento,Fecha,Tipo,Capacidad) VALUES (33,'2023-08-23','Apertura',980);
INSERT INTO Evento(IDEvento,Fecha,Tipo,Capacidad) VALUES (34,'2023-07-23','Conferencia',773);
INSERT INTO Evento(IDEvento,Fecha,Tipo,Capacidad) VALUES (35,'2023-08-04','Exhibicion',733);
INSERT INTO Evento(IDEvento,Fecha,Tipo,Capacidad) VALUES (36,'2023-05-04','Conferencia',92);
INSERT INTO Evento(IDEvento,Fecha,Tipo,Capacidad) VALUES (37,'2023-09-16','Exposicion',402);
INSERT INTO Evento(IDEvento,Fecha,Tipo,Capacidad) VALUES (38,'2023-11-15','Guia',54);
INSERT INTO Evento(IDEvento,Fecha,Tipo,Capacidad) VALUES (39,'2023-12-20','Guia',171);
INSERT INTO Evento(IDEvento,Fecha,Tipo,Capacidad) VALUES (40,'2023-12-21','Exposicion',453);
INSERT INTO Evento(IDEvento,Fecha,Tipo,Capacidad) VALUES (41,'2023-08-17','Conferencia',66);
INSERT INTO Evento(IDEvento,Fecha,Tipo,Capacidad) VALUES (42,'2023-09-11','Platica',984);
INSERT INTO Evento(IDEvento,Fecha,Tipo,Capacidad) VALUES (43,'2023-11-22','Exposicion',905);
INSERT INTO Evento(IDEvento,Fecha,Tipo,Capacidad) VALUES (44,'2023-11-30','Platica',681);
INSERT INTO Evento(IDEvento,Fecha,Tipo,Capacidad) VALUES (45,'2023-03-18','Platica',736);
INSERT INTO Evento(IDEvento,Fecha,Tipo,Capacidad) VALUES (46,'2023-10-13','Conferencia',727);
INSERT INTO Evento(IDEvento,Fecha,Tipo,Capacidad) VALUES (47,'2023-10-21','Platica',927);
INSERT INTO Evento(IDEvento,Fecha,Tipo,Capacidad) VALUES (48,'2023-12-04','Conferencia',478);
INSERT INTO Evento(IDEvento,Fecha,Tipo,Capacidad) VALUES (49,'2023-12-01','Taller',890);
INSERT INTO Evento(IDEvento,Fecha,Tipo,Capacidad) VALUES (50,'2023-06-25','Conferencia',834);
INSERT INTO Evento(IDEvento,Fecha,Tipo,Capacidad) VALUES (51,'2023-07-19','Taller',652);
INSERT INTO Evento(IDEvento,Fecha,Tipo,Capacidad) VALUES (52,'2023-10-17','Conferencia',558);
INSERT INTO Evento(IDEvento,Fecha,Tipo,Capacidad) VALUES (53,'2023-11-25','Taller',180);
INSERT INTO Evento(IDEvento,Fecha,Tipo,Capacidad) VALUES (54,'2023-06-28','Exposicion',995);
INSERT INTO Evento(IDEvento,Fecha,Tipo,Capacidad) VALUES (55,'2023-01-14','Exhibicion',383);
INSERT INTO Evento(IDEvento,Fecha,Tipo,Capacidad) VALUES (56,'2023-07-04','Apertura',427);
INSERT INTO Evento(IDEvento,Fecha,Tipo,Capacidad) VALUES (57,'2023-08-07','Taller',647);
INSERT INTO Evento(IDEvento,Fecha,Tipo,Capacidad) VALUES (58,'2023-06-02','Exhibicion',294);
INSERT INTO Evento(IDEvento,Fecha,Tipo,Capacidad) VALUES (59,'2023-05-19','Platica',197);
INSERT INTO Evento(IDEvento,Fecha,Tipo,Capacidad) VALUES (60,'2023-01-23','Guia',286);
INSERT INTO Evento(IDEvento,Fecha,Tipo,Capacidad) VALUES (61,'2023-03-13','Platica',653);
INSERT INTO Evento(IDEvento,Fecha,Tipo,Capacidad) VALUES (62,'2023-09-09','Exposicion',773);
INSERT INTO Evento(IDEvento,Fecha,Tipo,Capacidad) VALUES (63,'2023-09-08','Exposicion',236);
INSERT INTO Evento(IDEvento,Fecha,Tipo,Capacidad) VALUES (64,'2023-04-27','Conferencia',909);
INSERT INTO Evento(IDEvento,Fecha,Tipo,Capacidad) VALUES (65,'2023-08-22','Exhibicion',760);
INSERT INTO Evento(IDEvento,Fecha,Tipo,Capacidad) VALUES (66,'2023-05-30','Taller',907);
INSERT INTO Evento(IDEvento,Fecha,Tipo,Capacidad) VALUES (67,'2023-12-12','Conferencia',256);
INSERT INTO Evento(IDEvento,Fecha,Tipo,Capacidad) VALUES (68,'2023-12-12','Guia',449);
INSERT INTO Evento(IDEvento,Fecha,Tipo,Capacidad) VALUES (69,'2023-12-16','Exposicion',644);
INSERT INTO Evento(IDEvento,Fecha,Tipo,Capacidad) VALUES (70,'2023-04-27','Exposicion',923);
INSERT INTO Evento(IDEvento,Fecha,Tipo,Capacidad) VALUES (71,'2023-11-04','Platica',76);
INSERT INTO Evento(IDEvento,Fecha,Tipo,Capacidad) VALUES (72,'2023-01-29','Apertura',284);
INSERT INTO Evento(IDEvento,Fecha,Tipo,Capacidad) VALUES (73,'2023-09-16','Platica',336);
INSERT INTO Evento(IDEvento,Fecha,Tipo,Capacidad) VALUES (74,'2023-09-13','Exhibicion',528);
INSERT INTO Evento(IDEvento,Fecha,Tipo,Capacidad) VALUES (75,'2023-11-10','Apertura',723);
INSERT INTO Evento(IDEvento,Fecha,Tipo,Capacidad) VALUES (76,'2023-12-29','Taller',687);
INSERT INTO Evento(IDEvento,Fecha,Tipo,Capacidad) VALUES (77,'2023-12-06','Apertura',985);
INSERT INTO Evento(IDEvento,Fecha,Tipo,Capacidad) VALUES (78,'2023-05-10','Conferencia',446);
INSERT INTO Evento(IDEvento,Fecha,Tipo,Capacidad) VALUES (79,'2023-01-05','Apertura',997);
INSERT INTO Evento(IDEvento,Fecha,Tipo,Capacidad) VALUES (80,'2023-04-17','Platica',280);
INSERT INTO Evento(IDEvento,Fecha,Tipo,Capacidad) VALUES (81,'2023-04-10','Platica',717);
INSERT INTO Evento(IDEvento,Fecha,Tipo,Capacidad) VALUES (82,'2023-02-15','Conferencia',704);
INSERT INTO Evento(IDEvento,Fecha,Tipo,Capacidad) VALUES (83,'2023-11-05','Conferencia',743);
INSERT INTO Evento(IDEvento,Fecha,Tipo,Capacidad) VALUES (84,'2023-06-25','Guia',544);
INSERT INTO Evento(IDEvento,Fecha,Tipo,Capacidad) VALUES (85,'2023-06-19','Conferencia',218);
INSERT INTO Evento(IDEvento,Fecha,Tipo,Capacidad) VALUES (86,'2023-12-01','Conferencia',326);
INSERT INTO Evento(IDEvento,Fecha,Tipo,Capacidad) VALUES (87,'2023-04-27','Guia',558);
INSERT INTO Evento(IDEvento,Fecha,Tipo,Capacidad) VALUES (88,'2023-01-29','Exposicion',983);
INSERT INTO Evento(IDEvento,Fecha,Tipo,Capacidad) VALUES (89,'2023-08-09','Conferencia',251);
INSERT INTO Evento(IDEvento,Fecha,Tipo,Capacidad) VALUES (90,'2023-01-01','Platica',906);
INSERT INTO Evento(IDEvento,Fecha,Tipo,Capacidad) VALUES (91,'2023-12-06','Guia',183);
INSERT INTO Evento(IDEvento,Fecha,Tipo,Capacidad) VALUES (92,'2023-12-13','Conferencia',581);
INSERT INTO Evento(IDEvento,Fecha,Tipo,Capacidad) VALUES (93,'2023-02-04','Taller',951);
INSERT INTO Evento(IDEvento,Fecha,Tipo,Capacidad) VALUES (94,'2023-04-10','Apertura',106);
INSERT INTO Evento(IDEvento,Fecha,Tipo,Capacidad) VALUES (95,'2023-01-23','Exposicion',690);
INSERT INTO Evento(IDEvento,Fecha,Tipo,Capacidad) VALUES (96,'2023-07-04','Platica',867);
INSERT INTO Evento(IDEvento,Fecha,Tipo,Capacidad) VALUES (97,'2023-05-20','Apertura',723);
INSERT INTO Evento(IDEvento,Fecha,Tipo,Capacidad) VALUES (98,'2023-06-15','Exposicion',202);
INSERT INTO Evento(IDEvento,Fecha,Tipo,Capacidad) VALUES (99,'2023-04-28','Taller',179);
INSERT INTO Evento(IDEvento,Fecha,Tipo,Capacidad) VALUES (100,'2023-06-19','Platica',650);

insert into Asistir (IDPersona, IDEvento) values (91, 61);
insert into Asistir (IDPersona, IDEvento) values (91, 72);
insert into Asistir (IDPersona, IDEvento) values (96, 8);
insert into Asistir (IDPersona, IDEvento) values (27, 44);
insert into Asistir (IDPersona, IDEvento) values (58, 33);
insert into Asistir (IDPersona, IDEvento) values (57, 20);
insert into Asistir (IDPersona, IDEvento) values (10, 61);
insert into Asistir (IDPersona, IDEvento) values (83, 92);
insert into Asistir (IDPersona, IDEvento) values (93, 50);
insert into Asistir (IDPersona, IDEvento) values (5, 97);
insert into Asistir (IDPersona, IDEvento) values (59, 92);
insert into Asistir (IDPersona, IDEvento) values (87, 39);
insert into Asistir (IDPersona, IDEvento) values (44, 11);
insert into Asistir (IDPersona, IDEvento) values (96, 31);
insert into Asistir (IDPersona, IDEvento) values (2, 42);
insert into Asistir (IDPersona, IDEvento) values (53, 5);
insert into Asistir (IDPersona, IDEvento) values (80, 66);
insert into Asistir (IDPersona, IDEvento) values (62, 55);
insert into Asistir (IDPersona, IDEvento) values (92, 66);
insert into Asistir (IDPersona, IDEvento) values (41, 9);
insert into Asistir (IDPersona, IDEvento) values (45, 56);
insert into Asistir (IDPersona, IDEvento) values (89, 2);
insert into Asistir (IDPersona, IDEvento) values (53, 72);
insert into Asistir (IDPersona, IDEvento) values (90, 80);
insert into Asistir (IDPersona, IDEvento) values (62, 45);
insert into Asistir (IDPersona, IDEvento) values (25, 81);
insert into Asistir (IDPersona, IDEvento) values (100, 90);
insert into Asistir (IDPersona, IDEvento) values (19, 26);
insert into Asistir (IDPersona, IDEvento) values (43, 45);
insert into Asistir (IDPersona, IDEvento) values (65, 18);
insert into Asistir (IDPersona, IDEvento) values (64, 71);
insert into Asistir (IDPersona, IDEvento) values (80, 74);
insert into Asistir (IDPersona, IDEvento) values (6, 95);
insert into Asistir (IDPersona, IDEvento) values (33, 41);
insert into Asistir (IDPersona, IDEvento) values (79, 96);
insert into Asistir (IDPersona, IDEvento) values (39, 22);
insert into Asistir (IDPersona, IDEvento) values (91, 37);
insert into Asistir (IDPersona, IDEvento) values (18, 63);
insert into Asistir (IDPersona, IDEvento) values (6, 16);
insert into Asistir (IDPersona, IDEvento) values (40, 32);
insert into Asistir (IDPersona, IDEvento) values (35, 29);
insert into Asistir (IDPersona, IDEvento) values (39, 13);
insert into Asistir (IDPersona, IDEvento) values (41, 82);
insert into Asistir (IDPersona, IDEvento) values (60, 23);
insert into Asistir (IDPersona, IDEvento) values (69, 23);
insert into Asistir (IDPersona, IDEvento) values (55, 63);
insert into Asistir (IDPersona, IDEvento) values (29, 87);
insert into Asistir (IDPersona, IDEvento) values (45, 80);
insert into Asistir (IDPersona, IDEvento) values (77, 24);
insert into Asistir (IDPersona, IDEvento) values (7, 79);
insert into Asistir (IDPersona, IDEvento) values (51, 4);
insert into Asistir (IDPersona, IDEvento) values (59, 97);
insert into Asistir (IDPersona, IDEvento) values (62, 36);
insert into Asistir (IDPersona, IDEvento) values (19, 42);
insert into Asistir (IDPersona, IDEvento) values (83, 10);
insert into Asistir (IDPersona, IDEvento) values (10, 88);
insert into Asistir (IDPersona, IDEvento) values (44, 20);
insert into Asistir (IDPersona, IDEvento) values (76, 28);
insert into Asistir (IDPersona, IDEvento) values (78, 82);
insert into Asistir (IDPersona, IDEvento) values (61, 54);
insert into Asistir (IDPersona, IDEvento) values (45, 25);
insert into Asistir (IDPersona, IDEvento) values (41, 5);
insert into Asistir (IDPersona, IDEvento) values (12, 35);
insert into Asistir (IDPersona, IDEvento) values (37, 19);
insert into Asistir (IDPersona, IDEvento) values (13, 60);
insert into Asistir (IDPersona, IDEvento) values (29, 28);
insert into Asistir (IDPersona, IDEvento) values (59, 3);
insert into Asistir (IDPersona, IDEvento) values (58, 37);
insert into Asistir (IDPersona, IDEvento) values (42, 85);
insert into Asistir (IDPersona, IDEvento) values (11, 9);
insert into Asistir (IDPersona, IDEvento) values (32, 48);
insert into Asistir (IDPersona, IDEvento) values (22, 26);
insert into Asistir (IDPersona, IDEvento) values (56, 1);
insert into Asistir (IDPersona, IDEvento) values (79, 68);
insert into Asistir (IDPersona, IDEvento) values (79, 66);
insert into Asistir (IDPersona, IDEvento) values (74, 8);
insert into Asistir (IDPersona, IDEvento) values (100, 34);
insert into Asistir (IDPersona, IDEvento) values (41, 70);
insert into Asistir (IDPersona, IDEvento) values (80, 68);
insert into Asistir (IDPersona, IDEvento) values (32, 10);
insert into Asistir (IDPersona, IDEvento) values (73, 90);
insert into Asistir (IDPersona, IDEvento) values (92, 67);
insert into Asistir (IDPersona, IDEvento) values (1, 42);
insert into Asistir (IDPersona, IDEvento) values (49, 51);
insert into Asistir (IDPersona, IDEvento) values (64, 93);
insert into Asistir (IDPersona, IDEvento) values (67, 42);
insert into Asistir (IDPersona, IDEvento) values (3, 16);
insert into Asistir (IDPersona, IDEvento) values (79, 73);
insert into Asistir (IDPersona, IDEvento) values (5, 71);
insert into Asistir (IDPersona, IDEvento) values (33, 55);
insert into Asistir (IDPersona, IDEvento) values (29, 25);
insert into Asistir (IDPersona, IDEvento) values (43, 84);
insert into Asistir (IDPersona, IDEvento) values (55, 16);
insert into Asistir (IDPersona, IDEvento) values (4, 72);
insert into Asistir (IDPersona, IDEvento) values (89, 21);
insert into Asistir (IDPersona, IDEvento) values (27, 26);
insert into Asistir (IDPersona, IDEvento) values (76, 86);
insert into Asistir (IDPersona, IDEvento) values (83, 6);
insert into Asistir (IDPersona, IDEvento) values (49, 97);
insert into Asistir (IDPersona, IDEvento) values (69, 74);

insert into Notificar (IDPersona, IDEvento) values (5, 44);
insert into Notificar (IDPersona, IDEvento) values (4, 73);
insert into Notificar (IDPersona, IDEvento) values (49, 78);
insert into Notificar (IDPersona, IDEvento) values (85, 51);
insert into Notificar (IDPersona, IDEvento) values (61, 29);
insert into Notificar (IDPersona, IDEvento) values (90, 92);
insert into Notificar (IDPersona, IDEvento) values (91, 97);
insert into Notificar (IDPersona, IDEvento) values (9, 100);
insert into Notificar (IDPersona, IDEvento) values (48, 77);
insert into Notificar (IDPersona, IDEvento) values (21, 9);
insert into Notificar (IDPersona, IDEvento) values (83, 31);
insert into Notificar (IDPersona, IDEvento) values (44, 51);
insert into Notificar (IDPersona, IDEvento) values (98, 97);
insert into Notificar (IDPersona, IDEvento) values (12, 88);
insert into Notificar (IDPersona, IDEvento) values (87, 2);
insert into Notificar (IDPersona, IDEvento) values (1, 4);
insert into Notificar (IDPersona, IDEvento) values (39, 43);
insert into Notificar (IDPersona, IDEvento) values (89, 8);
insert into Notificar (IDPersona, IDEvento) values (49, 11);
insert into Notificar (IDPersona, IDEvento) values (89, 86);
insert into Notificar (IDPersona, IDEvento) values (24, 76);
insert into Notificar (IDPersona, IDEvento) values (33, 98);
insert into Notificar (IDPersona, IDEvento) values (95, 84);
insert into Notificar (IDPersona, IDEvento) values (34, 53);
insert into Notificar (IDPersona, IDEvento) values (76, 4);
insert into Notificar (IDPersona, IDEvento) values (15, 57);
insert into Notificar (IDPersona, IDEvento) values (100, 94);
insert into Notificar (IDPersona, IDEvento) values (79, 33);
insert into Notificar (IDPersona, IDEvento) values (60, 18);
insert into Notificar (IDPersona, IDEvento) values (22, 11);
insert into Notificar (IDPersona, IDEvento) values (18, 45);
insert into Notificar (IDPersona, IDEvento) values (57, 15);
insert into Notificar (IDPersona, IDEvento) values (65, 58);
insert into Notificar (IDPersona, IDEvento) values (13, 80);
insert into Notificar (IDPersona, IDEvento) values (27, 66);
insert into Notificar (IDPersona, IDEvento) values (97, 93);
insert into Notificar (IDPersona, IDEvento) values (34, 56);
insert into Notificar (IDPersona, IDEvento) values (7, 12);
insert into Notificar (IDPersona, IDEvento) values (68, 95);
insert into Notificar (IDPersona, IDEvento) values (65, 8);
insert into Notificar (IDPersona, IDEvento) values (38, 28);
insert into Notificar (IDPersona, IDEvento) values (28, 95);
insert into Notificar (IDPersona, IDEvento) values (73, 87);
insert into Notificar (IDPersona, IDEvento) values (87, 92);
insert into Notificar (IDPersona, IDEvento) values (42, 87);
insert into Notificar (IDPersona, IDEvento) values (13, 41);
insert into Notificar (IDPersona, IDEvento) values (4, 38);
insert into Notificar (IDPersona, IDEvento) values (69, 29);
insert into Notificar (IDPersona, IDEvento) values (2, 32);
insert into Notificar (IDPersona, IDEvento) values (82, 53);
insert into Notificar (IDPersona, IDEvento) values (59, 22);
insert into Notificar (IDPersona, IDEvento) values (8, 93);
insert into Notificar (IDPersona, IDEvento) values (87, 95);
insert into Notificar (IDPersona, IDEvento) values (2, 53);
insert into Notificar (IDPersona, IDEvento) values (96, 28);
insert into Notificar (IDPersona, IDEvento) values (67, 65);
insert into Notificar (IDPersona, IDEvento) values (17, 52);
insert into Notificar (IDPersona, IDEvento) values (99, 39);
insert into Notificar (IDPersona, IDEvento) values (59, 56);
insert into Notificar (IDPersona, IDEvento) values (35, 94);
insert into Notificar (IDPersona, IDEvento) values (78, 19);
insert into Notificar (IDPersona, IDEvento) values (13, 36);
insert into Notificar (IDPersona, IDEvento) values (56, 82);
insert into Notificar (IDPersona, IDEvento) values (88, 46);
insert into Notificar (IDPersona, IDEvento) values (53, 12);
insert into Notificar (IDPersona, IDEvento) values (76, 60);
insert into Notificar (IDPersona, IDEvento) values (55, 30);
insert into Notificar (IDPersona, IDEvento) values (85, 91);
insert into Notificar (IDPersona, IDEvento) values (77, 81);
insert into Notificar (IDPersona, IDEvento) values (1, 11);
insert into Notificar (IDPersona, IDEvento) values (62, 66);
insert into Notificar (IDPersona, IDEvento) values (24, 18);
insert into Notificar (IDPersona, IDEvento) values (17, 73);
insert into Notificar (IDPersona, IDEvento) values (7, 79);
insert into Notificar (IDPersona, IDEvento) values (30, 47);
insert into Notificar (IDPersona, IDEvento) values (81, 97);
insert into Notificar (IDPersona, IDEvento) values (65, 82);
insert into Notificar (IDPersona, IDEvento) values (60, 80);
insert into Notificar (IDPersona, IDEvento) values (32, 45);
insert into Notificar (IDPersona, IDEvento) values (52, 20);
insert into Notificar (IDPersona, IDEvento) values (15, 76);
insert into Notificar (IDPersona, IDEvento) values (57, 5);
insert into Notificar (IDPersona, IDEvento) values (72, 28);
insert into Notificar (IDPersona, IDEvento) values (37, 11);
insert into Notificar (IDPersona, IDEvento) values (27, 54);
insert into Notificar (IDPersona, IDEvento) values (64, 44);
insert into Notificar (IDPersona, IDEvento) values (74, 92);
insert into Notificar (IDPersona, IDEvento) values (80, 46);
insert into Notificar (IDPersona, IDEvento) values (75, 10);
insert into Notificar (IDPersona, IDEvento) values (16, 9);
insert into Notificar (IDPersona, IDEvento) values (57, 9);
insert into Notificar (IDPersona, IDEvento) values (86, 86);
insert into Notificar (IDPersona, IDEvento) values (9, 59);
insert into Notificar (IDPersona, IDEvento) values (57, 74);
insert into Notificar (IDPersona, IDEvento) values (21, 40);
insert into Notificar (IDPersona, IDEvento) values (74, 92);
insert into Notificar (IDPersona, IDEvento) values (65, 72);
insert into Notificar (IDPersona, IDEvento) values (90, 74);
insert into Notificar (IDPersona, IDEvento) values (27, 5);
insert into Notificar (IDPersona, IDEvento) values (14, 29);

INSERT INTO Especialidad(IDPersona,Especialidad) VALUES (1,'Cirugía Veterinaria');
INSERT INTO Especialidad(IDPersona,Especialidad) VALUES (2,'Dermatología Animal');
INSERT INTO Especialidad(IDPersona,Especialidad) VALUES (3,'Oftalmología Veterinaria');
INSERT INTO Especialidad(IDPersona,Especialidad) VALUES (4,'Cardiología Animal');
INSERT INTO Especialidad(IDPersona,Especialidad) VALUES (5,'Neurología Veterinaria');
INSERT INTO Especialidad(IDPersona,Especialidad) VALUES (6,'Oncología Veterinaria');
INSERT INTO Especialidad(IDPersona,Especialidad) VALUES (7,'Endocrinología Animal');
INSERT INTO Especialidad(IDPersona,Especialidad) VALUES (8,'Nutrición Veterinaria');
INSERT INTO Especialidad(IDPersona,Especialidad) VALUES (9,'Ortopedia Animal');
INSERT INTO Especialidad(IDPersona,Especialidad) VALUES (10,'Odontología Veterinaria');
INSERT INTO Especialidad(IDPersona,Especialidad) VALUES (11,'Gastroenterología Animal');
INSERT INTO Especialidad(IDPersona,Especialidad) VALUES (12,'Medicina Interna Veterinaria');
INSERT INTO Especialidad(IDPersona,Especialidad) VALUES (13,'Reproducción Animal');
INSERT INTO Especialidad(IDPersona,Especialidad) VALUES (14,'Anestesiología Veterinaria');
INSERT INTO Especialidad(IDPersona,Especialidad) VALUES (15,'Radiología Veterinaria');
INSERT INTO Especialidad(IDPersona,Especialidad) VALUES (16,'Ecografía Veterinaria');
INSERT INTO Especialidad(IDPersona,Especialidad) VALUES (17,'Patología Veterinaria');
INSERT INTO Especialidad(IDPersona,Especialidad) VALUES (18,'Medicina de Emergencia Veterinaria');
INSERT INTO Especialidad(IDPersona,Especialidad) VALUES (19,'Comportamiento Animal');
INSERT INTO Especialidad(IDPersona,Especialidad) VALUES (20,'Fisioterapia Animal');
INSERT INTO Especialidad(IDPersona,Especialidad) VALUES (21,'Acupuntura Veterinaria');
INSERT INTO Especialidad(IDPersona,Especialidad) VALUES (22,'Medicina Alternativa Veterinaria');
INSERT INTO Especialidad(IDPersona,Especialidad) VALUES (23,'Cirugía Veterinaria');
INSERT INTO Especialidad(IDPersona,Especialidad) VALUES (24,'Dermatología Animal');
INSERT INTO Especialidad(IDPersona,Especialidad) VALUES (25,'Oftalmología Veterinaria');
INSERT INTO Especialidad(IDPersona,Especialidad) VALUES (26,'Cardiología Animal');
INSERT INTO Especialidad(IDPersona,Especialidad) VALUES (27,'Neurología Veterinaria');
INSERT INTO Especialidad(IDPersona,Especialidad) VALUES (28,'Oncología Veterinaria');
INSERT INTO Especialidad(IDPersona,Especialidad) VALUES (29,'Endocrinología Animal');
INSERT INTO Especialidad(IDPersona,Especialidad) VALUES (30,'Nutrición Veterinaria');
INSERT INTO Especialidad(IDPersona,Especialidad) VALUES (31,'Ortopedia Animal');
INSERT INTO Especialidad(IDPersona,Especialidad) VALUES (32,'Odontología Veterinaria');
INSERT INTO Especialidad(IDPersona,Especialidad) VALUES (33,'Gastroenterología Animal');
INSERT INTO Especialidad(IDPersona,Especialidad) VALUES (34,'Medicina Interna Veterinaria');
INSERT INTO Especialidad(IDPersona,Especialidad) VALUES (35,'Reproducción Animal');
INSERT INTO Especialidad(IDPersona,Especialidad) VALUES (36,'Anestesiología Veterinaria');
INSERT INTO Especialidad(IDPersona,Especialidad) VALUES (37,'Radiología Veterinaria');
INSERT INTO Especialidad(IDPersona,Especialidad) VALUES (38,'Ecografía Veterinaria');
INSERT INTO Especialidad(IDPersona,Especialidad) VALUES (39,'Patología Veterinaria');
INSERT INTO Especialidad(IDPersona,Especialidad) VALUES (40,'Medicina de Emergencia Veterinaria');
INSERT INTO Especialidad(IDPersona,Especialidad) VALUES (41,'Comportamiento Animal');
INSERT INTO Especialidad(IDPersona,Especialidad) VALUES (42,'Fisioterapia Animal');
INSERT INTO Especialidad(IDPersona,Especialidad) VALUES (43,'Acupuntura Veterinaria');
INSERT INTO Especialidad(IDPersona,Especialidad) VALUES (44,'Medicina Alternativa Veterinaria');
INSERT INTO Especialidad(IDPersona,Especialidad) VALUES (45,'Cirugía Veterinaria');
INSERT INTO Especialidad(IDPersona,Especialidad) VALUES (46,'Dermatología Animal');
INSERT INTO Especialidad(IDPersona,Especialidad) VALUES (47,'Oftalmología Veterinaria');
INSERT INTO Especialidad(IDPersona,Especialidad) VALUES (48,'Cardiología Animal');
INSERT INTO Especialidad(IDPersona,Especialidad) VALUES (49,'Neurología Veterinaria');
INSERT INTO Especialidad(IDPersona,Especialidad) VALUES (50,'Oncología Veterinaria');
INSERT INTO Especialidad(IDPersona,Especialidad) VALUES (51,'Endocrinología Animal');
INSERT INTO Especialidad(IDPersona,Especialidad) VALUES (52,'Nutrición Veterinaria');
INSERT INTO Especialidad(IDPersona,Especialidad) VALUES (53,'Ortopedia Animal');
INSERT INTO Especialidad(IDPersona,Especialidad) VALUES (54,'Odontología Veterinaria');
INSERT INTO Especialidad(IDPersona,Especialidad) VALUES (55,'Gastroenterología Animal');
INSERT INTO Especialidad(IDPersona,Especialidad) VALUES (56,'Medicina Interna Veterinaria');
INSERT INTO Especialidad(IDPersona,Especialidad) VALUES (57,'Reproducción Animal');
INSERT INTO Especialidad(IDPersona,Especialidad) VALUES (58,'Anestesiología Veterinaria');
INSERT INTO Especialidad(IDPersona,Especialidad) VALUES (59,'Radiología Veterinaria');
INSERT INTO Especialidad(IDPersona,Especialidad) VALUES (60,'Ecografía Veterinaria');
INSERT INTO Especialidad(IDPersona,Especialidad) VALUES (61,'Patología Veterinaria');
INSERT INTO Especialidad(IDPersona,Especialidad) VALUES (62,'Medicina de Emergencia Veterinaria');
INSERT INTO Especialidad(IDPersona,Especialidad) VALUES (63,'Comportamiento Animal');
INSERT INTO Especialidad(IDPersona,Especialidad) VALUES (64,'Fisioterapia Animal');
INSERT INTO Especialidad(IDPersona,Especialidad) VALUES (65,'Acupuntura Veterinaria');
INSERT INTO Especialidad(IDPersona,Especialidad) VALUES (66,'Medicina Alternativa Veterinaria');
INSERT INTO Especialidad(IDPersona,Especialidad) VALUES (67,'Cirugía Veterinaria');
INSERT INTO Especialidad(IDPersona,Especialidad) VALUES (68,'Dermatología Animal');
INSERT INTO Especialidad(IDPersona,Especialidad) VALUES (69,'Oftalmología Veterinaria');
INSERT INTO Especialidad(IDPersona,Especialidad) VALUES (70,'Cardiología Animal');
INSERT INTO Especialidad(IDPersona,Especialidad) VALUES (71,'Neurología Veterinaria');
INSERT INTO Especialidad(IDPersona,Especialidad) VALUES (72,'Oncología Veterinaria');
INSERT INTO Especialidad(IDPersona,Especialidad) VALUES (73,'Endocrinología Animal');
INSERT INTO Especialidad(IDPersona,Especialidad) VALUES (74,'Nutrición Veterinaria');
INSERT INTO Especialidad(IDPersona,Especialidad) VALUES (75,'Ortopedia Animal');
INSERT INTO Especialidad(IDPersona,Especialidad) VALUES (76,'Odontología Veterinaria');
INSERT INTO Especialidad(IDPersona,Especialidad) VALUES (77,'Gastroenterología Animal');
INSERT INTO Especialidad(IDPersona,Especialidad) VALUES (78,'Medicina Interna Veterinaria');
INSERT INTO Especialidad(IDPersona,Especialidad) VALUES (79,'Reproducción Animal');
INSERT INTO Especialidad(IDPersona,Especialidad) VALUES (80,'Anestesiología Veterinaria');
INSERT INTO Especialidad(IDPersona,Especialidad) VALUES (81,'Radiología Veterinaria');
INSERT INTO Especialidad(IDPersona,Especialidad) VALUES (82,'Ecografía Veterinaria');
INSERT INTO Especialidad(IDPersona,Especialidad) VALUES (83,'Patología Veterinaria');
INSERT INTO Especialidad(IDPersona,Especialidad) VALUES (84,'Medicina de Emergencia Veterinaria');
INSERT INTO Especialidad(IDPersona,Especialidad) VALUES (85,'Comportamiento Animal');
INSERT INTO Especialidad(IDPersona,Especialidad) VALUES (86,'Fisioterapia Animal');
INSERT INTO Especialidad(IDPersona,Especialidad) VALUES (87,'Acupuntura Veterinaria');
INSERT INTO Especialidad(IDPersona,Especialidad) VALUES (88,'Medicina Alternativa Veterinaria');
INSERT INTO Especialidad(IDPersona,Especialidad) VALUES (89,'Cirugía Veterinaria');
INSERT INTO Especialidad(IDPersona,Especialidad) VALUES (90,'Dermatología Animal');
INSERT INTO Especialidad(IDPersona,Especialidad) VALUES (91,'Oftalmología Veterinaria');
INSERT INTO Especialidad(IDPersona,Especialidad) VALUES (92,'Cardiología Animal');
INSERT INTO Especialidad(IDPersona,Especialidad) VALUES (93,'Neurología Veterinaria');
INSERT INTO Especialidad(IDPersona,Especialidad) VALUES (94,'Oncología Veterinaria');
INSERT INTO Especialidad(IDPersona,Especialidad) VALUES (95,'Endocrinología Animal');
INSERT INTO Especialidad(IDPersona,Especialidad) VALUES (96,'Nutrición Veterinaria');
INSERT INTO Especialidad(IDPersona,Especialidad) VALUES (97,'Ortopedia Animal');
INSERT INTO Especialidad(IDPersona,Especialidad) VALUES (98,'Odontología Veterinaria');
INSERT INTO Especialidad(IDPersona,Especialidad) VALUES (99,'Gastroenterología Animal');
INSERT INTO Especialidad(IDPersona,Especialidad) VALUES (100,'Medicina Interna Veterinaria');

INSERT INTO CorreoVeterinario(IDPersona,Correo) VALUES (1,'jrubury0@irs.gov');
INSERT INTO CorreoVeterinario(IDPersona,Correo) VALUES (2,'mhuguenet1@census.gov');
INSERT INTO CorreoVeterinario(IDPersona,Correo) VALUES (3,'fgummer2@who.int');
INSERT INTO CorreoVeterinario(IDPersona,Correo) VALUES (4,'acardoo3@uiuc.edu');
INSERT INTO CorreoVeterinario(IDPersona,Correo) VALUES (5,'ssuddaby4@fc2.com');
INSERT INTO CorreoVeterinario(IDPersona,Correo) VALUES (6,'tdauby5@sakura.ne.jp');
INSERT INTO CorreoVeterinario(IDPersona,Correo) VALUES (7,'jphilipp6@arizona.edu');
INSERT INTO CorreoVeterinario(IDPersona,Correo) VALUES (8,'ljuleff7@biblegateway.com');
INSERT INTO CorreoVeterinario(IDPersona,Correo) VALUES (9,'ldesvignes8@vkontakte.ru');
INSERT INTO CorreoVeterinario(IDPersona,Correo) VALUES (10,'craincin9@pen.io');
INSERT INTO CorreoVeterinario(IDPersona,Correo) VALUES (11,'gewellsa@buzzfeed.com');
INSERT INTO CorreoVeterinario(IDPersona,Correo) VALUES (12,'apicardb@apache.org');
INSERT INTO CorreoVeterinario(IDPersona,Correo) VALUES (13,'dbagworthc@cocolog-nifty.com');
INSERT INTO CorreoVeterinario(IDPersona,Correo) VALUES (14,'ggentd@printfriendly.com');
INSERT INTO CorreoVeterinario(IDPersona,Correo) VALUES (15,'bstrettelle@instagram.com');
INSERT INTO CorreoVeterinario(IDPersona,Correo) VALUES (16,'dwinterfloodf@xing.com');
INSERT INTO CorreoVeterinario(IDPersona,Correo) VALUES (17,'vcabralg@g.co');
INSERT INTO CorreoVeterinario(IDPersona,Correo) VALUES (18,'tdummerh@latimes.com');
INSERT INTO CorreoVeterinario(IDPersona,Correo) VALUES (19,'bbeebei@de.vu');
INSERT INTO CorreoVeterinario(IDPersona,Correo) VALUES (20,'mjohnsj@wufoo.com');
INSERT INTO CorreoVeterinario(IDPersona,Correo) VALUES (21,'esurgisonk@wisc.edu');
INSERT INTO CorreoVeterinario(IDPersona,Correo) VALUES (22,'ekerrodl@wufoo.com');
INSERT INTO CorreoVeterinario(IDPersona,Correo) VALUES (23,'fpendrichm@phpbb.com');
INSERT INTO CorreoVeterinario(IDPersona,Correo) VALUES (24,'svarfolomeevn@springer.com');
INSERT INTO CorreoVeterinario(IDPersona,Correo) VALUES (25,'alushero@umich.edu');
INSERT INTO CorreoVeterinario(IDPersona,Correo) VALUES (26,'troubeixp@arstechnica.com');
INSERT INTO CorreoVeterinario(IDPersona,Correo) VALUES (27,'rloiseauq@com.com');
INSERT INTO CorreoVeterinario(IDPersona,Correo) VALUES (28,'glorenzr@prweb.com');
INSERT INTO CorreoVeterinario(IDPersona,Correo) VALUES (29,'shaddackss@reuters.com');
INSERT INTO CorreoVeterinario(IDPersona,Correo) VALUES (30,'ftromanst@jugem.jp');
INSERT INTO CorreoVeterinario(IDPersona,Correo) VALUES (31,'bmattisu@bloomberg.com');
INSERT INTO CorreoVeterinario(IDPersona,Correo) VALUES (32,'bkayesv@constantcontact.com');
INSERT INTO CorreoVeterinario(IDPersona,Correo) VALUES (33,'njahnkew@goodreads.com');
INSERT INTO CorreoVeterinario(IDPersona,Correo) VALUES (34,'mdigancex@ox.ac.uk');
INSERT INTO CorreoVeterinario(IDPersona,Correo) VALUES (35,'ospurwayy@dropbox.com');
INSERT INTO CorreoVeterinario(IDPersona,Correo) VALUES (36,'alemonnierz@alibaba.com');
INSERT INTO CorreoVeterinario(IDPersona,Correo) VALUES (37,'kfraniak10@google.com');
INSERT INTO CorreoVeterinario(IDPersona,Correo) VALUES (38,'gcamblin11@slate.com');
INSERT INTO CorreoVeterinario(IDPersona,Correo) VALUES (39,'askeermor12@arizona.edu');
INSERT INTO CorreoVeterinario(IDPersona,Correo) VALUES (40,'ljime13@gov.uk');
INSERT INTO CorreoVeterinario(IDPersona,Correo) VALUES (41,'acaston14@slideshare.net');
INSERT INTO CorreoVeterinario(IDPersona,Correo) VALUES (42,'nwitterick15@networksolutions.com');
INSERT INTO CorreoVeterinario(IDPersona,Correo) VALUES (43,'elewendon16@live.com');
INSERT INTO CorreoVeterinario(IDPersona,Correo) VALUES (44,'aharteley17@biblegateway.com');
INSERT INTO CorreoVeterinario(IDPersona,Correo) VALUES (45,'mgheerhaert18@state.gov');
INSERT INTO CorreoVeterinario(IDPersona,Correo) VALUES (46,'lmckall19@google.fr');
INSERT INTO CorreoVeterinario(IDPersona,Correo) VALUES (47,'ghalgarth1a@sfgate.com');
INSERT INTO CorreoVeterinario(IDPersona,Correo) VALUES (48,'tfaichnie1b@blogs.com');
INSERT INTO CorreoVeterinario(IDPersona,Correo) VALUES (49,'bgrinston1c@behance.net');
INSERT INTO CorreoVeterinario(IDPersona,Correo) VALUES (50,'sheadly1d@economist.com');
INSERT INTO CorreoVeterinario(IDPersona,Correo) VALUES (51,'pgoldis1e@phoca.cz');
INSERT INTO CorreoVeterinario(IDPersona,Correo) VALUES (52,'rnotti1f@imageshack.us');
INSERT INTO CorreoVeterinario(IDPersona,Correo) VALUES (53,'chefford1g@arstechnica.com');
INSERT INTO CorreoVeterinario(IDPersona,Correo) VALUES (54,'cluckey1h@imgur.com');
INSERT INTO CorreoVeterinario(IDPersona,Correo) VALUES (55,'klorant1i@4shared.com');
INSERT INTO CorreoVeterinario(IDPersona,Correo) VALUES (56,'fbamford1j@tamu.edu');
INSERT INTO CorreoVeterinario(IDPersona,Correo) VALUES (57,'jthirwell1k@cloudflare.com');
INSERT INTO CorreoVeterinario(IDPersona,Correo) VALUES (58,'proycroft1l@yelp.com');
INSERT INTO CorreoVeterinario(IDPersona,Correo) VALUES (59,'bmayor1m@theglobeandmail.com');
INSERT INTO CorreoVeterinario(IDPersona,Correo) VALUES (60,'dcrossgrove1n@intel.com');
INSERT INTO CorreoVeterinario(IDPersona,Correo) VALUES (61,'amoughton1o@blog.com');
INSERT INTO CorreoVeterinario(IDPersona,Correo) VALUES (62,'gturvie1p@nymag.com');
INSERT INTO CorreoVeterinario(IDPersona,Correo) VALUES (63,'cfarrin1q@nyu.edu');
INSERT INTO CorreoVeterinario(IDPersona,Correo) VALUES (64,'jjanoch1r@bizjournals.com');
INSERT INTO CorreoVeterinario(IDPersona,Correo) VALUES (65,'kbeernaert1s@bizjournals.com');
INSERT INTO CorreoVeterinario(IDPersona,Correo) VALUES (66,'cshoulder1t@cpanel.net');
INSERT INTO CorreoVeterinario(IDPersona,Correo) VALUES (67,'agallafant1u@lycos.com');
INSERT INTO CorreoVeterinario(IDPersona,Correo) VALUES (68,'dlaxton1v@hibu.com');
INSERT INTO CorreoVeterinario(IDPersona,Correo) VALUES (69,'mramberg1w@europa.eu');
INSERT INTO CorreoVeterinario(IDPersona,Correo) VALUES (70,'cashley1x@squarespace.com');
INSERT INTO CorreoVeterinario(IDPersona,Correo) VALUES (71,'amotion1y@cdc.gov');
INSERT INTO CorreoVeterinario(IDPersona,Correo) VALUES (72,'dlackham1z@time.com');
INSERT INTO CorreoVeterinario(IDPersona,Correo) VALUES (73,'kphilipsohn20@who.int');
INSERT INTO CorreoVeterinario(IDPersona,Correo) VALUES (74,'hblethyn21@blogger.com');
INSERT INTO CorreoVeterinario(IDPersona,Correo) VALUES (75,'thaysman22@4shared.com');
INSERT INTO CorreoVeterinario(IDPersona,Correo) VALUES (76,'sbelz23@tmall.com');
INSERT INTO CorreoVeterinario(IDPersona,Correo) VALUES (77,'ipadilla24@wordpress.org');
INSERT INTO CorreoVeterinario(IDPersona,Correo) VALUES (78,'alambersen25@topsy.com');
INSERT INTO CorreoVeterinario(IDPersona,Correo) VALUES (79,'dyakov26@jimdo.com');
INSERT INTO CorreoVeterinario(IDPersona,Correo) VALUES (80,'rdowdle27@berkeley.edu');
INSERT INTO CorreoVeterinario(IDPersona,Correo) VALUES (81,'hdanielou28@gizmodo.com');
INSERT INTO CorreoVeterinario(IDPersona,Correo) VALUES (82,'oullett29@google.fr');
INSERT INTO CorreoVeterinario(IDPersona,Correo) VALUES (83,'cshurmer2a@smugmug.com');
INSERT INTO CorreoVeterinario(IDPersona,Correo) VALUES (84,'jtotterdill2b@mit.edu');
INSERT INTO CorreoVeterinario(IDPersona,Correo) VALUES (85,'mmasseo2c@imageshack.us');
INSERT INTO CorreoVeterinario(IDPersona,Correo) VALUES (86,'wbeer2d@pbs.org');
INSERT INTO CorreoVeterinario(IDPersona,Correo) VALUES (87,'kbednell2e@yelp.com');
INSERT INTO CorreoVeterinario(IDPersona,Correo) VALUES (88,'dmaskell2f@prnewswire.com');
INSERT INTO CorreoVeterinario(IDPersona,Correo) VALUES (89,'ckleynen2g@xrea.com');
INSERT INTO CorreoVeterinario(IDPersona,Correo) VALUES (90,'cspaingower2h@vimeo.com');
INSERT INTO CorreoVeterinario(IDPersona,Correo) VALUES (91,'speaddie2i@wufoo.com');
INSERT INTO CorreoVeterinario(IDPersona,Correo) VALUES (92,'ckynastone2j@miibeian.gov.cn');
INSERT INTO CorreoVeterinario(IDPersona,Correo) VALUES (93,'tradbond2k@engadget.com');
INSERT INTO CorreoVeterinario(IDPersona,Correo) VALUES (94,'dtriggel2l@state.gov');
INSERT INTO CorreoVeterinario(IDPersona,Correo) VALUES (95,'sgriffiths2m@aboutads.info');
INSERT INTO CorreoVeterinario(IDPersona,Correo) VALUES (96,'ndawton2n@360.cn');
INSERT INTO CorreoVeterinario(IDPersona,Correo) VALUES (97,'rbernardinelli2o@nature.com');
INSERT INTO CorreoVeterinario(IDPersona,Correo) VALUES (98,'ckitchaside2p@admin.ch');
INSERT INTO CorreoVeterinario(IDPersona,Correo) VALUES (99,'asoles2q@joomla.org');
INSERT INTO CorreoVeterinario(IDPersona,Correo) VALUES (100,'gsartain2r@accuweather.com');

INSERT INTO Animal(IDAnimal,IDPersona,NumJaula,IDBioma,Nombre,Especie,Sexo,Peso,Alimentacion,Altura) VALUES (1,1,1,1,'Christoper','Haliaetus vocifer','M',16.92,'omnívoro',1.7);
INSERT INTO Animal(IDAnimal,IDPersona,NumJaula,IDBioma,Nombre,Especie,Sexo,Peso,Alimentacion,Altura) VALUES (2,2,2,2,'Calvin','Passer domesticus','M',62.89,'omnívoro',4.58);
INSERT INTO Animal(IDAnimal,IDPersona,NumJaula,IDBioma,Nombre,Especie,Sexo,Peso,Alimentacion,Altura) VALUES (3,3,3,3,'Yulma','Aegypius tracheliotus','M',80.62,'herbivoro',1.53);
INSERT INTO Animal(IDAnimal,IDPersona,NumJaula,IDBioma,Nombre,Especie,Sexo,Peso,Alimentacion,Altura) VALUES (4,4,4,4,'Nichols','Alopex lagopus','M',24.34,'omnívoro',4.31);
INSERT INTO Animal(IDAnimal,IDPersona,NumJaula,IDBioma,Nombre,Especie,Sexo,Peso,Alimentacion,Altura) VALUES (5,5,5,5,'Eberto','Falco peregrinus','M',10.03,'carnivoro',4.99);
INSERT INTO Animal(IDAnimal,IDPersona,NumJaula,IDBioma,Nombre,Especie,Sexo,Peso,Alimentacion,Altura) VALUES (6,6,6,6,'Jodie','Tadorna tadorna','F',44.13,'herbivoro',2.5);
INSERT INTO Animal(IDAnimal,IDPersona,NumJaula,IDBioma,Nombre,Especie,Sexo,Peso,Alimentacion,Altura) VALUES (7,7,7,7,'Graehme','Bucephala clangula','M',61.44,'carnivoro',0.47);
INSERT INTO Animal(IDAnimal,IDPersona,NumJaula,IDBioma,Nombre,Especie,Sexo,Peso,Alimentacion,Altura) VALUES (8,8,8,8,'Asa','Felis concolor','M',88.56,'omnívoro',3.24);
INSERT INTO Animal(IDAnimal,IDPersona,NumJaula,IDBioma,Nombre,Especie,Sexo,Peso,Alimentacion,Altura) VALUES (9,9,9,1,'Russell','Mirounga angustirostris','M',37.0,'omnívoro',1.72);
INSERT INTO Animal(IDAnimal,IDPersona,NumJaula,IDBioma,Nombre,Especie,Sexo,Peso,Alimentacion,Altura) VALUES (10,10,10,2,'Kim','Diomedea irrorata','F',66.63,'omnívoro',2.77);
INSERT INTO Animal(IDAnimal,IDPersona,NumJaula,IDBioma,Nombre,Especie,Sexo,Peso,Alimentacion,Altura) VALUES (11,11,11,3,'Merralee','Chamaelo sp.','F',94.33,'herbivoro',2.62);
INSERT INTO Animal(IDAnimal,IDPersona,NumJaula,IDBioma,Nombre,Especie,Sexo,Peso,Alimentacion,Altura) VALUES (12,12,12,4,'Jasmin','Bison bison','F',37.98,'omnívoro',3.2);
INSERT INTO Animal(IDAnimal,IDPersona,NumJaula,IDBioma,Nombre,Especie,Sexo,Peso,Alimentacion,Altura) VALUES (13,13,13,5,'Mellie','Bos taurus','F',52.7,'herbivoro',4.72);
INSERT INTO Animal(IDAnimal,IDPersona,NumJaula,IDBioma,Nombre,Especie,Sexo,Peso,Alimentacion,Altura) VALUES (14,14,14,6,'Angelica','Manouria emys','F',69.85,'carnivoro',0.36);
INSERT INTO Animal(IDAnimal,IDPersona,NumJaula,IDBioma,Nombre,Especie,Sexo,Peso,Alimentacion,Altura) VALUES (15,15,15,7,'Jessi','Phoenicopterus ruber','F',34.13,'carnivoro',2.83);
INSERT INTO Animal(IDAnimal,IDPersona,NumJaula,IDBioma,Nombre,Especie,Sexo,Peso,Alimentacion,Altura) VALUES (16,16,16,8,'Palm','unavailable','M',13.84,'omnívoro',1.36);
INSERT INTO Animal(IDAnimal,IDPersona,NumJaula,IDBioma,Nombre,Especie,Sexo,Peso,Alimentacion,Altura) VALUES (17,17,17,1,'Kendal','Haematopus ater','M',18.11,'omnívoro',4.67);
INSERT INTO Animal(IDAnimal,IDPersona,NumJaula,IDBioma,Nombre,Especie,Sexo,Peso,Alimentacion,Altura) VALUES (18,18,18,2,'Arch','Fratercula corniculata','M',15.53,'carnivoro',2.98);
INSERT INTO Animal(IDAnimal,IDPersona,NumJaula,IDBioma,Nombre,Especie,Sexo,Peso,Alimentacion,Altura) VALUES (19,19,19,3,'Tobi','Naja nivea','F',60.38,'herbivoro',1.67);
INSERT INTO Animal(IDAnimal,IDPersona,NumJaula,IDBioma,Nombre,Especie,Sexo,Peso,Alimentacion,Altura) VALUES (20,20,20,4,'Lucio','Zenaida galapagoensis','M',71.48,'omnívoro',4.89);
INSERT INTO Animal(IDAnimal,IDPersona,NumJaula,IDBioma,Nombre,Especie,Sexo,Peso,Alimentacion,Altura) VALUES (21,21,21,5,'Fredia','Spizaetus coronatus','F',79.85,'omnívoro',3.38);
INSERT INTO Animal(IDAnimal,IDPersona,NumJaula,IDBioma,Nombre,Especie,Sexo,Peso,Alimentacion,Altura) VALUES (22,22,22,6,'Leonora','Dendrocitta vagabunda','F',51.02,'carnivoro',0.62);
INSERT INTO Animal(IDAnimal,IDPersona,NumJaula,IDBioma,Nombre,Especie,Sexo,Peso,Alimentacion,Altura) VALUES (23,23,23,7,'Fredericka','Psittacula krameri','F',89.43,'carnivoro',4.15);
INSERT INTO Animal(IDAnimal,IDPersona,NumJaula,IDBioma,Nombre,Especie,Sexo,Peso,Alimentacion,Altura) VALUES (24,24,24,8,'King','Canis dingo','M',91.6,'carnivoro',2.26);
INSERT INTO Animal(IDAnimal,IDPersona,NumJaula,IDBioma,Nombre,Especie,Sexo,Peso,Alimentacion,Altura) VALUES (25,25,25,1,'Trstram','Manouria emys','M',18.82,'carnivoro',3.98);
INSERT INTO Animal(IDAnimal,IDPersona,NumJaula,IDBioma,Nombre,Especie,Sexo,Peso,Alimentacion,Altura) VALUES (26,26,26,2,'Hadlee','Ciconia ciconia','M',17.45,'omnívoro',2.58);
INSERT INTO Animal(IDAnimal,IDPersona,NumJaula,IDBioma,Nombre,Especie,Sexo,Peso,Alimentacion,Altura) VALUES (27,27,27,3,'Catarina','Carduelis uropygialis','F',27.29,'carnivoro',0.43);
INSERT INTO Animal(IDAnimal,IDPersona,NumJaula,IDBioma,Nombre,Especie,Sexo,Peso,Alimentacion,Altura) VALUES (28,28,28,4,'Nevin','Mazama americana','M',19.86,'carnivoro',2.33);
INSERT INTO Animal(IDAnimal,IDPersona,NumJaula,IDBioma,Nombre,Especie,Sexo,Peso,Alimentacion,Altura) VALUES (29,29,29,5,'Normie','Butorides striatus','M',27.68,'omnívoro',3.58);
INSERT INTO Animal(IDAnimal,IDPersona,NumJaula,IDBioma,Nombre,Especie,Sexo,Peso,Alimentacion,Altura) VALUES (30,30,30,6,'Pooh','Ctenophorus ornatus','M',69.4,'herbivoro',4.48);
INSERT INTO Animal(IDAnimal,IDPersona,NumJaula,IDBioma,Nombre,Especie,Sexo,Peso,Alimentacion,Altura) VALUES (31,31,31,7,'Giacinta','Paroaria gularis','F',36.29,'herbivoro',2.98);
INSERT INTO Animal(IDAnimal,IDPersona,NumJaula,IDBioma,Nombre,Especie,Sexo,Peso,Alimentacion,Altura) VALUES (32,32,32,8,'Igor','Canis aureus','M',87.09,'omnívoro',4.76);
INSERT INTO Animal(IDAnimal,IDPersona,NumJaula,IDBioma,Nombre,Especie,Sexo,Peso,Alimentacion,Altura) VALUES (33,33,33,1,'Marys','Trachyphonus vaillantii','F',23.75,'carnivoro',0.66);
INSERT INTO Animal(IDAnimal,IDPersona,NumJaula,IDBioma,Nombre,Especie,Sexo,Peso,Alimentacion,Altura) VALUES (34,34,34,2,'Elmer','Neophron percnopterus','M',89.02,'herbivoro',3.39);
INSERT INTO Animal(IDAnimal,IDPersona,NumJaula,IDBioma,Nombre,Especie,Sexo,Peso,Alimentacion,Altura) VALUES (35,35,35,3,'Ford','Felis rufus','M',38.34,'omnívoro',2.02);
INSERT INTO Animal(IDAnimal,IDPersona,NumJaula,IDBioma,Nombre,Especie,Sexo,Peso,Alimentacion,Altura) VALUES (36,36,36,4,'Alicea','Lutra canadensis','F',62.3,'carnivoro',3.52);
INSERT INTO Animal(IDAnimal,IDPersona,NumJaula,IDBioma,Nombre,Especie,Sexo,Peso,Alimentacion,Altura) VALUES (37,37,37,5,'Heinrick','Tockus flavirostris','M',32.79,'omnívoro',0.88);
INSERT INTO Animal(IDAnimal,IDPersona,NumJaula,IDBioma,Nombre,Especie,Sexo,Peso,Alimentacion,Altura) VALUES (38,38,38,6,'Liliane','Panthera pardus','F',66.71,'omnívoro',0.19);
INSERT INTO Animal(IDAnimal,IDPersona,NumJaula,IDBioma,Nombre,Especie,Sexo,Peso,Alimentacion,Altura) VALUES (39,39,39,7,'Faustina','Centrocercus urophasianus','F',80.63,'omnívoro',1.35);
INSERT INTO Animal(IDAnimal,IDPersona,NumJaula,IDBioma,Nombre,Especie,Sexo,Peso,Alimentacion,Altura) VALUES (40,40,40,8,'Alva','Platalea leucordia','M',74.94,'omnívoro',1.74);
INSERT INTO Animal(IDAnimal,IDPersona,NumJaula,IDBioma,Nombre,Especie,Sexo,Peso,Alimentacion,Altura) VALUES (41,41,41,1,'Tobe','Chionis alba','M',87.87,'herbivoro',0.93);
INSERT INTO Animal(IDAnimal,IDPersona,NumJaula,IDBioma,Nombre,Especie,Sexo,Peso,Alimentacion,Altura) VALUES (42,42,42,2,'Gaile','Columba palumbus','M',69.69,'herbivoro',1.55);
INSERT INTO Animal(IDAnimal,IDPersona,NumJaula,IDBioma,Nombre,Especie,Sexo,Peso,Alimentacion,Altura) VALUES (43,43,43,3,'Kippy','Dendrocygna viduata','F',83.75,'carnivoro',2.71);
INSERT INTO Animal(IDAnimal,IDPersona,NumJaula,IDBioma,Nombre,Especie,Sexo,Peso,Alimentacion,Altura) VALUES (44,44,44,4,'Gordan','Mephitis mephitis','M',22.62,'herbivoro',1.63);
INSERT INTO Animal(IDAnimal,IDPersona,NumJaula,IDBioma,Nombre,Especie,Sexo,Peso,Alimentacion,Altura) VALUES (45,45,45,5,'Fairleigh','Cervus elaphus','M',55.7,'herbivoro',4.99);
INSERT INTO Animal(IDAnimal,IDPersona,NumJaula,IDBioma,Nombre,Especie,Sexo,Peso,Alimentacion,Altura) VALUES (46,46,46,6,'Claudius','Hippotragus niger','M',89.9,'omnívoro',0.25);
INSERT INTO Animal(IDAnimal,IDPersona,NumJaula,IDBioma,Nombre,Especie,Sexo,Peso,Alimentacion,Altura) VALUES (47,47,47,7,'Alair','Cervus duvauceli','M',67.77,'carnivoro',3.8);
INSERT INTO Animal(IDAnimal,IDPersona,NumJaula,IDBioma,Nombre,Especie,Sexo,Peso,Alimentacion,Altura) VALUES (48,48,48,8,'Cross','Vanellus armatus','M',67.51,'herbivoro',4.76);
INSERT INTO Animal(IDAnimal,IDPersona,NumJaula,IDBioma,Nombre,Especie,Sexo,Peso,Alimentacion,Altura) VALUES (49,49,49,1,'Nissa','Gopherus agassizii','F',65.92,'omnívoro',3.76);
INSERT INTO Animal(IDAnimal,IDPersona,NumJaula,IDBioma,Nombre,Especie,Sexo,Peso,Alimentacion,Altura) VALUES (50,50,50,2,'Lyon','Equus hemionus','M',33.33,'carnivoro',2.66);
INSERT INTO Animal(IDAnimal,IDPersona,NumJaula,IDBioma,Nombre,Especie,Sexo,Peso,Alimentacion,Altura) VALUES (51,51,51,3,'Marcello','Threskionis aethiopicus','M',72.21,'carnivoro',2.98);
INSERT INTO Animal(IDAnimal,IDPersona,NumJaula,IDBioma,Nombre,Especie,Sexo,Peso,Alimentacion,Altura) VALUES (52,52,52,4,'Geordie','Paradoxurus hermaphroditus','M',65.49,'omnívoro',2.56);
INSERT INTO Animal(IDAnimal,IDPersona,NumJaula,IDBioma,Nombre,Especie,Sexo,Peso,Alimentacion,Altura) VALUES (53,53,53,5,'Valerie','Aegypius tracheliotus','F',59.65,'herbivoro',4.17);
INSERT INTO Animal(IDAnimal,IDPersona,NumJaula,IDBioma,Nombre,Especie,Sexo,Peso,Alimentacion,Altura) VALUES (54,54,54,6,'Edgard','Haliaeetus leucoryphus','M',58.57,'herbivoro',4.42);
INSERT INTO Animal(IDAnimal,IDPersona,NumJaula,IDBioma,Nombre,Especie,Sexo,Peso,Alimentacion,Altura) VALUES (55,55,55,7,'Bartie','Lemur catta','M',41.05,'omnívoro',2.45);
INSERT INTO Animal(IDAnimal,IDPersona,NumJaula,IDBioma,Nombre,Especie,Sexo,Peso,Alimentacion,Altura) VALUES (56,56,56,8,'Morgen','Felis silvestris lybica','F',10.61,'omnívoro',2.75);
INSERT INTO Animal(IDAnimal,IDPersona,NumJaula,IDBioma,Nombre,Especie,Sexo,Peso,Alimentacion,Altura) VALUES (57,57,57,1,'Beverlie','Callipepla gambelii','F',18.59,'herbivoro',2.27);
INSERT INTO Animal(IDAnimal,IDPersona,NumJaula,IDBioma,Nombre,Especie,Sexo,Peso,Alimentacion,Altura) VALUES (58,58,58,2,'Sergeant','Sceloporus magister','M',40.34,'carnivoro',4.37);
INSERT INTO Animal(IDAnimal,IDPersona,NumJaula,IDBioma,Nombre,Especie,Sexo,Peso,Alimentacion,Altura) VALUES (59,59,59,3,'Dev','Deroptyus accipitrinus','M',66.42,'herbivoro',1.78);
INSERT INTO Animal(IDAnimal,IDPersona,NumJaula,IDBioma,Nombre,Especie,Sexo,Peso,Alimentacion,Altura) VALUES (60,60,60,4,'Jacintha','Connochaetus taurinus','F',26.99,'omnívoro',1.1);
INSERT INTO Animal(IDAnimal,IDPersona,NumJaula,IDBioma,Nombre,Especie,Sexo,Peso,Alimentacion,Altura) VALUES (61,61,61,5,'Elvera','Columba palumbus','F',30.53,'carnivoro',2.78);
INSERT INTO Animal(IDAnimal,IDPersona,NumJaula,IDBioma,Nombre,Especie,Sexo,Peso,Alimentacion,Altura) VALUES (62,62,62,6,'Janela','Acrobates pygmaeus','F',98.85,'omnívoro',4.93);
INSERT INTO Animal(IDAnimal,IDPersona,NumJaula,IDBioma,Nombre,Especie,Sexo,Peso,Alimentacion,Altura) VALUES (63,63,63,7,'Kirby','Phalacrocorax albiventer','M',73.53,'carnivoro',1.41);
INSERT INTO Animal(IDAnimal,IDPersona,NumJaula,IDBioma,Nombre,Especie,Sexo,Peso,Alimentacion,Altura) VALUES (64,64,64,8,'Eddie','Canis mesomelas','F',13.38,'herbivoro',0.79);
INSERT INTO Animal(IDAnimal,IDPersona,NumJaula,IDBioma,Nombre,Especie,Sexo,Peso,Alimentacion,Altura) VALUES (65,65,65,1,'Kimberly','Threskionis aethiopicus','F',51.15,'carnivoro',1.33);
INSERT INTO Animal(IDAnimal,IDPersona,NumJaula,IDBioma,Nombre,Especie,Sexo,Peso,Alimentacion,Altura) VALUES (66,66,66,2,'Theodor','Mirounga leonina','M',33.63,'carnivoro',3.81);
INSERT INTO Animal(IDAnimal,IDPersona,NumJaula,IDBioma,Nombre,Especie,Sexo,Peso,Alimentacion,Altura) VALUES (67,67,67,3,'Urson','Haliaetus leucogaster','M',47.94,'omnívoro',3.0);
INSERT INTO Animal(IDAnimal,IDPersona,NumJaula,IDBioma,Nombre,Especie,Sexo,Peso,Alimentacion,Altura) VALUES (68,68,68,4,'Evelin','Choloepus hoffmani','M',46.22,'omnívoro',4.05);
INSERT INTO Animal(IDAnimal,IDPersona,NumJaula,IDBioma,Nombre,Especie,Sexo,Peso,Alimentacion,Altura) VALUES (69,69,69,5,'Orella','Naja haje','F',57.25,'omnívoro',4.7);
INSERT INTO Animal(IDAnimal,IDPersona,NumJaula,IDBioma,Nombre,Especie,Sexo,Peso,Alimentacion,Altura) VALUES (70,70,70,6,'Michele','Sitta canadensis','F',45.65,'omnívoro',2.14);
INSERT INTO Animal(IDAnimal,IDPersona,NumJaula,IDBioma,Nombre,Especie,Sexo,Peso,Alimentacion,Altura) VALUES (71,71,71,7,'Teriann','Antechinus flavipes','F',96.52,'carnivoro',3.97);
INSERT INTO Animal(IDAnimal,IDPersona,NumJaula,IDBioma,Nombre,Especie,Sexo,Peso,Alimentacion,Altura) VALUES (72,72,72,8,'Kaylyn','Streptopelia senegalensis','F',12.98,'herbivoro',3.01);
INSERT INTO Animal(IDAnimal,IDPersona,NumJaula,IDBioma,Nombre,Especie,Sexo,Peso,Alimentacion,Altura) VALUES (73,73,73,1,'Garry','Canis lupus','M',62.23,'omnívoro',2.4);
INSERT INTO Animal(IDAnimal,IDPersona,NumJaula,IDBioma,Nombre,Especie,Sexo,Peso,Alimentacion,Altura) VALUES (74,74,74,2,'Thorn','Mycteria leucocephala','M',30.43,'herbivoro',1.39);
INSERT INTO Animal(IDAnimal,IDPersona,NumJaula,IDBioma,Nombre,Especie,Sexo,Peso,Alimentacion,Altura) VALUES (75,75,75,3,'Concettina','Coracias caudata','F',28.99,'herbivoro',3.63);
INSERT INTO Animal(IDAnimal,IDPersona,NumJaula,IDBioma,Nombre,Especie,Sexo,Peso,Alimentacion,Altura) VALUES (76,76,76,4,'Ethelred','Capra ibex','M',86.01,'omnívoro',1.13);
INSERT INTO Animal(IDAnimal,IDPersona,NumJaula,IDBioma,Nombre,Especie,Sexo,Peso,Alimentacion,Altura) VALUES (77,77,77,5,'Wit','Bubalus arnee','M',49.68,'herbivoro',0.44);
INSERT INTO Animal(IDAnimal,IDPersona,NumJaula,IDBioma,Nombre,Especie,Sexo,Peso,Alimentacion,Altura) VALUES (78,78,78,6,'Marlee','Mirounga leonina','F',82.31,'herbivoro',4.29);
INSERT INTO Animal(IDAnimal,IDPersona,NumJaula,IDBioma,Nombre,Especie,Sexo,Peso,Alimentacion,Altura) VALUES (79,79,79,7,'Hunter','Bettongia penicillata','M',65.81,'herbivoro',4.61);
INSERT INTO Animal(IDAnimal,IDPersona,NumJaula,IDBioma,Nombre,Especie,Sexo,Peso,Alimentacion,Altura) VALUES (80,80,80,8,'Pasquale','Spilogale gracilis','M',90.47,'herbivoro',4.39);
INSERT INTO Animal(IDAnimal,IDPersona,NumJaula,IDBioma,Nombre,Especie,Sexo,Peso,Alimentacion,Altura) VALUES (81,81,81,1,'Leontyne','Otaria flavescens','F',88.69,'herbivoro',2.69);
INSERT INTO Animal(IDAnimal,IDPersona,NumJaula,IDBioma,Nombre,Especie,Sexo,Peso,Alimentacion,Altura) VALUES (82,82,82,2,'Coleen','Spermophilus armatus','F',16.05,'omnívoro',2.72);
INSERT INTO Animal(IDAnimal,IDPersona,NumJaula,IDBioma,Nombre,Especie,Sexo,Peso,Alimentacion,Altura) VALUES (83,83,83,3,'Bartholomeo','Meleagris gallopavo','M',60.24,'omnívoro',3.74);
INSERT INTO Animal(IDAnimal,IDPersona,NumJaula,IDBioma,Nombre,Especie,Sexo,Peso,Alimentacion,Altura) VALUES (84,84,84,4,'Shannen','Giraffe camelopardalis','F',48.98,'carnivoro',1.37);
INSERT INTO Animal(IDAnimal,IDPersona,NumJaula,IDBioma,Nombre,Especie,Sexo,Peso,Alimentacion,Altura) VALUES (85,85,85,5,'Crin','Gopherus agassizii','F',72.78,'omnívoro',1.16);
INSERT INTO Animal(IDAnimal,IDPersona,NumJaula,IDBioma,Nombre,Especie,Sexo,Peso,Alimentacion,Altura) VALUES (86,86,86,6,'Dalli','Butorides striatus','M',16.09,'herbivoro',0.03);
INSERT INTO Animal(IDAnimal,IDPersona,NumJaula,IDBioma,Nombre,Especie,Sexo,Peso,Alimentacion,Altura) VALUES (87,87,87,7,'Orella','Cabassous sp.','F',33.17,'herbivoro',3.05);
INSERT INTO Animal(IDAnimal,IDPersona,NumJaula,IDBioma,Nombre,Especie,Sexo,Peso,Alimentacion,Altura) VALUES (88,88,88,8,'Titus','Aonyx capensis','M',39.65,'carnivoro',3.41);
INSERT INTO Animal(IDAnimal,IDPersona,NumJaula,IDBioma,Nombre,Especie,Sexo,Peso,Alimentacion,Altura) VALUES (89,89,89,1,'Carla','Erethizon dorsatum','F',64.83,'herbivoro',4.18);
INSERT INTO Animal(IDAnimal,IDPersona,NumJaula,IDBioma,Nombre,Especie,Sexo,Peso,Alimentacion,Altura) VALUES (90,90,90,2,'Enos','Calyptorhynchus magnificus','M',48.38,'omnívoro',0.17);
INSERT INTO Animal(IDAnimal,IDPersona,NumJaula,IDBioma,Nombre,Especie,Sexo,Peso,Alimentacion,Altura) VALUES (91,91,91,3,'Meier','Microcavia australis','M',80.64,'herbivoro',2.68);
INSERT INTO Animal(IDAnimal,IDPersona,NumJaula,IDBioma,Nombre,Especie,Sexo,Peso,Alimentacion,Altura) VALUES (92,92,92,4,'Paolina','Trachyphonus vaillantii','F',59.28,'carnivoro',1.86);
INSERT INTO Animal(IDAnimal,IDPersona,NumJaula,IDBioma,Nombre,Especie,Sexo,Peso,Alimentacion,Altura) VALUES (93,93,93,5,'Jonathan','Canis lupus','M',94.83,'herbivoro',2.89);
INSERT INTO Animal(IDAnimal,IDPersona,NumJaula,IDBioma,Nombre,Especie,Sexo,Peso,Alimentacion,Altura) VALUES (94,94,94,6,'Kass','Parus atricapillus','F',99.62,'herbivoro',3.33);
INSERT INTO Animal(IDAnimal,IDPersona,NumJaula,IDBioma,Nombre,Especie,Sexo,Peso,Alimentacion,Altura) VALUES (95,95,95,7,'Carlina','Uraeginthus angolensis','F',46.06,'herbivoro',1.34);
INSERT INTO Animal(IDAnimal,IDPersona,NumJaula,IDBioma,Nombre,Especie,Sexo,Peso,Alimentacion,Altura) VALUES (96,96,96,8,'Farlie','Cochlearius cochlearius','M',67.91,'carnivoro',3.2);
INSERT INTO Animal(IDAnimal,IDPersona,NumJaula,IDBioma,Nombre,Especie,Sexo,Peso,Alimentacion,Altura) VALUES (97,97,97,1,'Cliff','Paradoxurus hermaphroditus','M',38.84,'carnivoro',0.4);
INSERT INTO Animal(IDAnimal,IDPersona,NumJaula,IDBioma,Nombre,Especie,Sexo,Peso,Alimentacion,Altura) VALUES (98,98,98,2,'Bryn','Naja haje','M',82.1,'herbivoro',1.66);
INSERT INTO Animal(IDAnimal,IDPersona,NumJaula,IDBioma,Nombre,Especie,Sexo,Peso,Alimentacion,Altura) VALUES (99,99,99,3,'Correy','Nycticorax nycticorax','M',42.39,'herbivoro',3.21);
INSERT INTO Animal(IDAnimal,IDPersona,NumJaula,IDBioma,Nombre,Especie,Sexo,Peso,Alimentacion,Altura) VALUES (100,100,100,4,'Wood','Myiarchus tuberculifer','M',81.58,'carnivoro',3.97);

INSERT INTO TelefonoVeterinario(IDPersona,Telefono) VALUES (1,5541862449);
INSERT INTO TelefonoVeterinario(IDPersona,Telefono) VALUES (2,5501385567);
INSERT INTO TelefonoVeterinario(IDPersona,Telefono) VALUES (3,5510146400);
INSERT INTO TelefonoVeterinario(IDPersona,Telefono) VALUES (4,5569190666);
INSERT INTO TelefonoVeterinario(IDPersona,Telefono) VALUES (5,5519865531);
INSERT INTO TelefonoVeterinario(IDPersona,Telefono) VALUES (6,5594513683);
INSERT INTO TelefonoVeterinario(IDPersona,Telefono) VALUES (7,5535664143);
INSERT INTO TelefonoVeterinario(IDPersona,Telefono) VALUES (8,5520637059);
INSERT INTO TelefonoVeterinario(IDPersona,Telefono) VALUES (9,5598348426);
INSERT INTO TelefonoVeterinario(IDPersona,Telefono) VALUES (10,5550054618);
INSERT INTO TelefonoVeterinario(IDPersona,Telefono) VALUES (11,5504995065);
INSERT INTO TelefonoVeterinario(IDPersona,Telefono) VALUES (12,5549299392);
INSERT INTO TelefonoVeterinario(IDPersona,Telefono) VALUES (13,5564151411);
INSERT INTO TelefonoVeterinario(IDPersona,Telefono) VALUES (14,5501279594);
INSERT INTO TelefonoVeterinario(IDPersona,Telefono) VALUES (15,5521015372);
INSERT INTO TelefonoVeterinario(IDPersona,Telefono) VALUES (16,5532135959);
INSERT INTO TelefonoVeterinario(IDPersona,Telefono) VALUES (17,5591405822);
INSERT INTO TelefonoVeterinario(IDPersona,Telefono) VALUES (18,5562483565);
INSERT INTO TelefonoVeterinario(IDPersona,Telefono) VALUES (19,5500269821);
INSERT INTO TelefonoVeterinario(IDPersona,Telefono) VALUES (20,5538187616);
INSERT INTO TelefonoVeterinario(IDPersona,Telefono) VALUES (21,5510075708);
INSERT INTO TelefonoVeterinario(IDPersona,Telefono) VALUES (22,5524677648);
INSERT INTO TelefonoVeterinario(IDPersona,Telefono) VALUES (23,5515485885);
INSERT INTO TelefonoVeterinario(IDPersona,Telefono) VALUES (24,5588572432);
INSERT INTO TelefonoVeterinario(IDPersona,Telefono) VALUES (25,5589573889);
INSERT INTO TelefonoVeterinario(IDPersona,Telefono) VALUES (26,5542202359);
INSERT INTO TelefonoVeterinario(IDPersona,Telefono) VALUES (27,5577627118);
INSERT INTO TelefonoVeterinario(IDPersona,Telefono) VALUES (28,5506372236);
INSERT INTO TelefonoVeterinario(IDPersona,Telefono) VALUES (29,5588387203);
INSERT INTO TelefonoVeterinario(IDPersona,Telefono) VALUES (30,5500679082);
INSERT INTO TelefonoVeterinario(IDPersona,Telefono) VALUES (31,5591393024);
INSERT INTO TelefonoVeterinario(IDPersona,Telefono) VALUES (32,5552184473);
INSERT INTO TelefonoVeterinario(IDPersona,Telefono) VALUES (33,5596230724);
INSERT INTO TelefonoVeterinario(IDPersona,Telefono) VALUES (34,5583366946);
INSERT INTO TelefonoVeterinario(IDPersona,Telefono) VALUES (35,5580817898);
INSERT INTO TelefonoVeterinario(IDPersona,Telefono) VALUES (36,5538692788);
INSERT INTO TelefonoVeterinario(IDPersona,Telefono) VALUES (37,5503727376);
INSERT INTO TelefonoVeterinario(IDPersona,Telefono) VALUES (38,5558420346);
INSERT INTO TelefonoVeterinario(IDPersona,Telefono) VALUES (39,5531904968);
INSERT INTO TelefonoVeterinario(IDPersona,Telefono) VALUES (40,5532276603);
INSERT INTO TelefonoVeterinario(IDPersona,Telefono) VALUES (41,5558712198);
INSERT INTO TelefonoVeterinario(IDPersona,Telefono) VALUES (42,5544474150);
INSERT INTO TelefonoVeterinario(IDPersona,Telefono) VALUES (43,5533556335);
INSERT INTO TelefonoVeterinario(IDPersona,Telefono) VALUES (44,5557552624);
INSERT INTO TelefonoVeterinario(IDPersona,Telefono) VALUES (45,5559608756);
INSERT INTO TelefonoVeterinario(IDPersona,Telefono) VALUES (46,5546761189);
INSERT INTO TelefonoVeterinario(IDPersona,Telefono) VALUES (47,5553158593);
INSERT INTO TelefonoVeterinario(IDPersona,Telefono) VALUES (48,5540187694);
INSERT INTO TelefonoVeterinario(IDPersona,Telefono) VALUES (49,5546055439);
INSERT INTO TelefonoVeterinario(IDPersona,Telefono) VALUES (50,5515054609);
INSERT INTO TelefonoVeterinario(IDPersona,Telefono) VALUES (51,5578396968);
INSERT INTO TelefonoVeterinario(IDPersona,Telefono) VALUES (52,5511918869);
INSERT INTO TelefonoVeterinario(IDPersona,Telefono) VALUES (53,5588269053);
INSERT INTO TelefonoVeterinario(IDPersona,Telefono) VALUES (54,5518812549);
INSERT INTO TelefonoVeterinario(IDPersona,Telefono) VALUES (55,5588046499);
INSERT INTO TelefonoVeterinario(IDPersona,Telefono) VALUES (56,5580267602);
INSERT INTO TelefonoVeterinario(IDPersona,Telefono) VALUES (57,5551223401);
INSERT INTO TelefonoVeterinario(IDPersona,Telefono) VALUES (58,5578803021);
INSERT INTO TelefonoVeterinario(IDPersona,Telefono) VALUES (59,5557079598);
INSERT INTO TelefonoVeterinario(IDPersona,Telefono) VALUES (60,5522981468);
INSERT INTO TelefonoVeterinario(IDPersona,Telefono) VALUES (61,5590401333);
INSERT INTO TelefonoVeterinario(IDPersona,Telefono) VALUES (62,5585621206);
INSERT INTO TelefonoVeterinario(IDPersona,Telefono) VALUES (63,5547560308);
INSERT INTO TelefonoVeterinario(IDPersona,Telefono) VALUES (64,5555499383);
INSERT INTO TelefonoVeterinario(IDPersona,Telefono) VALUES (65,5546823536);
INSERT INTO TelefonoVeterinario(IDPersona,Telefono) VALUES (66,5507422325);
INSERT INTO TelefonoVeterinario(IDPersona,Telefono) VALUES (67,5582319834);
INSERT INTO TelefonoVeterinario(IDPersona,Telefono) VALUES (68,5542444664);
INSERT INTO TelefonoVeterinario(IDPersona,Telefono) VALUES (69,5561979420);
INSERT INTO TelefonoVeterinario(IDPersona,Telefono) VALUES (70,5582755918);
INSERT INTO TelefonoVeterinario(IDPersona,Telefono) VALUES (71,5501789335);
INSERT INTO TelefonoVeterinario(IDPersona,Telefono) VALUES (72,5541919987);
INSERT INTO TelefonoVeterinario(IDPersona,Telefono) VALUES (73,5514212555);
INSERT INTO TelefonoVeterinario(IDPersona,Telefono) VALUES (74,5529667252);
INSERT INTO TelefonoVeterinario(IDPersona,Telefono) VALUES (75,5508581059);
INSERT INTO TelefonoVeterinario(IDPersona,Telefono) VALUES (76,5568518705);
INSERT INTO TelefonoVeterinario(IDPersona,Telefono) VALUES (77,5543452458);
INSERT INTO TelefonoVeterinario(IDPersona,Telefono) VALUES (78,5591739746);
INSERT INTO TelefonoVeterinario(IDPersona,Telefono) VALUES (79,5535238240);
INSERT INTO TelefonoVeterinario(IDPersona,Telefono) VALUES (80,5554181138);
INSERT INTO TelefonoVeterinario(IDPersona,Telefono) VALUES (81,5597598729);
INSERT INTO TelefonoVeterinario(IDPersona,Telefono) VALUES (82,5565503261);
INSERT INTO TelefonoVeterinario(IDPersona,Telefono) VALUES (83,5599057653);
INSERT INTO TelefonoVeterinario(IDPersona,Telefono) VALUES (84,5547173309);
INSERT INTO TelefonoVeterinario(IDPersona,Telefono) VALUES (85,5543015734);
INSERT INTO TelefonoVeterinario(IDPersona,Telefono) VALUES (86,5551600304);
INSERT INTO TelefonoVeterinario(IDPersona,Telefono) VALUES (87,5562778639);
INSERT INTO TelefonoVeterinario(IDPersona,Telefono) VALUES (88,5532660425);
INSERT INTO TelefonoVeterinario(IDPersona,Telefono) VALUES (89,5586729970);
INSERT INTO TelefonoVeterinario(IDPersona,Telefono) VALUES (90,5586857636);
INSERT INTO TelefonoVeterinario(IDPersona,Telefono) VALUES (91,5503908944);
INSERT INTO TelefonoVeterinario(IDPersona,Telefono) VALUES (92,5515852876);
INSERT INTO TelefonoVeterinario(IDPersona,Telefono) VALUES (93,5573302990);
INSERT INTO TelefonoVeterinario(IDPersona,Telefono) VALUES (94,5592494175);
INSERT INTO TelefonoVeterinario(IDPersona,Telefono) VALUES (95,5572495820);
INSERT INTO TelefonoVeterinario(IDPersona,Telefono) VALUES (96,5598887423);
INSERT INTO TelefonoVeterinario(IDPersona,Telefono) VALUES (97,5502982376);
INSERT INTO TelefonoVeterinario(IDPersona,Telefono) VALUES (98,5559940218);
INSERT INTO TelefonoVeterinario(IDPersona,Telefono) VALUES (99,5519916257);
INSERT INTO TelefonoVeterinario(IDPersona,Telefono) VALUES (100,5590720216);
